time,latitude,longitude,depth,mag,magType,nst,gap,dmin,rms,net,id,updated,place,type,horizontalError,depthError,magError,magNst,status,locationSource,magSource
2017-12-29T16:19:14.310Z,26.6901,96.1232,76.88,4.7,mb,,55,2.952,0.92,us,us1000bxqd,2018-03-17T01:54:38.040Z,"66 km ESE of Khonsa, India",earthquake,7.6,7.2,0.06,83,reviewed,us,us
2017-12-28T20:23:34.350Z,22.0556,94.4044,85.37,5,mww,,48,0.946,0.81,us,us1000bx9g,2025-12-22T17:29:32.236Z,"75 km W of Monywa, Myanmar",earthquake,6.5,4.7,0.073,18,reviewed,us,us
2017-12-27T18:12:31.130Z,24.914,96.4579,55.03,4.2,mb,,123,2.079,0.92,us,us1000bws7,2018-03-17T01:54:36.040Z,"107 km NW of Bhamo, Myanmar",earthquake,6.6,9.7,0.146,13,reviewed,us,us
2017-12-23T20:42:01.700Z,25.107,96.4527,10,4.2,mb,,89,2.144,0.6,us,us1000bvfh,2018-03-14T00:58:27.040Z,"99 km WSW of Myitkyina, Myanmar",earthquake,5.7,1.9,0.141,14,reviewed,us,us
2017-12-23T15:45:00.470Z,23.4302,94.6812,111.27,4.6,mb,,93,0.868,0.79,us,us1000bve1,2018-03-14T00:58:27.040Z,"36 km SE of Mawlaik, Myanmar",earthquake,6,6,0.081,46,reviewed,us,us
2017-12-17T06:20:41.840Z,27.6391,94.2556,15.94,4.6,mb,,113,2.979,0.65,us,us2000c5d1,2022-08-07T22:16:15.784Z,"36 km WNW of Dhem?ji, India",earthquake,5.2,4.9,0.087,40,reviewed,us,us
2017-12-11T03:35:13.720Z,25.725,90.8605,10,4.6,mb,,80,0.912,0.94,us,us2000c2rj,2022-08-07T22:07:12.107Z,"46 km WNW of Nongstoin, India",earthquake,5.7,1.9,0.078,49,reviewed,us,us
2017-12-09T11:02:34.040Z,25.6097,96.3486,10,4.4,mb,,97,2.312,0.89,us,us2000c2cj,2018-02-28T02:32:34.040Z,"80 km SW of Sarupathar, India",earthquake,5.4,1.8,0.123,19,reviewed,us,us
2017-12-05T15:50:58.340Z,24.5413,94.6672,80.12,4.3,mb,,90,0.456,0.53,us,us2000c3h8,2018-02-28T02:32:27.040Z,"61 km E of W?ngjing, India",earthquake,10.9,7.8,0.092,34,reviewed,us,us
2017-12-05T02:24:15.820Z,26.609,96.3627,89.32,4.2,mb,,75,3.015,0.77,us,us2000c3gs,2018-02-28T02:32:26.040Z,"63 km NW of Sarupathar, India",earthquake,9.9,5.2,0.089,35,reviewed,us,us
2017-12-03T09:47:14.290Z,22.3606,94.5037,96.76,4.7,mb,,89,0.881,0.83,us,us1000bkj3,2022-08-07T21:51:51.545Z,"70 km WNW of Monywa, Myanmar",earthquake,6.7,6.6,0.076,52,reviewed,us,us
2017-12-02T23:43:44.930Z,27.2856,88.0806,10,4.2,mb,,146,3.604,0.77,us,us1000bkfr,2018-02-20T09:06:12.040Z,"17 km W of Gyalshing, India",earthquake,9.5,1.9,0.098,29,reviewed,us,us
2017-11-20T08:48:02.250Z,23.6935,94.543,97.19,4.9,mb,,56,0.578,0.89,us,us2000brrl,2018-02-14T02:01:06.040Z,"15 km ENE of Mawlaik, Myanmar",earthquake,7.8,7.2,0.101,31,reviewed,us,us
2017-11-08T04:50:51.960Z,24.0923,91.2855,29.51,4.9,mb,,69,1.446,0.76,us,us2000bk8n,2022-08-07T20:57:44.126Z,"28 km N of Agartala, India",earthquake,4,4.4,0.057,96,reviewed,us,us
2017-10-13T01:32:43.410Z,22.6636,94.6071,117.22,4.1,mb,,111,0.931,0.91,us,us1000aul4,2018-01-09T02:14:57.040Z,"82 km NW of Monywa, Myanmar",earthquake,7.4,7.5,0.14,14,reviewed,us,us
2017-10-03T13:48:34.400Z,25.0388,94.7337,77.48,4.5,mb,,72,0.897,0.86,us,us2000b0gm,2018-01-03T01:54:44.040Z,"73 km SSE of Phek, India",earthquake,4.1,7,0.09,36,reviewed,us,us
2017-10-01T12:18:17.300Z,28.6799,96.3197,34.7,4,mb,,118,4.653,0.8,us,us2000b22r,2018-01-03T01:54:41.040Z,"70 km NNW of Hayuliang, India",earthquake,8,5.9,0.156,11,reviewed,us,us
2017-09-21T16:34:33.230Z,24.9962,94.8861,84.2,4.4,mb,,48,0.931,0.57,us,us2000asj3,2017-12-19T01:54:10.040Z,"83 km SSE of Phek, India",earthquake,6.5,6.7,0.105,27,reviewed,us,us
2017-09-11T13:34:39.580Z,22.421,94.7,111.08,4.2,mb,,147,1.041,0.94,us,us2000ar0x,2017-12-13T02:29:38.040Z,"56 km NW of Monywa, Myanmar",earthquake,9.4,9.4,0.235,8,reviewed,us,us
2017-09-07T14:32:03.630Z,25.275,90.2279,36.67,4.1,mb,,172,1.5,1.33,us,us2000ahj3,2022-08-07T16:42:47.259Z,"26 km S of Tura, India",earthquake,10.6,8.8,0.175,9,reviewed,us,us
2017-08-23T17:21:17.480Z,22.4087,94.6127,109.87,4,mb,,138,0.965,1.25,us,us2000abs2,2017-11-22T03:43:30.040Z,"63 km WNW of Monywa, Myanmar",earthquake,4.4,8.7,0.173,9,reviewed,us,us
2017-08-21T00:45:19.650Z,23.4984,94.4598,89.38,4,mb,,145,0.742,1.17,us,us2000abnb,2017-11-22T03:43:26.040Z,"16 km SSE of Mawlaik, Myanmar",earthquake,5.8,7.8,0.52,1,reviewed,us,us
2017-08-17T07:38:33.100Z,25.8288,94.5263,61.1,4.6,mb,,74,1.605,1.12,us,us2000a90q,2022-08-07T14:57:39.710Z,"15 km S of Zunheboto, India",earthquake,8.3,8.9,0.119,21,reviewed,us,us
2017-08-08T00:35:38.010Z,24.3109,93.5456,62.84,4.2,mb,,74,0.693,0.43,us,us2000a7bq,2017-10-25T00:38:02.040Z,"12 km WSW of Chur?ch?ndpur, India",earthquake,3.5,8.8,0.128,17,reviewed,us,us
2017-08-02T18:18:08.620Z,24.3214,93.6199,53.23,5.1,mww,,41,0.627,0.92,us,us2000a3r9,2022-08-07T13:38:17.575Z,"5 km WSW of Chur?ch?ndpur, India",earthquake,6.2,5,0.103,9,reviewed,us,us
2017-07-25T09:09:01.960Z,23.3761,90.7422,10,4.4,mb,,149,1.082,0.73,us,us2000a27x,2017-10-14T00:19:39.040Z,"17 km NW of H?j?ganj, Bangladesh",earthquake,5.4,1.9,0.161,11,reviewed,us,us
2017-07-22T20:06:47.850Z,25.1098,94.8989,68.66,4,mb,,157,1.031,0.97,us,us2000a1ps,2017-10-11T01:04:03.040Z,"73 km SSE of Phek, India",earthquake,9.7,8,0.173,9,reviewed,us,us
2017-07-21T00:23:42.350Z,24.1789,92.2002,38.77,4.4,mb,,164,1.416,1.01,us,us2000a1bp,2022-08-07T13:26:17.269Z,"21 km S of Dharmanagar, India",earthquake,6.1,11.3,0.203,7,reviewed,us,us
2017-07-17T20:20:25.590Z,24.8683,95.1618,122.77,4.3,mb,,152,1.009,1.12,us,us20009z1c,2017-10-11T01:03:51.040Z,"110 km SE of Phek, India",earthquake,5.9,10.2,0.161,11,reviewed,us,us
2017-07-15T21:13:58.670Z,22.832,95.9721,9.04,4.2,mb,,135,0.822,0.59,us,us20009yf2,2017-10-06T23:56:20.040Z,"40 km NE of Shwebo, Myanmar",earthquake,5.8,6.9,0.216,6,reviewed,us,us
2017-07-13T05:03:31.770Z,23.5329,94.5573,89.22,4.8,mb,,70,0.732,0.58,us,us20009vw9,2017-10-06T23:56:16.040Z,"19 km SE of Mawlaik, Myanmar",earthquake,6.1,6.4,0.088,40,reviewed,us,us
2017-07-09T07:59:49.770Z,29.0249,95.7052,19.48,4.5,mb,,74,4.052,0.56,us,us100098ci,2017-10-06T23:56:10.040Z,"112 km NNE of P?sigh?t, India",earthquake,8.2,5.1,0.089,37,reviewed,us,us
2017-07-02T05:27:45.280Z,24.3592,94.7001,83.62,4.9,mb,,45,0.386,0.67,us,us100095u3,2017-10-03T00:47:44.040Z,"69 km ESE of W?ngjing, India",earthquake,3.9,5.1,0.07,64,reviewed,us,us
2017-07-01T07:01:14.640Z,23.8429,94.7107,89.67,4.6,mb,,80,0.537,1.22,us,us100095q4,2017-09-27T02:03:21.040Z,"38 km NE of Mawlaik, Myanmar",earthquake,6.5,6.2,0.085,41,reviewed,us,us
2017-06-27T09:37:36.890Z,23.974,94.7144,93.17,4.4,mb,,144,0.456,0.73,us,us100096qp,2017-09-27T02:03:15.040Z,"48 km NE of Mawlaik, Myanmar",earthquake,8.5,6.1,0.179,9,reviewed,us,us
2017-06-20T08:50:40.090Z,23.0408,94.4765,94.73,4.6,mb,,147,1.194,0.57,us,us20009pbi,2017-08-23T16:35:49.040Z,"67 km S of Mawlaik, Myanmar",earthquake,7.4,11.1,0.173,10,reviewed,us,us
2017-06-18T22:35:46.460Z,24.6306,93.9674,21.47,4.6,mb,,89,0.501,0.63,us,us20009nhw,2017-08-23T16:35:44.040Z,"3 km WSW of Thoub?l, India",earthquake,6,5.9,0.071,59,reviewed,us,us
2017-06-09T11:48:06.920Z,25.2784,95.1091,92.06,4.6,mb,,68,1.277,0.99,us,us20009mr4,2017-08-16T02:42:21.040Z,"74 km SE of Phek, India",earthquake,4.8,8.8,0.146,14,reviewed,us,us
2017-06-03T02:42:58.150Z,24.7698,95.1741,108.98,4.1,mb,,69,0.96,0.78,us,us20009kft,2017-08-15T02:26:52.040Z,"114 km E of W?ngjing, India",earthquake,8.1,10.9,0.14,14,reviewed,us,us
2017-05-29T15:36:53.250Z,23.2203,94.9352,107.23,4.1,mb,,102,1.161,0.53,us,us20009j94,2017-08-15T02:26:46.040Z,"71 km SE of Mawlaik, Myanmar",earthquake,5,9.1,0.131,16,reviewed,us,us
2017-05-24T03:16:29.050Z,27.5189,90.1818,28.39,4.4,mb,,126,2.329,0.72,us,us10008wn2,2017-08-10T01:34:00.040Z,"28 km E of Wangdue Phodrang, Bhutan",earthquake,8.2,6.7,0.102,28,reviewed,us,us
2017-05-16T22:13:19.060Z,27.3266,88.1714,10,4.2,mb,,164,3.739,0.62,us,us10008udz,2017-08-05T03:32:09.040Z,"9 km WNW of Gyalshing, India",earthquake,5.5,1.9,0.107,24,reviewed,us,us
2017-05-06T14:48:51.480Z,23.9172,93.9828,68.35,4.3,mb,,103,0.425,0.85,us,us10008q3v,2017-07-29T03:16:25.040Z,"52 km NW of Mawlaik, Myanmar",earthquake,5.2,5.8,0.094,32,reviewed,us,us
2017-04-25T16:14:55.930Z,25.6263,90.8833,31.19,4.3,mb,,154,0.88,0.71,us,us10008na7,2017-07-21T02:32:06.040Z,"40 km WNW of Nongstoin, India",earthquake,8.2,5.8,0.111,23,reviewed,us,us
2017-04-18T14:01:34.540Z,25.0632,91.6394,34.06,4.5,mb,,129,0.538,1.29,us,us10008n34,2017-07-11T01:48:36.040Z,"4 km NW of Chh?tak, Bangladesh",earthquake,5.5,6.9,0.163,11,reviewed,us,us
2017-03-26T21:42:11.940Z,27.1419,88.5534,24.39,4.5,mb,,116,2.934,0.81,us,us20008uvs,2017-06-16T23:07:58.040Z,"4 km SSE of Rangpo, India",earthquake,6.6,5.5,0.069,62,reviewed,us,us
2017-03-25T02:05:56.400Z,25.0469,95.0201,104,4.5,mb,,110,1.044,0.91,us,us20008uhk,2017-06-12T19:46:56.040Z,"86 km SE of Phek, India",earthquake,5.9,5.4,0.088,38,reviewed,us,us
2017-03-21T15:40:45.410Z,25.3798,92.5623,34.67,4.4,mb,,98,0.665,1.36,us,us20008vc0,2017-06-12T19:46:52.040Z,"51 km WNW of H?flong, India",earthquake,3.5,5.8,0.19,8,reviewed,us,us
2017-03-14T16:39:56.790Z,27.2997,96.7901,54.22,4.4,mb,,116,3.792,0.77,us,us100088wt,2017-06-07T00:33:39.040Z,"89 km SSE of Hayuliang, India",earthquake,7.8,8.7,0.127,18,reviewed,us,us
2017-03-09T02:55:11.360Z,24.7062,94.5703,69.71,4.7,mb,,101,0.534,0.72,us,us100087vi,2017-05-31T01:58:59.040Z,"52 km ENE of W?ngjing, India",earthquake,7.5,3.6,0.142,15,reviewed,us,us
2017-03-07T10:28:56.500Z,26.9162,89.1143,10,4,mb,,138,2.805,1.03,us,us100087jx,2017-05-31T01:58:56.040Z,"2 km NE of Samtse, Bhutan",earthquake,6.2,1.9,0.133,15,reviewed,us,us
2017-03-06T21:30:06.950Z,25.1149,95.1428,89.95,4.3,mb,,109,1.168,0.67,us,us100087d0,2017-05-31T01:58:56.040Z,"88 km SE of Phek, India",earthquake,7.5,10.2,0.113,22,reviewed,us,us
2017-03-04T02:11:53.820Z,25.1865,94.6658,74.07,5.1,mb,,27,1.009,0.95,us,us100086x4,2025-12-22T17:32:58.366Z,"55 km SSE of Phek, India",earthquake,6.5,5.1,0.042,181,reviewed,us,us
2017-03-03T23:30:03.100Z,24.8454,94.5486,65.83,4.1,mb,,66,0.653,0.57,us,us100086vs,2017-05-24T02:48:15.040Z,"53 km ENE of Yairipok, India",earthquake,7.4,7.6,0.127,17,reviewed,us,us
2017-02-24T12:02:50.650Z,24.0437,93.4825,59.8,5,mb,,43,0.769,0.81,us,us20008m0e,2022-05-03T18:11:40.054Z,"37 km SSW of Chur?ch?ndpur, India",earthquake,5.1,5,0.048,137,reviewed,us,us
2017-02-12T04:05:33.570Z,25.548,91.1035,36.94,4.4,mb,,66,0.68,0.66,us,us20008j9t,2017-05-13T01:03:17.040Z,"16 km WNW of Nongstoin, India",earthquake,4.6,8,0.102,28,reviewed,us,us
2017-02-08T20:46:16.710Z,22.5372,94.7713,121,4.5,mb,,63,1.088,0.99,us,us20008ik6,2017-05-09T01:24:31.040Z,"60 km NW of Monywa, Myanmar",earthquake,6.5,6.6,0.085,40,reviewed,us,us
2017-01-29T21:36:08.190Z,25.9321,96.4968,41.14,4.5,mb,,71,2.615,0.59,us,us10007w3d,2017-04-27T01:38:37.040Z,"43 km SW of Sarupathar, India",earthquake,8.2,7.3,0.081,45,reviewed,us,us
2017-01-24T12:25:38.780Z,25.6419,91.8799,35,4.3,mb,,115,0.077,1.08,us,us20008ih1,2017-04-19T18:30:58.040Z,"8 km N of Shillong, India",earthquake,14.2,2,0.177,9,reviewed,us,us
2017-01-19T19:18:36.830Z,28.1784,92.6836,40.21,4.1,mb,,104,2.041,0.8,us,us10007u64,2017-04-12T02:29:01.040Z,"100 km NE of Tawang, India",earthquake,5.8,9.7,0.127,17,reviewed,us,us
2017-01-19T09:59:42.490Z,28.9824,88.2848,10,4.1,mb,,161,2.583,1.02,us,us20008hc9,2017-04-12T02:29:01.040Z,"65 km WSW of Rikaze, China",earthquake,6.8,1.9,0.13,16,reviewed,us,us
2017-01-18T03:03:21.970Z,24.559,94.5655,63,4.5,mb,,58,0.407,0.92,us,us10007tuu,2017-04-12T02:29:00.040Z,"50 km E of W?ngjing, India",earthquake,7.7,6,0.113,23,reviewed,us,us
2017-01-12T09:32:08.120Z,26.4049,95.364,68.8,4.5,mb,,84,2.37,1.01,us,us10007ssz,2017-04-01T00:26:10.040Z,"47 km SE of Mon, India",earthquake,7.4,7.3,0.093,34,reviewed,us,us
2017-01-04T14:28:07.760Z,22.9682,94.7422,123.35,4.6,mb,,69,1.103,0.68,us,us10007pp8,2017-03-27T23:53:22.040Z,"82 km SSE of Mawlaik, Myanmar",earthquake,6.5,6.8,0.103,28,reviewed,us,us
2017-01-04T12:41:18.010Z,22.8948,96.0688,13,4.2,mb,,87,0.875,0.56,us,us10007ugg,2017-03-27T23:53:22.040Z,"45 km W of Mogok, Myanmar",earthquake,5.1,2.7,0.175,9,reviewed,us,us
2017-01-03T19:32:26.800Z,27.9089,93.8486,18.03,4.4,mb,,76,2.935,0.79,us,us10007ud9,2017-03-27T23:53:20.040Z,"34 km N of Ziro, India",earthquake,8,4,0.075,51,reviewed,us,us
2017-01-03T18:49:53.560Z,23.3168,94.5035,88.62,5.1,mb,,46,0.927,0.94,us,us10007phv,2025-12-22T17:32:48.054Z,"37 km SSE of Mawlaik, Myanmar",earthquake,4.7,4.9,0.044,170,reviewed,us,us
2017-01-03T09:09:02.080Z,24.0151,92.0177,32,5.7,mww,,20,1.375,0.86,us,us10007pfk,2022-05-03T18:56:46.324Z,"18 km ENE of ?mb?sa, India",earthquake,6.7,1.8,0.071,19,reviewed,us,us
2016-12-26T17:25:42.030Z,22.763,94.5877,104.09,4.2,mb,,125,0.92,0.79,us,us10007mx7,2017-03-23T22:52:04.040Z,"91 km NW of Monywa, Myanmar",earthquake,6.5,6.2,0.187,8,reviewed,us,us
2016-12-15T03:44:13.010Z,22.7969,94.5033,97.7,4.3,mb,,125,0.848,0.94,us,us200080xi,2017-03-09T02:14:31.040Z,"85 km E of Falam, Myanmar",earthquake,6.2,9.3,0.126,18,reviewed,us,us
2016-12-11T20:32:32.210Z,23.146,94.5533,89.75,4.4,mb,,122,1.012,0.81,us,us2000801f,2017-03-09T02:14:28.040Z,"57 km SSE of Mawlaik, Myanmar",earthquake,6.5,5.1,0.114,22,reviewed,us,us
2016-12-08T09:32:56.890Z,24.6052,94.8888,99.72,4.3,mb,,178,0.654,1.07,us,us20007z4c,2017-03-03T07:06:08.040Z,"83 km E of W?ngjing, India",earthquake,11.1,6.8,0.238,5,reviewed,us,us
2016-12-08T07:46:22.410Z,23.447,94.8822,35.56,4.6,mb,,67,0.943,0.45,us,us20007z3m,2017-03-03T07:06:08.040Z,"53 km ESE of Mawlaik, Myanmar",earthquake,5.7,10.3,0.106,27,reviewed,us,us
2016-11-15T02:10:21.120Z,24.6475,92.3284,32.42,4.6,mb,,72,1.01,0.76,us,us1000781i,2017-02-09T03:02:28.040Z,"23 km W of Hail?k?ndi, India",earthquake,6.4,4.9,0.083,44,reviewed,us,us
2016-10-26T06:29:09.950Z,23.1261,92.8708,50.3,4.7,mb,,68,0.826,0.61,us,us20007gsu,2017-01-20T00:31:07.040Z,"18 km S of Serchh?p, India",earthquake,5.6,8,0.097,32,reviewed,us,us
2016-10-26T02:21:58.690Z,22.899,94.6,107.88,4.9,mb,,31,0.958,0.77,us,us20007grv,2017-01-20T00:31:07.040Z,"84 km SSE of Mawlaik, Myanmar",earthquake,6,4.3,0.051,119,reviewed,us,us
2016-10-23T15:56:41.960Z,26.0659,90.2619,24.31,4.6,mb,,127,1.52,0.7,us,us20007g8h,2017-01-20T00:31:03.040Z,"5 km NW of Lakhipur, India",earthquake,9.6,6.3,0.088,38,reviewed,us,us
2016-10-19T07:20:49.170Z,24.7872,91.2146,29.79,4.4,mb,,139,0.969,0.83,us,us20007fac,2022-08-07T11:20:20.132Z,"33 km NNW of Baniachang, Bangladesh",earthquake,6.3,5.4,0.123,19,reviewed,us,us
2016-10-11T17:41:01.150Z,24.8275,96.2738,26.73,4.6,mb,,75,1.893,0.92,us,us20007d97,2017-01-07T00:20:50.040Z,"116 km WNW of Bhamo, Myanmar",earthquake,7.4,3.3,0.077,50,reviewed,us,us
2016-10-11T07:30:14.280Z,25.2519,95.0006,95.33,4.7,mb,,57,1.2,1.08,us,us20007d7h,2017-01-07T00:20:50.040Z,"68 km SE of Phek, India",earthquake,5.6,7.2,0.083,44,reviewed,us,us
2016-10-09T00:08:40.980Z,22.3856,93.8353,51.54,4.4,mb,,144,0.335,0.66,us,us20007e4n,2017-01-07T00:20:47.040Z,"36 km SE of Hakha, Myanmar",earthquake,5.1,6.7,0.218,6,reviewed,us,us
2016-10-07T19:28:41.000Z,23.1834,94.1855,37.84,4.5,mb,,87,0.763,0.49,us,us20007dvz,2017-01-07T00:20:45.040Z,"55 km SSW of Mawlaik, Myanmar",earthquake,3.2,7.7,0.095,33,reviewed,us,us
2016-10-06T14:47:57.210Z,26.443,92.773,56.85,4.3,mb,,129,2.601,0.41,us,us20007dug,2017-01-03T21:10:47.040Z,"21 km S of Tezpur, India",earthquake,12,10.5,0.137,15,reviewed,us,us
2016-09-22T13:23:43.950Z,25.2601,95.6127,141.47,4.6,mb,,57,1.573,0.95,us,us10006rn5,2016-12-12T23:01:37.040Z,"120 km ESE of Phek, India",earthquake,8.9,8.4,0.097,32,reviewed,us,us
2016-09-17T02:46:23.340Z,24.368,93.9151,63.47,4.3,mb,,83,0.377,0.88,us,us10006sux,2016-12-12T23:01:26.040Z,"15 km SSW of Kakching, India",earthquake,6.3,7.8,0.178,9,reviewed,us,us
2016-09-04T13:05:48.740Z,28.0653,92.032,28.78,4,mb,,154,1.814,0.4,us,us10006mr6,2016-12-03T02:54:41.040Z,"55 km N of Tawang, India",earthquake,9.5,6,0.232,5,reviewed,us,us
2016-09-03T21:38:58.200Z,27.2224,96.8182,43.69,4.5,mb,,46,3.746,0.67,us,us10006k6e,2016-12-03T02:54:39.040Z,"98 km SSE of Hayuliang, India",earthquake,7.6,7.2,0.068,64,reviewed,us,us
2016-09-02T14:31:00.980Z,28.6255,94.9397,23.69,4.6,mb,,66,3.503,0.95,us,us10006jnm,2016-12-03T02:54:35.040Z,"52 km NNE of Along, India",earthquake,7.8,3.7,0.084,42,reviewed,us,us
2016-08-23T02:11:12.810Z,23.8972,94.6983,101.74,5,mwr,,22,0.491,0.71,us,us10006fx8,2025-12-22T17:17:25.594Z,"41 km NE of Mawlaik, Myanmar",earthquake,5.5,3.6,0.089,12,reviewed,us,us
2016-08-19T10:45:55.470Z,22.3558,95.6586,22.28,4.2,mb,,138,0.539,0.8,us,us10006ggt,2016-11-19T04:58:30.040Z,"23 km S of Shwebo, Myanmar",earthquake,5.9,5.2,0.166,10,reviewed,us,us
2016-08-15T08:57:07.030Z,22.5185,94.7324,115.1,4.5,mb,,139,1.054,0.4,us,us10006f2b,2016-11-15T02:21:49.040Z,"61 km NW of Monywa, Myanmar",earthquake,5.7,9,0.191,8,reviewed,us,us
2016-07-30T11:58:56.360Z,29.068,94.6895,28.23,4.1,mb,,106,3.172,0.9,us,us100069uf,2016-10-19T04:51:49.040Z,"67 km NNE of Shi Yomi, India",earthquake,9.1,6.3,0.184,8,reviewed,us,us
2016-07-20T03:23:43.710Z,22.8487,94.5868,91.45,4.4,mb,,118,0.934,0.4,us,us20006hh5,2016-09-17T01:27:51.040Z,"89 km SSE of Mawlaik, Myanmar",earthquake,4.1,8.7,0.148,13,reviewed,us,us
2016-07-13T09:33:32.000Z,24.5435,94.8081,91.5,4,mb,,91,0.558,0.77,us,us20006fts,2016-09-08T01:50:30.040Z,"75 km E of W?ngjing, India",earthquake,7.8,9.3,0.3,3,reviewed,us,us
2016-07-05T09:43:44.490Z,24.8397,95.2089,101.26,4.4,mb,,64,1.026,0.88,us,us1000600x,2016-09-02T21:36:38.040Z,"116 km SE of Phek, India",earthquake,7.7,7.2,0.112,23,reviewed,us,us
2016-07-04T12:07:23.030Z,22.4144,93.7739,37.11,4.5,mb,,178,0.278,0.61,us,us100062jv,2016-09-02T21:36:36.040Z,"30 km SSE of Hakha, Myanmar",earthquake,9.5,8.4,0.15,13,reviewed,us,us
2016-07-01T19:22:40.040Z,24.9691,95.3737,132.35,4.7,mb,,41,1.223,0.74,us,us10005zam,2016-09-02T21:36:33.040Z,"117 km SE of Phek, India",earthquake,7.4,4.3,0.066,69,reviewed,us,us
2016-06-27T00:27:43.780Z,22.7084,92.0667,10,4.7,mb,,39,1.417,0.84,us,us2000672m,2023-02-14T18:22:55.273Z,"24 km NE of Raoj?n, Bangladesh",earthquake,3.3,1.9,0.057,95,reviewed,us,us
2016-06-22T13:03:20.220Z,22.6845,94.6296,109.32,4.6,mb,,63,0.952,0.85,us,us200065yc,2022-08-03T02:26:16.518Z,"82 km NW of Monywa, Myanmar",earthquake,8.5,6.3,0.081,46,reviewed,us,us
2016-06-11T18:12:23.380Z,25.7858,95.2245,83.12,4.5,mb,,78,3.463,0.59,us,us200063uf,2016-08-25T01:22:51.040Z,"66 km SE of Tuensang, India",earthquake,5,6.7,0.054,100,reviewed,us,us
2016-06-10T14:21:08.660Z,22.6959,93.8121,40.58,4.3,mb,,121,0.203,0.72,us,us200064sm,2016-08-25T01:22:50.040Z,"21 km ENE of Hakha, Myanmar",earthquake,10.5,8.6,0.122,19,reviewed,us,us
2016-05-27T05:03:10.200Z,26.5252,96.4968,64.3,4.6,mb,,49,4.282,0.77,us,us20005yf1,2016-08-10T22:30:23.040Z,"47 km NW of Sarupathar, India",earthquake,9.5,7,0.081,45,reviewed,us,us
2016-05-21T21:57:39.400Z,23.9073,94.5819,83.75,4,mb,,139,2.978,0.76,us,us20005yhm,2016-08-03T22:33:41.040Z,"34 km NNE of Mawlaik, Myanmar",earthquake,13,8.4,0.116,20,reviewed,us,us
2016-05-19T23:10:24.720Z,22.7638,93.9152,42.42,4.8,mb,,61,3.365,0.58,us,us10005inb,2022-05-03T18:52:36.213Z,"Myanmar-India border region",earthquake,5.5,6.5,0.044,162,reviewed,us,us
2016-05-16T18:03:47.500Z,25.9006,90.2255,35.12,4.3,mb,,165,3.871,0.56,us,us10005jku,2016-07-22T19:39:09.040Z,"16 km SSW of Lakhipur, India",earthquake,13,9.3,0.188,8,reviewed,us,us
2016-05-12T07:54:19.140Z,24.2716,94.3125,71.48,4.8,mb,,52,2.92,0.68,us,us10005gr5,2022-08-02T22:22:23.725Z,"41 km SE of Kakching, India",earthquake,8.1,7,0.066,72,reviewed,us,us
2016-05-07T09:43:39.640Z,25.4013,91.7893,37.62,4.1,mb,,99,2.715,0.5,us,us10005h6s,2022-08-03T00:38:41.339Z,"14 km NE of Cherrapunji, India",earthquake,7.3,7.6,0.123,18,reviewed,us,us
2016-05-06T03:06:44.170Z,23.4241,94.287,26.82,4.1,mb,,144,3.074,0.76,us,us10005h52,2016-07-20T18:10:44.040Z,"27 km SSW of Mawlaik, Myanmar",earthquake,11.4,7,0.127,17,reviewed,us,us
2016-05-02T15:49:02.290Z,22.2751,94.6863,119.97,4.2,mb,,71,2.843,0.34,us,us10005gia,2016-07-19T20:03:10.040Z,"49 km WNW of Monywa, Myanmar",earthquake,9.2,7.7,0.106,25,reviewed,us,us
2016-05-01T07:08:41.920Z,22.6224,94.7197,79.46,4.2,mb,,115,2.843,0.95,us,us10005gbx,2016-07-19T20:03:08.040Z,"71 km NW of Monywa, Myanmar",earthquake,8.9,9,0.136,15,reviewed,us,us
2016-04-22T07:50:43.770Z,24.5441,96.0794,57.11,4.3,mb,,132,3.963,1.12,us,us20005ksy,2016-07-08T02:49:17.040Z,"121 km WNW of Bhamo, Myanmar",earthquake,11.9,9.8,0.118,20,reviewed,us,us
2016-04-14T05:41:53.140Z,23.816,94.1986,61.25,4.6,mb,,40,2.61,0.51,us,us20005hyf,2016-06-21T01:14:12.040Z,"28 km NW of Mawlaik, Myanmar",earthquake,7,7.1,0.057,93,reviewed,us,us
2016-04-13T13:55:17.800Z,23.0944,94.8654,136,6.9,mww,,14,3.001,1.03,us,us20005hqz,2022-05-03T18:51:09.920Z,"76 km SE of Mawlaik, Myanmar",earthquake,7.1,1.8,,,reviewed,us,us
2016-04-05T07:42:24.390Z,25.7595,90.5452,10,5,mb,,37,1.198,0.81,us,us20005fj8,2022-08-07T10:46:12.440Z,"38 km SE of Lakhipur, India",earthquake,5.1,1.7,0.048,140,reviewed,us,us
2016-04-03T10:58:32.640Z,23.7551,94.3079,62.6,4.1,mb,,168,2.868,0.64,us,us20005gfd,2016-06-17T21:45:16.040Z,"15 km NW of Mawlaik, Myanmar",earthquake,15.8,6.9,0.15,12,reviewed,us,us
2016-03-28T18:40:06.780Z,25.9519,90.6891,10,4,mb,,158,1.12,0.35,us,us20005dxs,2016-06-10T23:32:55.040Z,"25 km SSE of Go?lp?ra, India",earthquake,7.7,2,0.212,6,reviewed,us,us
2016-03-23T10:50:02.380Z,24.6302,96.1321,57.15,4.5,mb,,83,3.987,0.37,us,us20005c0c,2016-06-09T21:41:57.040Z,"119 km WNW of Bhamo, Myanmar",earthquake,8,8.4,0.097,31,reviewed,us,us
2016-03-13T10:30:11.160Z,26.245,92.2565,53.71,4.5,mb,,41,0.765,0.74,us,us10004x9h,2022-08-07T10:16:02.019Z,"9 km W of Morigaon, India",earthquake,7.9,1.2,0.079,47,reviewed,us,us
2016-03-12T16:15:12.250Z,26.7746,89.092,14.88,3.9,mb,,177,2.759,1.46,us,us10004x93,2022-08-02T14:21:55.096Z,"9 km NW of Birpara, India",earthquake,11.4,7.2,0.17,9,reviewed,us,us
2016-03-10T15:02:10.940Z,22.6044,93.8341,34.99,4.2,mb,,172,3.459,0.52,us,us10004xt3,2016-05-16T18:01:50.040Z,"23 km E of Hakha, Myanmar",earthquake,6.8,9.6,0.11,25,reviewed,us,us
2016-03-07T12:23:01.700Z,22.7585,93.9433,50.03,4.5,mb,,99,3.383,0.48,us,us10004vu1,2016-05-16T18:01:47.040Z,"32 km ESE of Falam, Myanmar",earthquake,10.3,7.1,0.081,44,reviewed,us,us
2016-03-02T04:03:50.420Z,26.4817,95.4216,21.67,4.1,mb,,117,3.334,0.47,us,us10004ur6,2016-05-06T23:34:22.040Z,"45 km SE of Mon, India",earthquake,10.5,7.6,0.186,8,reviewed,us,us
2016-02-16T23:06:59.690Z,26.196,93.4977,39.72,4.7,mb,,63,1.606,0.71,us,us200050p4,2022-08-02T10:17:44.838Z,"34 km NW of Bokaj?n, India",earthquake,10.5,6.2,0.061,81,reviewed,us,us
2016-02-13T21:37:54.080Z,27.0268,89.1875,50.32,3.7,mb,,178,2.802,0.96,us,us200050r7,2022-08-02T10:19:33.909Z,"16 km NNE of Samtse, Bhutan",earthquake,13.2,9.4,0.139,13,reviewed,us,us
2016-01-18T06:04:53.130Z,24.1868,94.9004,84.65,4.3,mb,,89,3.087,0.59,us,us10004gcx,2016-04-06T17:30:25.040Z,"78 km NE of Mawlaik, Myanmar",earthquake,9.2,9.9,0.113,22,reviewed,us,us
2016-01-06T10:25:13.360Z,24.8896,93.4003,58.15,4.3,mb,,77,1.552,0.75,us,us10004c4z,2016-03-28T22:09:40.040Z,"40 km ENE of Lakhipur, India",earthquake,7.7,8.4,0.105,28,reviewed,us,us
2016-01-03T23:05:22.270Z,24.8036,93.6505,55,6.7,mww,,16,1.794,1.01,us,us10004b2n,2023-08-14T15:00:53.325Z,"29 km W of Imph?l, India",earthquake,4.5,1.8,,,reviewed,us,us
2015-12-23T09:22:06.370Z,26.2583,93.0894,48.5,4.3,mb,,68,1.307,1.06,us,us10004b7b,2016-03-12T02:29:23.040Z,"36 km NE of Hoj?i, India",earthquake,6.7,6,0.105,26,reviewed,us,us
2015-12-21T23:52:28.680Z,24.4134,90.5812,14.16,4,mb,,178,1.63,0.45,us,us100048nw,2024-01-04T05:11:57.502Z,"3 km SE of Gafargaon, Bangladesh",earthquake,11.1,6.5,0.15,12,reviewed,us,us
2015-12-13T11:17:29.250Z,24.5749,95.0379,146.62,4,mb,,143,3.049,0.87,us,us100047wa,2016-03-05T01:42:05.040Z,"98 km E of W?ngjing, India",earthquake,15.9,10.7,0.231,5,reviewed,us,us
2015-12-01T23:27:08.550Z,22.0764,94.4847,35,4.2,mb,,175,4.226,0.87,us,us100043bq,2016-02-25T22:33:05.040Z,"67 km W of Monywa, Myanmar",earthquake,8.7,2,0.199,7,reviewed,us,us
2015-11-27T12:04:18.890Z,22.5864,94.9855,13.79,4.6,mb,,63,3.089,0.57,us,us100041qe,2016-02-25T22:32:57.040Z,"55 km NNW of Monywa, Myanmar",earthquake,6.7,3.4,0.084,42,reviewed,us,us
2015-11-25T16:15:10.640Z,26.4076,92.9745,54.52,4.7,mb,,60,3.666,0.77,us,us1000419g,2022-08-01T20:22:27.918Z,"30 km SE of Tezpur, India",earthquake,8.1,4.1,0.065,72,reviewed,us,us
2015-11-15T23:24:40.040Z,24.7399,94.8163,89.65,4.4,mb,,52,2.806,1.07,us,us10003yjs,2022-08-01T17:59:25.490Z,"77 km ENE of W?ngjing, India",earthquake,8.5,7.8,0.087,38,reviewed,us,us
2015-11-13T01:56:21.860Z,24.4982,94.6561,70.68,4.2,mb,,149,2.753,0.58,us,us10003yy9,2016-02-13T02:08:18.040Z,"60 km E of W?ngjing, India",earthquake,9,11.4,0.137,15,reviewed,us,us
2015-11-07T09:29:27.590Z,23.4416,94.5795,104.83,4.3,mb,,171,3.26,0.51,us,us10003x1q,2016-02-05T03:16:34.040Z,"28 km SE of Mawlaik, Myanmar",earthquake,12.3,9.8,0.132,16,reviewed,us,us
2015-10-31T02:05:19.820Z,26.6982,96.7414,29.65,4.3,mb,,91,4.533,0.54,us,us2000411q,2016-01-30T02:10:58.040Z,"54 km N of Sarupathar, India",earthquake,7.8,5.2,0.122,19,reviewed,us,us
2015-10-29T22:15:56.450Z,24.6819,92.4488,36.31,4.8,mb,,48,1.032,0.69,us,us200040l5,2022-08-01T14:38:07.351Z,"11 km W of Hail?k?ndi, India",earthquake,5.4,7.2,0.064,75,reviewed,us,us
2015-10-28T23:54:49.660Z,24.1002,92.8262,38.49,4.3,mb,,146,1.705,0.68,us,us200040cl,2016-01-22T23:41:22.040Z,"13 km NW of Darlawn, India",earthquake,4.8,9.9,0.119,20,reviewed,us,us
2015-10-27T13:50:48.860Z,24.5022,94.9918,93.35,4.1,mb,,118,3.035,0.83,us,us10003rut,2016-01-22T23:41:20.040Z,"94 km E of W?ngjing, India",earthquake,7.2,11.8,0.135,15,reviewed,us,us
2015-10-17T06:29:39.650Z,24.7157,94.4863,63.02,4.3,mb,,113,2.53,0.84,us,us10003qwy,2016-01-15T20:50:54.040Z,"44 km E of Yairipok, India",earthquake,7.2,8.4,0.13,17,reviewed,us,us
2015-10-10T23:54:35.280Z,24.2558,96.0264,49.02,4.5,mb,,50,4.005,0.63,us,us10003mrj,2016-01-11T21:07:19.040Z,"122 km W of Bhamo, Myanmar",earthquake,8,8,0.09,36,reviewed,us,us
2015-10-10T01:48:45.570Z,27.2548,88.8009,48.22,4.3,mb,,129,1.899,0.63,us,us10003mmv,2022-08-01T10:21:33.717Z,"20 km ESE of Gangtok, India",earthquake,11.9,7.7,0.103,27,reviewed,us,us
2015-10-02T11:29:24.030Z,22.5271,93.4444,42.65,4.6,mb,,47,3.356,0.84,us,us10003jra,2016-01-04T22:28:45.040Z,"21 km SW of Hakha, Myanmar",earthquake,7.9,3.6,0.085,41,reviewed,us,us
2015-09-25T20:28:38.850Z,23.1474,94.5161,90.41,4.1,mb,,103,2.69,0.89,us,us20003p7w,2015-12-28T23:08:40.040Z,"56 km SSE of Mawlaik, Myanmar",earthquake,7.1,4.9,0.114,24,reviewed,us,us
2015-09-25T16:57:41.390Z,26.5308,91.6928,48.82,4.4,mb,,118,0.971,1.07,us,us20003p4y,2022-08-01T07:55:42.227Z,"11 km NE of Rangia, India",earthquake,8,7,0.103,27,reviewed,us,us
2015-09-22T13:19:20.760Z,22.9503,94.4498,82.76,4.7,mb,,34,2.604,0.81,us,us20003mvp,2015-12-21T23:16:32.040Z,"76 km S of Mawlaik, Myanmar",earthquake,5.6,5,0.064,74,reviewed,us,us
2015-09-18T21:16:45.700Z,23.3233,93.9401,80.2,4.4,mb,,92,2.212,0.51,us,us10003jin,2015-12-21T23:16:21.040Z,"52 km NNE of Falam, Myanmar",earthquake,8.1,8.5,0.111,23,reviewed,us,us
2015-09-18T20:25:19.330Z,23.6991,93.8603,64.09,4,mb,,167,2.604,1.18,us,us10003jik,2015-12-21T23:16:21.040Z,"55 km W of Mawlaik, Myanmar",earthquake,10.6,9.9,0.134,15,reviewed,us,us
2015-09-17T18:34:17.230Z,24.5969,94.6668,80.13,4.7,mb,,32,2.725,0.86,us,us20003kra,2022-08-01T06:05:42.108Z,"61 km E of W?ngjing, India",earthquake,7,6.2,0.059,88,reviewed,us,us
2015-09-13T15:43:29.150Z,22.9668,96.0216,35,4.2,mb,,150,4.06,1.1,us,us20003nyk,2015-12-12T00:42:50.040Z,"50 km W of Mogok, Myanmar",earthquake,11,2,0.176,9,reviewed,us,us
2015-09-11T23:56:59.380Z,26.0549,89.5568,18.5,4,mb,,191,2.128,0.88,us,us20003n08,2022-08-01T09:33:22.535Z,"13 km SE of D?nh?ta, India",earthquake,7,6.1,0.134,15,reviewed,us,us
2015-09-05T05:39:03.450Z,26.1923,92.8261,47.23,4.2,mb,,70,1.073,0.83,us,us20003kq2,2015-12-05T01:40:27.040Z,"21 km N of Hoj?i, India",earthquake,5.8,10.7,0.153,12,reviewed,us,us
2015-09-03T20:49:23.600Z,24.5826,94.8224,43.17,4.5,mb,,113,2.862,0.54,us,us20003g4d,2015-12-05T01:40:24.040Z,"76 km E of W?ngjing, India",earthquake,9.9,6.9,0.091,35,reviewed,us,us
2015-08-31T01:52:54.080Z,23.1486,94.8938,59.66,4.1,mb,,146,3.034,0.63,us,us20003ita,2015-12-01T00:36:05.040Z,"74 km SE of Mawlaik, Myanmar",earthquake,13.1,4.7,0.198,7,reviewed,us,us
2015-08-29T16:31:16.400Z,24.8239,95.143,113.11,4.1,mb,,94,3.068,0.82,us,us20003htp,2015-12-01T00:36:02.040Z,"111 km E of Yairipok, India",earthquake,10.3,5,0.112,22,reviewed,us,us
2015-08-28T19:21:58.020Z,25.432,89.5164,13.7,4.2,mb,,170,2.118,0.72,us,us100035vn,2015-12-01T00:36:01.040Z,"20 km SW of Chilm?ri, Bangladesh",earthquake,5,5.8,0.121,19,reviewed,us,us
2015-08-20T19:21:14.810Z,26.0142,90.2598,42.95,3.9,mb,,130,1.506,0.72,us,us100033t5,2022-08-01T01:00:44.555Z,"4 km WSW of Lakhipur, India",earthquake,10.3,18.7,0.148,12,reviewed,us,us
2015-08-15T11:45:51.350Z,23.5475,96.886,40.5,4.1,mb,,128,4.329,0.96,us,us20003fba,2015-11-17T00:13:29.040Z,"Myanmar",earthquake,6.7,9.6,0.127,17,reviewed,us,us
2015-08-12T02:44:51.250Z,24.6339,94.8588,42.8,4.5,mb,,88,2.876,0.58,us,us100031bx,2022-07-31T23:42:04.616Z,"80 km E of W?ngjing, India",earthquake,9.7,4.1,0.083,43,reviewed,us,us
2015-07-27T07:33:41.920Z,27.3538,91.184,32.22,4.4,mb,,104,1.879,0.71,us,us200030c1,2015-10-22T20:05:04.040Z,"10 km NNW of Mongar, Bhutan",earthquake,8.6,5.1,0.083,42,reviewed,us,us
2015-07-21T08:21:37.980Z,24.0249,93.694,59.71,4.2,mb,,174,2.268,0.29,us,us1000312b,2015-10-14T21:05:48.040Z,"34 km S of Chur?ch?ndpur, India",earthquake,15.6,5.2,0.175,9,reviewed,us,us
2015-07-13T11:03:03.810Z,26.4644,96.5118,101.35,4.5,mb,,102,4.283,0.35,us,us20002x3y,2015-10-09T20:19:15.040Z,"41 km NW of Sarupathar, India",earthquake,6.8,9.1,0.091,35,reviewed,us,us
2015-07-10T12:53:23.250Z,26.6628,90.5991,19.67,4.3,mb,,162,1.571,0.87,us,us20002wjm,2015-10-09T20:19:11.040Z,"20 km N of Bongaigaon, India",earthquake,7.7,2,0.109,24,reviewed,us,us
2015-07-10T01:53:14.730Z,27.4318,94.1447,14.66,4.1,mb,,141,3.487,0.86,us,us200031b2,2015-10-09T20:19:10.040Z,"22 km N of North Lakhimpur, India",earthquake,12.3,4.9,0.117,20,reviewed,us,us
2015-07-04T23:08:20.420Z,24.7918,95.3332,131.72,4.4,mb,,74,3.243,0.83,us,us20002z7t,2015-09-30T00:20:56.040Z,"128 km SE of Phek, India",earthquake,9.2,7.8,0.105,26,reviewed,us,us
2015-07-03T17:01:22.160Z,23.7112,94.6007,81.49,4,mb,,106,2.91,0.87,us,us20002yxw,2015-09-30T00:20:53.040Z,"21 km ENE of Mawlaik, Myanmar",earthquake,10.1,11.8,0.163,12,reviewed,us,us
2015-07-01T02:42:40.790Z,27.2728,91.2869,35.46,4.5,mb,,133,1.774,0.76,us,us20002xqe,2022-07-31T19:03:01.124Z,"4 km E of Mongar, Bhutan",earthquake,7.4,8.1,0.093,34,reviewed,us,us
2015-06-30T13:15:57.200Z,26.0436,90.7596,42.34,4,mb,,141,1.096,1.17,us,us20002xmg,2015-09-02T22:37:25.040Z,"19 km SE of Go?lp?ra, India",earthquake,9,11.3,0.183,9,reviewed,us,us
2015-06-28T01:05:28.560Z,26.6384,90.41,26,5.1,mwb,,36,1.682,0.99,us,us10002m67,2022-07-31T15:28:46.020Z,"18 km N of B?sugaon, India",earthquake,6.7,1.8,0.083,14,reviewed,us,us
2015-06-15T21:39:20.250Z,22.0838,94.1411,75.37,4.3,mb,,101,2.386,0.35,us,us10002lym,2015-08-20T00:43:59.040Z,"82 km SE of Hakha, Myanmar",earthquake,10.5,7.6,0.16,11,reviewed,us,us
2015-06-12T00:24:19.850Z,22.8401,94.7168,97.79,4.2,mb,,146,2.842,0.74,us,us10002ld2,2015-08-20T00:43:54.040Z,"91 km NNW of Monywa, Myanmar",earthquake,9.3,9.1,0.146,13,reviewed,us,us
2015-06-01T07:12:08.970Z,26.2683,95.7989,114.83,4.3,mb,,148,3.618,0.46,us,us20002pay,2015-08-08T00:49:40.040Z,"86 km SSE of Khonsa, India",earthquake,13.5,10.4,0.16,11,reviewed,us,us
2015-05-26T17:24:13.450Z,24.2488,93.9733,64.58,4.3,mb,,130,2.327,1.01,us,us10002c8y,2015-07-29T01:35:46.040Z,"27 km S of Kakching, India",earthquake,9.2,8.9,0.08,45,reviewed,us,us
2015-05-25T15:59:02.060Z,22.1323,93.2059,53.29,4.5,mb,,246,5.261,0.48,us,us20002m1h,2015-07-29T01:35:43.040Z,"46 km SSE of Saiha, India",earthquake,19.9,12.7,0.222,6,reviewed,us,us
2015-05-21T12:43:35.350Z,22.7454,95.8893,22.56,4.2,mb,,132,3.924,0.53,us,us10002b3j,2015-07-29T01:35:30.040Z,"27 km NE of Shwebo, Myanmar",earthquake,5.8,5.8,0.132,16,reviewed,us,us
2015-04-30T19:21:18.100Z,26.2401,94.7996,10,4.8,mb,,45,2.734,1.23,us,us20002aid,2022-07-31T03:10:42.284Z,"3 km SW of Tuensang, India",earthquake,7.2,1.9,0.049,129,reviewed,us,us
2015-04-27T12:35:53.930Z,26.8644,88.055,31.71,5.1,mb,,29,2.58,0.73,us,us200029k7,2022-07-31T02:18:01.136Z,"13 km ESE of Il?m, Nepal",earthquake,6.6,3.3,0.041,201,reviewed,us,us
2015-04-16T22:05:49.650Z,26.7924,92.7714,35,4.8,mb,,48,1.471,0.64,us,us20002763,2022-07-30T23:34:06.008Z,"11 km ESE of Rang?p?ra, India",earthquake,7.5,1.9,0.045,152,reviewed,us,us
2015-04-15T17:57:00.890Z,24.3994,96.1785,42.01,4.2,mb,,118,4.091,0.73,us,us200026rk,2015-06-22T23:19:03.040Z,"108 km W of Bhamo, Myanmar",earthquake,9.3,7.4,0.128,17,reviewed,us,us
2015-04-03T12:23:55.350Z,23.255,94.263,109.7,4.5,mb,,129,3.179,0.79,us,us200025np,2015-06-16T01:00:25.040Z,"45 km SSW of Mawlaik, Myanmar",earthquake,8.6,9.6,0.163,11,reviewed,us,us
2015-03-17T15:28:39.650Z,24.3192,94.6817,98.9,4.3,mb,,101,2.85,0.71,us,us10001p7g,2015-06-04T00:46:24.040Z,"69 km ESE of W?ngjing, India",earthquake,12.6,9.2,0.178,9,reviewed,us,us
2015-03-08T05:45:15.900Z,22.5853,95.8284,10,4.4,mb,,77,3.816,0.62,us,usc000twi8,2015-05-28T00:48:38.040Z,"13 km E of Shwebo, Myanmar",earthquake,8,1.8,0.134,18,reviewed,us,us
2015-02-23T06:36:34.870Z,25.7707,95.1743,94.12,4.4,mb,,93,3.001,0.64,us,usc000tseu,2015-05-12T20:29:41.040Z,"65 km SSE of Tuensang, India",earthquake,3.7,7.8,0.098,30,reviewed,us,us
2015-02-19T09:18:19.650Z,26.5563,96.7339,56.84,4,mb,,121,4.496,0.88,us,usc000trec,2015-05-12T20:29:32.040Z,"39 km N of Sarupathar, India",earthquake,11.8,11.2,0.157,11,reviewed,us,us
2015-02-16T05:31:15.360Z,25.1347,95.3089,35,4,mb,,173,3.153,0.53,us,usc000trvb,2015-05-11T23:20:18.040Z,"100 km SE of Phek, India",earthquake,13.8,2,0.259,4,reviewed,us,us
2015-02-12T15:33:50.100Z,23.7765,93.7186,54.61,4.4,mb,,133,2.459,0.62,us,usb000tqaa,2015-05-11T23:20:09.040Z,"61 km S of Chur?ch?ndpur, India",earthquake,13.1,11.3,0.162,15,reviewed,us,us
2015-02-12T14:33:07.830Z,23.9982,93.923,65.84,4.8,mb,,66,2.443,0.72,us,usb000tnl7,2025-12-22T17:03:43.134Z,"45 km SE of Chur?ch?ndpur, India",earthquake,3.7,7.8,0.083,48,reviewed,us,us
2015-02-01T16:00:48.230Z,26.4166,93.3551,45.22,4.2,mb,,100,1.592,0.86,us,usc000tkr7,2022-07-27T22:11:33.935Z,"34 km SW of Bok?kh?t, India",earthquake,9.7,7.3,0.124,22,reviewed,us,us
2015-02-01T13:33:06.580Z,24.8923,96.4688,61.78,4.1,mb,,135,4.231,0.83,us,usc000tndf,2015-05-02T14:06:08.040Z,"104 km NW of Bhamo, Myanmar",earthquake,8.1,11.2,0.174,10,reviewed,us,us
2015-01-27T12:41:34.870Z,23.1027,95.9982,38.62,4.2,mb,,126,4.191,1.02,us,usc000tli6,2015-04-24T16:56:12.040Z,"56 km WNW of Mogok, Myanmar",earthquake,9.6,8.8,0.125,20,reviewed,us,us
2015-01-24T16:11:42.660Z,25.0231,95.1923,120.19,4.7,mb,,72,5.898,1.06,us,usc000tit8,2015-04-24T16:55:20.040Z,"99 km SE of Phek, India",earthquake,7.6,5.6,0.077,59,reviewed,us,us
2015-01-18T13:09:51.220Z,26.0195,95.5982,78.99,4.2,mb,,110,3.403,0.9,us,usc000tgy8,2015-04-20T16:05:33.040Z,"82 km ESE of Tuensang, India",earthquake,8.8,14.5,0.167,10,reviewed,us,us
2015-01-15T01:33:04.600Z,22.6215,92.6144,50.37,4.3,mb,,144,3.012,0.79,us,usc000tfx6,2015-04-20T15:34:40.040Z,"32 km SSW of Lunglei, India",earthquake,9.6,8.6,0.133,17,reviewed,us,us
2015-01-05T15:39:33.240Z,24.257,93.6863,61.69,4.2,mb,,171,2.112,0.83,us,usc000th5a,2015-03-27T07:02:01.040Z,"8 km S of Chur?ch?ndpur, India",earthquake,17.2,6,0.371,6,reviewed,us,us
2015-01-02T23:23:20.420Z,22.7664,96.0449,16.27,4.1,mb,,131,3.873,0.7,us,usc000tbct,2015-03-27T07:01:19.040Z,"41 km ENE of Shwebo, Myanmar",earthquake,6.4,5.8,0.145,13,reviewed,us,us
2014-12-29T17:26:57.600Z,26.2946,91.6204,45.02,4,mb,,131,0.755,0.68,us,usc000taqh,2022-07-27T11:58:39.837Z,"10 km ENE of H?jo, India",earthquake,8.8,4.9,0.13,16,reviewed,us,us
2014-12-28T17:22:52.590Z,22.6329,94.1131,54.32,4.5,mb,,181,4.882,0.47,us,usc000tg2l,2015-03-17T02:37:44.040Z,"51 km E of Hakha, Myanmar",earthquake,8.8,12.3,0.18,9,reviewed,us,us
2014-12-27T02:02:34.830Z,23.2423,94.908,122.04,4.2,mb,,132,4.836,0.74,us,usc000ta5t,2015-03-17T02:37:23.040Z,"67 km SE of Mawlaik, Myanmar",earthquake,10.7,6.7,0.141,30,reviewed,us,us
2014-12-22T23:24:48.140Z,22.4184,93.0824,48.25,4.4,mb,,107,3.328,0.61,us,usc000t9ae,2015-03-06T02:59:11.040Z,"13 km SE of Saiha, India",earthquake,10.8,9,0.143,15,reviewed,us,us
2014-12-21T05:37:39.090Z,24.2001,94.6939,99.66,5.1,mb,,24,5.732,0.61,us,usc000t8ua,2025-12-22T17:02:29.296Z,"68 km NNE of Mawlaik, Myanmar",earthquake,8.3,4.9,0.055,112,reviewed,us,us
2014-12-11T19:27:36.410Z,24.405,94.5261,79.9,4.7,mb,,108,2.684,0.64,us,usc000t9t1,2015-03-04T21:54:58.040Z,"51 km ESE of W?ngjing, India",earthquake,11.4,8.3,0.129,19,reviewed,us,us
2014-12-10T14:44:46.300Z,24.401,94.5466,84.1,4.2,mb,,153,2.703,0.79,us,usc000t9r6,2015-03-04T21:54:54.040Z,"53 km ESE of W?ngjing, India",earthquake,7.9,9.7,0.153,15,reviewed,us,us
2014-12-04T23:53:51.870Z,26.886,92.6206,53.1,4.6,mb,,61,1.482,0.73,us,usc000t3w5,2022-07-27T09:35:33.509Z,"7 km NW of Rang?p?ra, India",earthquake,4.4,6.5,0.047,136,reviewed,us,us
2014-11-27T11:17:29.720Z,22.1044,95.8985,22.23,4.1,mb,,160,3.382,0.49,us,usc000t5kf,2022-07-27T13:54:05.536Z,"23 km NW of Mandalay, Myanmar",earthquake,10.7,4.6,0.234,7,reviewed,us,us
2014-11-23T10:45:27.990Z,23.8065,93.7677,65.96,4.5,mb,,164,2.468,0.48,us,usc000t424,2015-02-18T03:30:55.040Z,"59 km S of Chur?ch?ndpur, India",earthquake,13.1,13.1,0.241,8,reviewed,us,us
2014-11-21T16:11:16.370Z,23.5043,93.5255,67.72,4.6,mb,,122,2.555,0.69,us,usb000syke,2015-02-18T03:30:51.040Z,"42 km ENE of Khawhai, India",earthquake,11.2,8.3,0.108,28,reviewed,us,us
2014-11-20T22:45:24.230Z,23.4809,93.4722,63.57,4.1,mb,,138,2.545,0.53,us,usb000sye7,2015-02-18T03:30:48.040Z,"36 km ENE of Khawhai, India",earthquake,11.5,10.3,0.123,20,reviewed,us,us
2014-11-20T18:14:37.790Z,23.5081,93.5148,49,5.6,mwb,,10,2.546,0.78,us,usb000sybr,2022-07-27T08:17:12.248Z,"42 km ENE of Khawhai, India",earthquake,7.3,1.8,0.049,40,reviewed,us,us
2014-11-17T02:06:37.150Z,27.5222,90.3078,31.87,4.2,mb,,153,2.289,0.41,us,usb000t235,2015-02-12T01:42:52.040Z,"19 km W of Trongsa, Bhutan",earthquake,10.6,6,0.186,10,reviewed,us,us
2014-11-16T20:33:34.210Z,24.0419,93.581,60.62,4.3,mb,,156,2.182,0.82,us,usc000sxxk,2015-02-12T01:42:51.040Z,"33 km SSW of Chur?ch?ndpur, India",earthquake,13.3,9.6,0.187,13,reviewed,us,us
2014-11-13T21:29:29.760Z,24.8093,95.2728,129.63,4.4,mb,,114,3.186,0.64,us,usb000t0gn,2015-02-12T01:42:40.040Z,"122 km SE of Phek, India",earthquake,5.1,8.1,0.11,27,reviewed,us,us
2014-11-11T18:35:50.430Z,23.5981,94.0857,71.86,4.7,mb,,158,2.821,0.71,us,usb000sytb,2015-01-31T02:50:18.040Z,"32 km W of Mawlaik, Myanmar",earthquake,12.1,10.6,0.167,14,reviewed,us,us
2014-11-08T18:19:39.990Z,24.8744,94.866,87.48,4.8,mb,,29,2.812,0.79,us,usc000svq2,2015-01-31T02:50:11.040Z,"85 km ENE of Yairipok, India",earthquake,5.6,5.7,0.059,96,reviewed,us,us
2014-11-08T17:06:46.170Z,24.8777,96.298,66.19,4.8,mb,,86,4.081,0.61,us,usc000svpv,2015-01-31T02:50:11.040Z,"117 km NW of Bhamo, Myanmar",earthquake,5.1,6.6,0.071,65,reviewed,us,us
2014-11-02T05:41:04.300Z,26.7052,94.045,57.37,4.3,mb,,56,2.27,0.66,us,usc000sx9z,2015-01-20T09:03:10.040Z,"7 km E of Dergaon, India",earthquake,7.3,4.8,0.154,15,reviewed,us,us
2014-10-24T05:56:45.470Z,27.8491,91.8364,10,4.3,mb,,63,1.949,0.84,us,usb000sq9f,2015-01-17T01:25:35.040Z,"31 km NNW of Tawang, India",earthquake,6.3,1.9,0.117,22,reviewed,us,us
2014-10-24T05:11:56.070Z,23.6866,94.6864,108.67,4.6,mb,,63,3.184,0.87,us,usb000sq9d,2015-01-17T01:25:35.040Z,"29 km E of Mawlaik, Myanmar",earthquake,5.9,7.1,0.096,34,reviewed,us,us
2014-10-24T00:05:26.880Z,23.9814,93.9631,69.37,4.6,mb,,40,2.481,0.86,us,usb000sq85,2015-01-17T01:25:34.040Z,"49 km SE of Chur?ch?ndpur, India",earthquake,8,7.2,0.079,51,reviewed,us,us
2014-10-17T09:44:50.750Z,27.1694,97.0744,10,4.7,mb,,84,4.945,0.74,us,usb000snbu,2015-01-15T20:03:29.040Z,"109 km NNE of Sarupathar, India",earthquake,6.5,1.7,0.076,56,reviewed,us,us
2014-09-20T13:16:38.410Z,23.4256,94.6821,95.97,4.5,mb,,146,5.106,0.82,us,usb000seh9,2014-12-19T00:05:23.040Z,"37 km SE of Mawlaik, Myanmar",earthquake,10.4,10.3,0.135,18,reviewed,us,us
2014-09-17T10:04:40.560Z,23.1078,94.3299,90.01,4.3,mb,,143,3.329,0.45,us,usb000sgdu,2014-12-19T00:05:19.040Z,"59 km S of Mawlaik, Myanmar",earthquake,10.9,5.6,0.125,20,reviewed,us,us
2014-09-15T21:38:59.490Z,24.5258,94.7457,90.15,4.3,mb,,147,2.818,1.03,us,usb000sfxh,2014-12-08T23:31:02.040Z,"69 km E of W?ngjing, India",earthquake,6,9.9,0.148,14,reviewed,us,us
2014-09-13T03:31:26.050Z,27.737,92.9356,51.18,4.1,mb,,59,2.367,0.68,us,usb000sfhk,2014-12-08T23:30:58.040Z,"72 km NE of Bomdila, India",earthquake,8.4,8.2,0.185,14,reviewed,us,us
2014-09-12T07:56:41.570Z,25.6524,89.9947,15,4.1,mb,,132,1.682,0.68,us,usb000sf6i,2014-12-08T23:30:57.040Z,"18 km NE of Mank?char, India",earthquake,6,6.4,0.174,10,reviewed,us,us
2014-09-09T09:28:22.190Z,22.1989,93.244,10,5.4,mwb,,24,3.585,0.87,us,usb000samy,2022-07-27T01:19:59.293Z,"42 km SE of Saiha, India",earthquake,7.2,1.7,0.089,12,reviewed,us,us
2014-09-06T17:12:18.440Z,25.0074,95.365,134.14,4.7,mb,,41,3.225,0.59,us,usb000sa01,2014-12-05T23:36:37.040Z,"Myanmar",earthquake,7.5,6.2,0.054,109,reviewed,us,us
2014-09-04T07:30:46.190Z,23.8778,94.111,10,4.4,mb,,171,2.651,1.35,us,usb000scjw,2014-12-05T23:36:31.040Z,"39 km NW of Mawlaik, Myanmar",earthquake,14.6,1.9,0.24,6,reviewed,us,us
2014-08-20T08:05:03.110Z,27.5614,92.5625,38.3,4.1,mb,,110,2.084,0.66,us,usc000s8xh,2014-11-22T02:06:23.000Z,"Arunachal Pradesh, India",earthquake,11.6,9.6,0.214,11,reviewed,us,us
2014-08-17T20:34:32.440Z,23.6717,91.4071,38,4.1,mb,,111,1.93,1.14,us,usc000s7yq,2014-11-15T04:07:13.000Z,"7 km NE of Barjala, India",earthquake,,7.1,0.213,8,reviewed,us,us
2014-08-16T16:39:55.170Z,24.593,94.5693,91.24,5,mb,,32,2.644,0.95,us,usb000s3dx,2022-07-26T22:23:46.385Z,"51 km E of W?ngjing, India",earthquake,,5.6,0.057,104,reviewed,us,us
2014-08-01T20:27:50.430Z,24.3849,94.7039,85.67,4.7,mb,,57,2.839,1.12,us,usb000s2p9,2014-10-29T19:52:53.000Z,"68 km ESE of W?ngjing, India",earthquake,,8.1,0.12,21,reviewed,us,us
2014-07-29T10:23:24.210Z,22.4269,94.6179,121.57,4.6,mb,,66,4.401,0.71,us,usb000s1e1,2014-10-25T01:49:42.000Z,"63 km WNW of Monywa, Myanmar",earthquake,,6.3,0.117,22,reviewed,us,us
2014-07-29T07:42:41.540Z,23.7831,94.4006,41.3,4.1,mb,,160,2.917,0.64,us,usb000s1er,2014-10-25T01:49:42.000Z,"15 km N of Mawlaik, Myanmar",earthquake,,13.5,0.214,6,reviewed,us,us
2014-07-22T23:35:15.370Z,26.2364,89.5355,14.91,4,mb,,146,2.193,1.26,us,usb000rwbx,2014-10-17T21:12:15.000Z,"13 km SE of Koch Bih?r, India",earthquake,,5.2,0.156,16,reviewed,us,us
2014-07-22T22:58:29.150Z,26.0259,89.5651,8.4,4.2,mb,,127,2.115,0.82,us,usb000rwbn,2014-10-17T21:12:15.000Z,"14 km WNW of Nageswari, Bangladesh",earthquake,,3.4,0.104,38,reviewed,us,us
2014-07-22T20:54:41.200Z,26.0035,89.7033,16.03,4.3,mb,,147,1.988,0.8,us,usb000rz7m,2014-10-17T21:12:15.000Z,"4 km NNE of Nageswari, Bangladesh",earthquake,,3.5,0.169,11,reviewed,us,us
2014-07-13T22:50:47.880Z,24.156,94.4741,81.69,4.2,mb,,152,2.762,0.48,us,usb000rwlm,2014-10-10T08:02:17.000Z,"57 km N of Mawlaik, Myanmar",earthquake,,12.2,0.2,7,reviewed,us,us
2014-07-01T20:06:29.070Z,25.0114,94.1629,69.7,4.3,mb,,118,2.16,0.72,us,usb000rvv3,2014-09-26T11:49:52.000Z,"31 km NE of Imph?l, India",earthquake,,7.9,0.168,10,reviewed,us,us
2014-06-24T03:52:25.200Z,23.153,94.2199,64.24,4.1,mb,,153,2.423,0.9,us,usb000rvze,2014-09-19T17:22:31.000Z,"57 km SSW of Mawlaik, Myanmar",earthquake,,12.1,0.234,5,reviewed,us,us
2014-06-20T03:13:37.030Z,25.8912,97.3375,10,4.1,mb,,113,4.941,1.07,us,usc000rijf,2014-09-19T17:22:50.000Z,"56 km N of Myitkyina, Myanmar",earthquake,,2,0.174,11,reviewed,us,us
2014-06-18T03:04:09.550Z,24.7211,95.1007,101.17,4.3,mb,,86,3.058,1.19,us,usc000rh4v,2014-09-19T17:22:41.000Z,"105 km E of W?ngjing, India",earthquake,,7.8,0.169,13,reviewed,us,us
2014-06-14T05:24:27.440Z,26.8748,92.5167,10,4.3,mb,,91,3.072,1.21,us,usc000rfff,2014-09-12T15:47:28.000Z,"15 km WNW of Rang?p?ra, India",earthquake,,1.9,0.142,18,reviewed,us,us
2014-06-11T15:07:31.670Z,23.2957,94.3076,45.51,4.2,mb,,125,3.178,0.61,us,usc000rdzi,2014-09-12T15:47:13.000Z,"39 km SSW of Mawlaik, Myanmar",earthquake,,10.5,0.2,11,reviewed,us,us
2014-06-09T17:40:23.230Z,24.1878,91.5293,31.79,4.1,mb,,127,1.404,0.78,us,usc000rn31,2014-08-30T17:02:54.000Z,"13 km NNW of Khowai, India",earthquake,,5.8,0.158,11,reviewed,us,us
2014-06-07T22:23:21.680Z,23.3067,94.1108,67.31,4.4,mb,,100,3.047,0.77,us,usc000rcms,2014-08-30T17:02:56.000Z,"47 km SW of Mawlaik, Myanmar",earthquake,,8.3,0.104,27,reviewed,us,us
2014-06-04T07:20:14.170Z,22.5351,93.3926,55.25,4.6,mb,,67,1.623,0.59,us,usc000rarb,2014-08-30T17:02:56.000Z,"25 km WSW of Hakha, Myanmar",earthquake,,6.1,0.071,60,reviewed,us,us
2014-05-30T06:37:48.980Z,26.5567,90.227,10,4,mb,,146,1.766,1.15,us,usc000rgqv,2014-08-26T01:21:04.000Z,"17 km NNW of Kokrajhar, India",earthquake,,1.9,0.129,16,reviewed,us,us
2014-05-29T03:23:46.560Z,24.2536,94.4977,85.55,4.6,mb,,75,2.731,0.36,us,usc000r8fh,2014-08-26T01:21:02.000Z,"57 km SE of W?ngjing, India",earthquake,,8.3,0.097,32,reviewed,us,us
2014-05-28T03:19:11.050Z,25.2405,95.1224,97,4.4,mb,,90,4.079,0.86,us,usb000r69q,2014-08-26T01:21:01.000Z,"78 km SE of Phek, India",earthquake,,5,0.085,40,reviewed,us,us
2014-05-18T19:33:55.750Z,26.4109,92.9493,52.02,4.2,mb,,86,1.294,1.14,us,usb000qtv9,2014-08-09T02:53:48.000Z,"28 km SSE of Tezpur, India",earthquake,,9.4,0.236,5,reviewed,us,us
2014-04-30T07:46:57.260Z,23.157,94.3501,89.17,4.3,mb,,122,2.541,0.62,us,usb000qwhh,2014-07-27T21:51:13.000Z,"54 km S of Mawlaik, Myanmar",earthquake,,10.4,0.168,10,reviewed,us,us
2014-04-24T22:49:50.230Z,22.6909,96.0692,13.14,4.1,mb,,156,4.702,0.88,us,usb000qqug,2014-07-14T20:11:14.000Z,"40 km ENE of Shwebo, Myanmar",earthquake,,5.8,0.151,15,reviewed,us,us
2014-04-06T06:37:58.910Z,25.461,93.8616,52.33,4.4,mb,,60,3.434,1.03,us,usc000p7dd,2014-06-11T06:06:10.000Z,"34 km SW of Koh?ma, India",earthquake,,7.4,0.102,32,reviewed,us,us
2014-04-04T06:57:43.460Z,23.0504,93.1676,41.45,4.2,mb,,102,1.454,1.24,us,usc000p4ip,2014-06-11T06:06:07.000Z,"13 km SE of North Vanlaiphai, India",earthquake,,8,0.125,20,reviewed,us,us
2014-04-01T17:45:04.700Z,26.2313,92.9947,41.23,4.4,mb,,78,3.746,0.96,us,usc000nz4i,2014-05-29T23:32:12.000Z,"28 km NNE of Hoj?i, India",earthquake,,8.1,0.082,47,reviewed,us,us
2014-03-28T03:09:53.690Z,26.4089,95.8483,97.33,4.1,mb,,114,3.689,0.83,us,usc000nu6m,2014-05-29T23:32:06.000Z,"72 km SSE of Khonsa, India",earthquake,,7.5,0.157,20,reviewed,us,us
2014-03-26T14:31:25.890Z,25.9277,96.7983,50.45,4.1,mb,,121,6.273,1,us,usc000p5a5,2014-05-29T23:32:05.000Z,"30 km S of Sarupathar, India",earthquake,,5.8,0.198,9,reviewed,us,us
2014-03-22T08:35:34.160Z,22.9777,94.2498,86.24,4.5,mb,,61,2.424,0.64,us,usc000nkwj,2014-05-24T00:54:40.000Z,"59 km E of Falam, Myanmar",earthquake,,6.4,0.083,46,reviewed,us,us
2014-03-21T12:39:54.180Z,24.1764,94.2542,60.59,4,mb,,159,6.171,0.46,us,usc000njr9,2014-05-24T00:54:36.000Z,"45 km SE of Kakching, India",earthquake,,9.2,0.134,16,reviewed,us,us
2014-03-20T04:00:21.220Z,23.362,94.4366,71.15,4.5,mb,,37,2.662,0.83,us,usc000nhzd,2014-05-24T00:54:34.000Z,"31 km S of Mawlaik, Myanmar",earthquake,,6.4,0.096,37,reviewed,us,us
2014-03-18T19:20:45.220Z,22.9114,95.9723,22.09,4.4,mb,,71,3.987,0.91,us,usc000nfvi,2014-05-16T21:51:48.000Z,"47 km NE of Shwebo, Myanmar",earthquake,,5.4,0.096,33,reviewed,us,us
2014-03-15T05:09:12.070Z,23.8952,93.8661,63.44,4.3,mb,,115,2.377,1.07,us,usc000nnyl,2014-05-16T21:51:41.000Z,"52 km SSE of Chur?ch?ndpur, India",earthquake,,8.5,0.217,8,reviewed,us,us
2014-03-01T03:22:06.930Z,25.3458,96.5402,49.69,4.1,mb,,121,4.24,0.34,us,usc000n8xs,2014-05-13T21:36:46.000Z,"86 km W of Myitkyina, Myanmar",earthquake,,6.4,0.262,4,reviewed,us,us
2014-02-28T13:11:30.330Z,23.7432,91.3541,37.8,3.9,mb,,140,1.093,0.64,us,usb000mywm,2014-05-13T21:36:45.000Z,"10 km S of R?n?r B?z?r, India",earthquake,,3.3,0.193,7,reviewed,us,us
2014-02-26T20:58:55.070Z,24.4736,93.7131,59.51,4.4,mb,,94,2.005,0.68,us,usc000mypg,2014-05-13T21:36:42.000Z,"7 km WSW of Moir?ng, India",earthquake,,7.7,0.109,24,reviewed,us,us
2014-02-23T17:04:52.940Z,27.013,92.5521,53.66,4.4,mb,,67,1.57,0.96,us,usc000mx12,2022-07-26T07:57:52.238Z,"22 km NNW of Rang?p?ra, India",earthquake,,7,0.091,35,reviewed,us,us
2014-02-14T13:10:45.380Z,24.4221,89.4984,14.43,4.2,mb,,151,2.424,1.23,us,usb000my4j,2014-04-30T21:18:20.000Z,"21 km W of Sirajganj, Bangladesh",earthquake,,4.8,0.167,10,reviewed,us,us
2014-02-13T16:08:21.120Z,22.6262,94.5476,92.4,4.5,mb,,91,2.684,0.56,us,usb000my32,2014-04-30T21:18:19.000Z,"83 km NW of Monywa, Myanmar",earthquake,,9.6,0.181,13,reviewed,us,us
2014-02-09T23:24:30.640Z,23.7689,96.0719,51.92,4.1,mb,,98,4.232,0.47,us,usc000mluk,2014-04-22T18:30:11.000Z,"104 km NNW of Mogok, Myanmar",earthquake,,12.1,0.158,11,reviewed,us,us
2014-02-06T15:07:53.130Z,27.4652,96.9988,47.88,4.5,mb,,75,4.98,0.94,us,usc000mj84,2014-04-22T18:30:06.000Z,"80 km SSE of Hayuliang, India",earthquake,,7.8,0.106,28,reviewed,us,us
2014-02-02T16:45:24.860Z,22.7971,96.0226,13.81,4.4,mb,,128,3.91,0.89,us,usc000mfqb,2014-04-08T01:43:23.000Z,"41 km NE of Shwebo, Myanmar",earthquake,,5.1,0.155,15,reviewed,us,us
2014-01-30T12:17:14.780Z,22.8394,94.3778,90.83,4.7,mb,,28,2.53,1.15,us,usc000mdkf,2014-04-08T01:43:17.000Z,"72 km E of Falam, Myanmar",earthquake,,6.5,0.057,100,reviewed,us,us
2014-01-29T13:46:50.340Z,23.8428,93.9581,59.11,5.1,mb,,19,2.425,0.68,us,usc000mcu0,2022-05-03T16:39:38.987Z,"50 km WNW of Mawlaik, Myanmar",earthquake,,4.4,0.043,180,reviewed,us,us
2014-01-26T12:38:37.240Z,23.0007,95.9078,12.43,5.2,mb,,50,4.006,1.24,us,usb000m8ca,2022-05-03T16:39:26.234Z,"52 km NNE of Shwebo, Myanmar",earthquake,,3.1,0.057,108,reviewed,us,us
2014-01-24T23:25:25.940Z,22.6167,95.7353,24.58,4.1,mb,,77,3.889,1.15,us,usb000m7tx,2014-03-27T18:15:39.000Z,"6 km NE of Shwebo, Myanmar",earthquake,,5.2,0.105,27,reviewed,us,us
2014-01-24T00:51:35.500Z,23.8426,93.9346,70.85,4,mb,,101,2.406,0.61,us,usc000mk9k,2014-03-27T18:15:37.000Z,"52 km WNW of Mawlaik, Myanmar",earthquake,,5.4,0.156,13,reviewed,us,us
2014-01-20T13:18:26.930Z,22.1231,92.7127,32.08,4.1,mb,,124,1.133,0.43,us,usc000mi0d,2014-03-22T00:05:26.000Z,"49 km SW of Saiha, India",earthquake,,5.8,0.37,2,reviewed,us,us
2014-01-10T21:40:36.000Z,28.2474,93.3721,15.05,4.1,mb,,65,2.444,1.19,us,usb000m7f8,2014-03-15T03:39:02.000Z,"85 km NNW of Ziro, India",earthquake,,4.3,0.127,19,reviewed,us,us
2014-01-07T16:32:10.710Z,22.929,94.1357,52.67,4.2,mb,,142,3.35,0.62,us,usb000m77k,2014-03-07T00:26:01.000Z,"47 km E of Falam, Myanmar",earthquake,,9.5,0.166,13,reviewed,us,us
2013-12-30T09:44:13.340Z,24.1788,93.1207,38.13,4.2,mb,,113,1.797,0.41,us,usb000m2pi,2014-02-28T08:44:13.000Z,"27 km NE of Darlawn, India",earthquake,,5.7,0.215,,reviewed,us,us
2013-12-25T13:25:48.000Z,22.6063,94.3609,109.25,4.3,mb,,49,2.512,0.87,us,usc000ly9a,2014-02-28T08:44:07.000Z,"77 km E of Hakha, Myanmar",earthquake,,7.7,0.154,,reviewed,us,us
2013-12-15T07:35:39.950Z,23.0989,94.2789,95.54,4.1,mb,,92,2.467,0.93,us,usc000ln84,2014-02-21T23:00:55.000Z,"61 km SSW of Mawlaik, Myanmar",earthquake,,9.1,0.197,,reviewed,us,us
2013-12-04T13:05:19.880Z,26.5885,89.5628,13.6,4.7,mb,,73,2.299,0.87,us,usb000lb7b,2022-07-26T02:59:33.636Z,"12 km NNE of Al?pur Du?r, India",earthquake,,2,0.076,,reviewed,us,us
2013-12-03T10:02:58.240Z,23.0163,96.1736,17.03,4.1,mb,,154,4.686,0.72,us,usb000lcpm,2014-02-15T01:32:07.000Z,"36 km WNW of Mogok, Myanmar",earthquake,,6.7,0.198,,reviewed,us,us
2013-11-29T01:54:49.070Z,28.8721,95.8701,35.15,5,mb,,40,4.225,0.63,us,usb000l7uv,2022-07-26T02:40:25.125Z,"103 km NNE of P?sigh?t, India",earthquake,,3.8,0.056,,reviewed,us,us
2013-11-27T17:29:33.670Z,26.2586,96.153,89.8,4.5,mb,,95,3.93,0.81,us,usb000la0x,2014-02-12T01:08:35.000Z,"65 km W of Sarupathar, India",earthquake,,10.3,0.181,,reviewed,us,us
2013-11-12T19:52:14.180Z,24.4844,94.6661,88.79,4.4,mb,,35,2.767,1.18,us,usb000kwcc,2014-01-31T21:22:17.000Z,"62 km E of W?ngjing, India",earthquake,,6.7,0.082,,reviewed,us,us
2013-11-06T04:19:20.640Z,26.3701,93.5345,46.84,4.8,mb,,57,1.709,0.88,us,usb000kylc,2014-01-17T00:29:09.000Z,"30 km SSW of Bok?kh?t, India",earthquake,,7.3,0.121,,reviewed,us,us
2013-11-06T04:16:16.060Z,26.4118,93.6451,34.32,5.4,mb,,25,1.816,0.96,us,usb000ktbm,2022-07-26T01:04:27.812Z,"24 km SSW of Num?ligarh, India",earthquake,,2.4,0.045,,reviewed,us,us
2013-10-29T18:09:15.470Z,27.2426,91.3813,38.19,4.3,mb,,119,1.722,0.75,us,usc000kqwk,2014-01-10T10:03:35.000Z,"14 km ESE of Mongar, Bhutan",earthquake,,7,0.096,,reviewed,us,us
2013-10-29T07:51:27.090Z,23.0264,94.4265,84.87,4.6,mb,,18,2.591,0.75,us,usc000kqin,2014-01-10T10:03:34.000Z,"68 km S of Mawlaik, Myanmar",earthquake,,5.4,0.073,,reviewed,us,us
2013-10-28T01:08:09.480Z,25.2388,95.5348,44.81,4,mb,,166,3.343,0.75,us,usb000ky9i,2014-01-03T00:32:56.000Z,"114 km ESE of Phek, India",earthquake,,16.3,0.299,,reviewed,us,us
2013-10-21T20:11:34.000Z,23.0293,94.4506,96.78,4.4,mb,,154,2.613,0.38,us,usb000kx68,2013-12-30T23:41:17.000Z,"68 km S of Mawlaik, Myanmar",earthquake,,10.4,0.24,,reviewed,us,us
2013-10-10T17:54:53.560Z,23.1303,95.9927,9.6,4.4,mb,,95,4.153,0.49,us,usb000ka7a,2013-12-24T01:42:58.000Z,"58 km WNW of Mogok, Myanmar",earthquake,,4.5,0.18,,reviewed,us,us
2013-10-07T20:53:58.620Z,26.2602,92.9225,7.87,4.2,mb,,64,1.183,1.04,us,usb000kdfs,2013-12-19T02:51:38.000Z,"29 km NNE of Hoj?i, India",earthquake,,4.7,0.175,,reviewed,us,us
2013-10-03T06:12:39.140Z,27.2898,88.4022,9.87,5.2,mb,,37,3.395,0.61,us,usb000k57j,2022-07-25T23:12:46.780Z,"11 km WNW of Singtam, India",earthquake,,2.4,0.044,,reviewed,us,us
2013-09-28T19:50:32.960Z,24.8368,94.7407,91.29,4.2,mb,,108,2.712,0.63,us,usb000k1re,2013-12-13T09:00:36.000Z,"72 km ENE of Yairipok, India",earthquake,,6.6,0.105,,reviewed,us,us
2013-09-26T05:30:05.660Z,23.8621,93.2795,55.92,4.6,mb,,162,6.127,0.58,us,usb000k60p,2013-12-13T09:00:33.000Z,"39 km ESE of Darlawn, India",earthquake,,7.7,0.146,,reviewed,us,us
2013-09-20T12:24:46.270Z,22.9341,95.9607,4,5.7,mww,,30,3.995,0.44,us,usb000jwly,2022-05-03T17:38:52.445Z,"48 km NE of Shwebo, Myanmar",earthquake,,1.8,,,reviewed,us,us
2013-09-20T11:53:26.430Z,22.8604,95.8765,10,4.9,mb,,55,3.888,0.46,us,usb000jwlv,2022-05-03T16:26:41.795Z,"37 km NNE of Shwebo, Myanmar",earthquake,,1.9,0.071,,reviewed,us,us
2013-09-09T11:58:16.360Z,27.1438,92.3593,10,4.5,mb,,53,1.634,0.9,us,usb000jm0y,2013-11-15T03:20:29.000Z,"14 km SSW of Bomdila, India",earthquake,,1.8,0.088,,reviewed,us,us
2013-09-09T03:28:31.970Z,22.9608,95.9365,10,5,mb,,60,4.538,1.03,us,usb000jlv7,2013-11-15T03:20:29.000Z,"49 km NNE of Shwebo, Myanmar",earthquake,,1.8,0.073,,reviewed,us,us
2013-09-07T03:24:56.240Z,25.3564,95.0718,81.93,4.5,mb,,73,2.914,0.74,us,usb000jkq0,2013-11-15T03:20:26.000Z,"66 km ESE of Phek, India",earthquake,,6.5,0.099,,reviewed,us,us
2013-08-31T21:06:34.490Z,28.7788,94.4454,29.91,4.5,mb,,72,3.042,0.73,us,usb000jehx,2013-11-06T01:33:37.000Z,"28 km NNE of Shi Yomi, India",earthquake,,5.3,0.061,,reviewed,us,us
2013-08-21T12:56:30.410Z,24.5651,94.7308,95.01,4.2,mb,,117,2.791,1.44,us,usb000jc6e,2013-10-25T20:09:29.000Z,"67 km E of W?ngjing, India",earthquake,,6.8,0.215,,reviewed,us,us
2013-08-21T08:41:51.110Z,26.6379,92.5235,53.17,4.2,mb,,98,1.223,0.93,us,usb000j81c,2013-10-25T20:09:27.000Z,"8 km SSE of Dhekiajuli, India",earthquake,,8.4,0.159,,reviewed,us,us
2013-08-21T06:57:21.490Z,26.6306,92.5269,54.4,4.2,mb,,87,1.219,1.13,us,usb000j80x,2013-10-25T20:09:26.000Z,"9 km SSE of Dhekiajuli, India",earthquake,,8,0.152,,reviewed,us,us
2013-08-13T21:25:27.690Z,25.5549,96.2594,57.67,4.3,mb,,111,3.977,0.69,us,usb000j2ka,2013-10-19T02:41:41.000Z,"90 km SW of Sarupathar, India",earthquake,,8.7,0.177,,reviewed,us,us
2013-08-06T18:36:30.500Z,23.3104,88.4902,35.88,4.5,mb,,112,3.802,0.76,us,usb000j2w5,2020-07-10T18:14:55.244Z,"9 km NE of Sh?ntipur, India",earthquake,,8.6,0.383,,reviewed,us,us
2013-08-02T12:04:30.140Z,23.9377,94.7314,100.98,5,mb,,25,3.076,1.01,us,usb000itzy,2013-09-25T17:45:50.000Z,"46 km NE of Mawlaik, Myanmar",earthquake,,5.2,0.051,,reviewed,us,us
2013-07-20T09:14:15.060Z,22.044,94.427,99.5,4.4,mb,60,58,,0.85,us,usb000iifh,2014-11-07T01:51:18.594Z,"73 km W of Monywa, Myanmar",earthquake,,4,,48,reviewed,us,us
2013-07-12T07:01:32.200Z,26.267,90.7,48.2,4.1,mb,12,166,,0.63,us,usp000k1xk,2014-11-07T01:51:15.636Z,"6 km SSE of Abhay?puri, India",earthquake,,13.3,,8,reviewed,us,us
2013-07-11T18:48:12.420Z,29.094,95.935,26.4,4.2,mb,9,138,,0.5,us,usp000k1wu,2014-11-07T01:51:15.537Z,"127 km NNW of Hayuliang, India",earthquake,,7.8,,1,reviewed,us,us
2013-07-08T13:27:46.580Z,24.138,95.795,58.4,4.3,mb,14,158.3,,0.52,us,usp000k1u0,2014-11-07T01:51:14.368Z,"146 km W of Bhamo, Myanmar",earthquake,,12.9,,1,reviewed,us,us
2013-07-08T03:44:20.050Z,23.84,91.359,10.1,4.1,mb,19,100,,1.15,us,usp000k1tj,2014-11-07T01:51:14.269Z,"0 km NW of R?n?r B?z?r, India",earthquake,,5.4,,12,reviewed,us,us
2013-07-06T21:41:53.420Z,25.937,93.412,48.9,4.1,mb,14,113,,0.55,us,usp000k1s8,2014-11-07T01:51:14.019Z,"10 km N of Diphu, India",earthquake,,5.7,,4,reviewed,us,us
2013-06-06T19:00:53.220Z,27.724,89.276,10,3.9,mb,7,181,,1.27,us,usc000hhzu,2022-07-25T04:53:36.037Z,"35 km NNW of Paro, Bhutan",earthquake,,6.1,,3,reviewed,us,us
2013-06-01T13:28:53.880Z,22.02,88.572,10,4.1,mb,21,102,,1,us,usb000hbd2,2022-07-25T04:14:50.015Z,"22 km NE of Kultali, India",earthquake,,,,16,reviewed,us,us
2013-05-06T21:07:06.690Z,25.047,96.535,53,4.2,mb,54,55,,1.18,us,usa000hjh9,2014-11-07T01:50:45.244Z,"94 km WSW of Myitkyina, Myanmar",earthquake,,8.9,,33,reviewed,us,us
2013-04-27T05:16:56.250Z,27.513,92.644,28.3,4.4,mb,43,74,,0.9,us,us2013pmce,2014-11-07T01:50:39.021Z,"35 km NE of Bomdila, India",earthquake,,6,,33,reviewed,us,us
2013-04-27T03:17:13.120Z,27.608,92.992,28.9,4.1,mb,27,152.3,,0.78,us,us2013pmcc,2014-11-07T01:50:39.006Z,"67 km NE of Bomdila, India",earthquake,,17.5,,5,reviewed,us,us
2013-04-21T19:35:38.670Z,22.999,94.028,74.3,4.6,mb,37,82.3,,0.77,us,usb000gd6n,2014-11-07T01:50:37.314Z,"37 km ENE of Falam, Myanmar",earthquake,,5.9,,18,reviewed,us,us
2013-04-18T03:00:00.470Z,22.802,94.093,54.6,4.3,mb,51,69,,0.98,us,usp000k0aj,2014-11-07T01:50:35.451Z,"44 km ESE of Falam, Myanmar",earthquake,,3.8,,31,reviewed,us,us
2013-04-16T08:34:14.090Z,28.887,95.15,39.5,5.2,mb,230,15,,0.57,us,usb000g7uy,2014-11-07T01:50:34.430Z,"Arunachal Pradesh, India",earthquake,,3.4,,180,reviewed,us,us
2013-04-16T01:23:23.420Z,26.06,91.979,43.8,4.4,mb,61,63,,1.14,us,usb000g7ns,2022-07-24T23:37:52.889Z,"19 km ESE of Dispur, India",earthquake,,8.9,,34,reviewed,us,us
2013-03-30T20:04:45.850Z,23.071,95.976,10,4.8,mb,121,39.4,,0.62,us,usb000fwr0,2022-05-03T16:12:15.525Z,"57 km WNW of Mogok, Myanmar",earthquake,,,,83,reviewed,us,us
2013-03-17T04:17:39.470Z,29.101,95.869,27,4.4,mb,46,67.7,,0.75,us,us2013mwaf,2014-11-07T01:50:21.146Z,"126 km NNE of P?sigh?t, India",earthquake,,,,11,reviewed,us,us
2013-03-02T01:30:38.630Z,24.677,92.222,38.7,5.2,mwb,268,18.8,,0.63,us,usc000ff4h,2022-07-24T19:30:33.038Z,"25 km SSW of Kar?mganj, India",earthquake,,,,,reviewed,us,us
2013-02-28T18:32:26.760Z,22.609,94.557,104.1,4.6,mb,20,145.2,,0.84,us,usb000fmnf,2014-11-07T01:50:12.709Z,"81 km NW of Monywa, Myanmar",earthquake,,8.3,,2,reviewed,us,us
2013-02-19T21:05:12.080Z,25.35,89.03,11.8,4.1,mb,40,115.9,,1.13,us,us2013lvax,2014-11-07T01:50:09.885Z,"27 km N of Joypur H?t, Bangladesh",earthquake,,22.8,,15,reviewed,us,us
2013-01-15T11:17:00.400Z,23.61,94.707,110.9,4.7,mb,62,63.3,,0.61,us,usp000jyeh,2014-11-07T01:49:50.197Z,"31 km E of Mawlaik, Myanmar",earthquake,,4,,32,reviewed,us,us
2013-01-09T01:41:53.260Z,25.329,95.048,93,5.8,mww,482,14.7,,0.99,us,usp000jy3c,2024-06-17T20:55:42.290Z,"66 km SE of Phek, India",earthquake,,,,,reviewed,us,us
2013-01-07T05:32:42.820Z,28.216,94.242,10,4.2,mb,35,63.6,,0.84,us,usp000jy0m,2014-11-07T01:49:47.391Z,"37 km SSW of Shi Yomi, India",earthquake,,,,10,reviewed,us,us
2013-01-03T05:47:27.730Z,24.886,94.002,73.8,4.4,mb,55,86.6,,0.8,us,usp000jxs4,2014-11-07T01:49:45.407Z,"10 km NE of Imph?l, India",earthquake,,5.7,,18,reviewed,us,us
2013-01-02T17:25:40.480Z,22.624,94.02,63.8,4.4,mb,48,78.2,,0.99,us,usp000jxre,2014-11-07T01:49:44.701Z,"42 km E of Hakha, Myanmar",earthquake,,,,10,reviewed,us,us
2012-12-30T10:43:41.880Z,22.96,95.96,37.3,4.2,mb,25,154.5,,0.74,us,usp000jxm8,2014-11-07T01:49:41.030Z,"50 km NNE of Shwebo, Myanmar",earthquake,,8.3,,6,reviewed,us,us
2012-12-30T08:16:43.130Z,24.209,91.782,22.5,4.3,mb,19,119.5,,1.08,us,usp000jxkz,2014-11-07T01:49:41.012Z,"5 km WNW of Kamalpur, India",earthquake,,22.7,,4,reviewed,us,us
2012-12-26T15:20:40.130Z,22.794,95.92,3.8,4.4,mb,24,132.2,,1.03,us,usp000jxe8,2014-11-07T01:49:39.924Z,"33 km NE of Shwebo, Myanmar",earthquake,,27.4,,8,reviewed,us,us
2012-12-26T13:59:46.060Z,22.783,95.908,18,4.9,mb,75,74.3,,0.72,us,usp000jxe7,2022-05-03T16:02:09.841Z,"32 km NE of Shwebo, Myanmar",earthquake,,10.8,,33,reviewed,us,us
2012-12-26T08:48:47.870Z,23.208,96.18,35,4.4,mb,39,129.4,,0.87,us,usp000jxe1,2014-11-07T01:49:39.870Z,"46 km NW of Mogok, Myanmar",earthquake,,,,12,reviewed,us,us
2012-12-22T16:41:45.740Z,22.443,94.782,134.4,5.5,mww,213,19.6,,0.94,us,usp000jx9b,2024-06-17T20:51:01.060Z,"51 km NW of Monywa, Myanmar",earthquake,,4.4,,,reviewed,us,us
2012-12-21T02:23:49.360Z,28.567,88.536,45.3,4.2,mb,56,130.8,,0.83,us,usp000jx76,2014-11-07T01:49:38.177Z,"82 km SSW of Rikaze, China",earthquake,,7.7,,11,reviewed,us,us
2012-12-20T05:56:04.350Z,22.862,95.99,10,4.7,mb,53,74.3,,0.78,us,usp000jx66,2014-11-07T01:49:38.000Z,"44 km NE of Shwebo, Myanmar",earthquake,,,,16,reviewed,us,us
2012-12-18T11:51:57.960Z,25.399,96.61,32.1,4.6,mb,73,45.2,,0.93,us,usp000jx3x,2014-11-07T01:49:37.601Z,"79 km W of Myitkyina, Myanmar",earthquake,,13.8,,38,reviewed,us,us
2012-12-14T02:17:30.990Z,22.745,95.874,10,4.7,mb,65,65.9,,0.67,us,usp000jwxp,2014-11-07T01:49:36.137Z,"26 km NE of Shwebo, Myanmar",earthquake,,,,30,reviewed,us,us
2012-12-13T16:13:23.590Z,23.117,96.041,10,4.3,mb,19,152.6,,1.05,us,usp000jwx5,2014-11-07T01:49:35.910Z,"52 km WNW of Mogok, Myanmar",earthquake,,,,5,reviewed,us,us
2012-12-13T10:05:22.710Z,22.222,92.592,10,4.2,mb,23,161.4,,0.65,us,usp000jwwy,2014-11-07T01:49:35.874Z,"38 km E of B?ndarban, Bangladesh",earthquake,,,,7,reviewed,us,us
2012-12-11T07:19:04.920Z,23.192,93.892,67.5,4.2,mb,57,107,,0.74,us,usp000jwu5,2014-11-07T01:49:35.408Z,"37 km NE of Falam, Myanmar",earthquake,,5,,18,reviewed,us,us
2012-12-05T08:05:03.300Z,25.019,95.094,105.1,4.2,mb,39,117.3,,0.8,us,usp000jwfx,2014-11-07T01:49:32.848Z,"93 km SE of Phek, India",earthquake,,6.5,,12,reviewed,us,us
2012-12-03T11:55:27.520Z,23.11,95.889,35.4,4.6,mb,67,75.7,,0.83,us,usp000jwd3,2014-11-07T01:49:31.879Z,"63 km NNE of Shwebo, Myanmar",earthquake,,6.1,,29,reviewed,us,us
2012-11-30T19:39:30.580Z,27.22,88.2,25,4.7,mb,84,116.4,,0.92,us,usp000jw9j,2015-03-24T02:15:46.918Z,"9 km SW of Gyalshing, India",earthquake,,11.3,,30,reviewed,us,us
2012-11-30T12:58:08.180Z,22.827,95.94,10,4.2,mb,19,160.5,,1.22,us,usp000jw9b,2014-11-07T01:49:27.910Z,"37 km NE of Shwebo, Myanmar",earthquake,,,,3,reviewed,us,us
2012-11-30T03:52:20.700Z,25.683,95.998,97.2,4.4,mb,18,113.2,,0.64,us,usp000jw8p,2014-11-07T01:49:27.767Z,"99 km SW of Sarupathar, India",earthquake,,15,,8,reviewed,us,us
2012-11-28T12:11:43.980Z,22.692,96.033,10,4.3,mb,26,76.1,,0.95,us,usp000jw6s,2014-11-07T01:49:27.310Z,"37 km ENE of Shwebo, Myanmar",earthquake,,,,6,reviewed,us,us
2012-11-25T06:01:45.530Z,23.62,91.482,39.8,4.5,mb,59,60.3,,0.65,us,usp000jw1n,2014-11-07T01:49:26.257Z,"9 km N of Udaipur, India",earthquake,,5,,15,reviewed,us,us
2012-11-23T10:24:26.910Z,22.402,95.736,10,4.4,mb,23,132.8,,0.69,us,usp000jvzh,2014-11-07T01:49:25.767Z,"18 km SSE of Shwebo, Myanmar",earthquake,,,,6,reviewed,us,us
2012-11-19T17:25:53.010Z,22.992,95.959,31.1,4.9,mb,81,67.3,,1.25,us,usp000jvuh,2015-03-24T02:23:10.708Z,"53 km NNE of Shwebo, Myanmar",earthquake,,14.7,,38,reviewed,us,us
2012-11-14T14:04:36.070Z,22.821,96.06,10,4.4,mb,19,134.8,,0.56,us,usp000jvk9,2014-11-07T01:49:22.746Z,"46 km NE of Shwebo, Myanmar",earthquake,,0,,4,reviewed,us,us
2012-11-13T18:28:12.810Z,22.895,95.943,10,5,mb,129,36.1,,0.99,us,usp000jvj3,2014-11-07T01:49:22.410Z,"43 km NE of Shwebo, Myanmar",earthquake,,,,77,reviewed,us,us
2012-11-13T08:42:02.470Z,23.105,96.156,10,4.2,mb,25,115,,0.99,us,usp000jvhg,2014-11-07T01:49:22.327Z,"41 km WNW of Mogok, Myanmar",earthquake,,,,4,reviewed,us,us
2012-11-13T08:36:24.210Z,23.1,96.013,10,4.7,mb,23,77.9,,0.86,us,usp000jvhe,2014-11-07T01:49:22.323Z,"54 km WNW of Mogok, Myanmar",earthquake,,,,3,reviewed,us,us
2012-11-11T18:19:45.080Z,23.132,95.866,28.4,5.5,mww,217,19,,1.18,us,usp000jvd9,2022-05-03T15:57:15.367Z,"64 km NNE of Shwebo, Myanmar",earthquake,,10.9,,,reviewed,us,us
2012-11-11T14:45:03.020Z,22.749,95.938,8.8,4.8,mb,45,74.3,,0.76,us,usp000jvd0,2014-11-07T01:49:20.720Z,"31 km NE of Shwebo, Myanmar",earthquake,,14.6,,19,reviewed,us,us
2012-11-11T10:54:41.350Z,22.72,95.832,6,5.8,mww,279,29,,0.95,us,usp000jvcs,2024-06-17T20:36:58.275Z,"21 km NE of Shwebo, Myanmar",earthquake,,,,,reviewed,us,us
2012-11-11T01:49:23.510Z,22.711,95.92,10,4.1,mb,37,131.1,,1.19,us,usp000jvbz,2014-11-07T01:49:20.509Z,"27 km NE of Shwebo, Myanmar",earthquake,,,,5,reviewed,us,us
2012-11-11T01:40:00.160Z,23.082,95.922,12,4.4,mb,41,88.4,,0.73,us,usp000jvbx,2014-11-07T01:49:20.496Z,"61 km NNE of Shwebo, Myanmar",earthquake,,15.7,,8,reviewed,us,us
2012-11-11T01:37:39.160Z,22.985,96.148,10,4.5,mb,37,76.1,,0.74,us,usp000jvbw,2014-11-07T01:49:20.470Z,"37 km WNW of Mogok, Myanmar",earthquake,,,,9,reviewed,us,us
2012-11-11T01:32:27.630Z,22.679,95.839,13.7,4.9,mb,79,73.8,,0.92,us,usp000jvbv,2022-05-03T16:04:51.581Z,"18 km NE of Shwebo, Myanmar",earthquake,,13.7,,27,reviewed,us,us
2012-11-11T01:31:47.630Z,23.356,95.963,20,4.3,mb,32,130.2,,0.7,us,usp000jvbu,2014-11-07T01:49:20.458Z,"74 km NW of Mogok, Myanmar",earthquake,,25.9,,9,reviewed,us,us
2012-11-11T01:29:58.670Z,22.794,95.919,10,4.8,mb,77,54.6,,0.82,us,usp000jvbt,2022-05-03T15:56:58.035Z,"33 km NE of Shwebo, Myanmar",earthquake,,,,17,reviewed,us,us
2012-11-11T01:21:16.510Z,22.81,95.926,17.5,4.9,mb,46,90,,1,us,usp000jvbs,2022-05-03T15:58:36.792Z,"35 km NE of Shwebo, Myanmar",earthquake,,20.1,,12,reviewed,us,us
2012-11-11T01:12:38.870Z,23.005,95.885,13.7,6.8,mww,391,13.7,,1.05,us,usp000jvbq,2022-05-03T15:57:10.253Z,"51 km NNE of Shwebo, Myanmar",earthquake,,3.7,,,reviewed,us,us
2012-11-02T21:31:48.630Z,24.893,95.088,106.1,4.5,mb,49,85.7,,0.96,us,usp000juy9,2014-11-07T01:49:17.435Z,"104 km SE of Phek, India",earthquake,,6.3,,13,reviewed,us,us
2012-10-30T01:40:26.490Z,26.117,92.337,62,4.6,mb,36,102,,0.67,us,usp000jus2,2014-11-07T01:49:11.684Z,"14 km S of Morigaon, India",earthquake,,6.2,,6,reviewed,us,us
2012-10-28T11:04:14.700Z,23.005,94.681,103.8,4.3,mb,65,64.4,,0.79,us,usp000jumm,2014-11-07T01:49:10.217Z,"76 km SSE of Mawlaik, Myanmar",earthquake,,4.8,,27,reviewed,us,us
2012-10-26T04:42:30.490Z,24.869,96.116,10,4,mb,14,122.3,,0.88,us,usp000juf4,2014-11-07T01:49:08.820Z,"132 km WNW of Bhamo, Myanmar",earthquake,,,,3,reviewed,us,us
2012-10-24T21:07:40.670Z,28.858,94.39,10,4,mb,19,112.9,,1.02,us,usp000judc,2014-11-07T01:49:08.448Z,"36 km N of Shi Yomi, India",earthquake,,,,5,reviewed,us,us
2012-10-20T18:27:09.840Z,28.319,91.838,25.9,4.2,mb,27,114.3,,0.99,us,usp000ju7f,2014-11-07T01:49:07.219Z,"82 km N of Tawang, India",earthquake,,20.3,,7,reviewed,us,us
2012-10-12T23:16:14.620Z,24.548,94.017,35,4,mb,16,114.1,,0.99,us,usp000jtx5,2014-11-07T01:49:04.915Z,"6 km SW of W?ngjing, India",earthquake,,,,2,reviewed,us,us
2012-10-10T05:29:56.710Z,26.064,96.368,52.6,4.2,mb,28,114.3,,0.65,us,usp000jttc,2014-11-07T01:49:04.291Z,"46 km WSW of Sarupathar, India",earthquake,,9.1,,6,reviewed,us,us
2012-10-02T18:51:38.010Z,26.913,92.939,37.8,4.5,mb,67,50.4,,0.79,us,usp000jte6,2014-11-07T01:49:01.153Z,"28 km ENE of Rang?p?ra, India",earthquake,,,,23,reviewed,us,us
2012-10-02T18:40:42.920Z,26.953,92.994,35,4.6,mb,61,67.5,,0.96,us,usp000jte5,2014-11-07T01:49:01.143Z,"34 km ENE of Rang?p?ra, India",earthquake,,,,22,reviewed,us,us
2012-10-02T18:37:38.700Z,26.879,92.818,36.8,5.2,mb,258,22.5,,0.84,us,usp000jte2,2015-03-24T01:33:08.698Z,"15 km ENE of Rang?p?ra, India",earthquake,,,,149,reviewed,us,us
2012-09-22T20:42:48.230Z,25.459,96.682,42.8,4.6,mb,94,34.9,,1.03,us,usp000jsrb,2014-11-07T01:48:53.993Z,"72 km W of Myitkyina, Myanmar",earthquake,,7,,39,reviewed,us,us
2012-09-19T06:28:34.480Z,22.035,93.881,72.3,4.6,mb,46,122.5,,0.74,us,usp000jsjr,2014-11-07T01:48:52.805Z,"73 km SSE of Hakha, Myanmar",earthquake,,5.1,,9,reviewed,us,us
2012-09-18T12:26:25.280Z,27.33,88.642,42.2,4.6,mb,56,115.1,,0.74,us,usp000jshq,2014-11-07T01:48:52.702Z,"2 km E of Gangtok, India",earthquake,,6.4,,16,reviewed,us,us
2012-09-11T18:09:49.790Z,24.41,93.53,60.4,4.5,mb,17,156.2,,0.78,us,usp000js60,2014-11-07T01:48:50.576Z,"16 km WNW of Chur?ch?ndpur, India",earthquake,,8.2,,6,reviewed,us,us
2012-09-11T11:09:46.660Z,23.803,94.382,50.5,4.8,mb,71,92.7,,0.77,us,usp000js54,2014-11-07T01:48:50.407Z,"17 km N of Mawlaik, Myanmar",earthquake,,5.9,,30,reviewed,us,us
2012-09-06T18:27:11.800Z,25.455,91.208,45.1,4.5,mb,28,64.5,,0.79,us,usp000jrvu,2014-11-07T01:48:48.114Z,"8 km SW of Nongstoin, India",earthquake,,8.5,,2,reviewed,us,us
2012-08-31T19:10:10.910Z,25.175,96.895,35,4.6,mb,19,128.8,,0.73,us,usp000jrak,2014-11-07T01:48:40.747Z,"55 km WSW of Myitkyina, Myanmar",earthquake,,,,4,reviewed,us,us
2012-08-19T19:04:57.560Z,26.561,92.622,57,4,mb,18,120.3,,0.84,us,usp000jqh4,2014-11-07T01:48:35.938Z,"18 km NE of Dhing, India",earthquake,,9.9,,2,reviewed,us,us
2012-08-19T09:24:49.380Z,26.599,92.57,48.9,4.8,mb,212,42.5,,0.68,us,usp000jqgm,2022-05-03T15:47:01.368Z,"14 km SE of Dhekiajuli, India",earthquake,,2.4,,92,reviewed,us,us
2012-08-05T06:36:51.140Z,24.714,91.863,56.8,4.2,mb,15,117.3,,0.76,us,usp000jpx3,2014-11-07T01:48:30.897Z,"20 km S of Sylhet, Bangladesh",earthquake,,9.6,,1,reviewed,us,us
2012-08-02T19:08:31.520Z,23.076,94.22,35,4.2,mb,15,97.9,,1.12,us,usp000jpt0,2014-11-07T01:48:29.407Z,"58 km ENE of Falam, Myanmar",earthquake,,,,1,reviewed,us,us
2012-08-02T19:06:12.700Z,26.103,96.324,55.6,5.1,mb,164,61.2,,1.02,us,usp000jpsz,2022-05-03T15:45:01.044Z,"49 km WSW of Sarupathar, India",earthquake,,4.8,,92,reviewed,us,us
2012-08-01T21:58:38.880Z,26.055,96.311,43.8,4.7,mb,83,61.3,,0.98,us,usp000jprc,2014-11-07T01:48:28.238Z,"52 km WSW of Sarupathar, India",earthquake,,6.6,,19,reviewed,us,us
2012-07-29T02:21:12.600Z,22.935,94.299,75.3,5.7,mwb,481,12.2,,0.87,us,usp000jpkd,2024-06-17T19:52:25.433Z,"63 km E of Falam, Myanmar",earthquake,,3.5,,,reviewed,us,us
2012-07-22T03:08:48.100Z,25.059,96.725,10,4.3,mb,8,148.5,,0.82,us,usp000jpa3,2014-11-07T01:48:22.526Z,"76 km WSW of Myitkyina, Myanmar",earthquake,,,,2,reviewed,us,us
2012-07-22T02:11:12.210Z,24.998,96.427,22.6,5.1,mb,166,41.4,,1.01,us,usp000jpa0,2022-05-03T15:44:20.469Z,"106 km WSW of Myitkyina, Myanmar",earthquake,,10.7,,86,reviewed,us,us
2012-07-17T06:00:41.110Z,23.054,93.074,47.6,4.4,mb,41,86.9,,0.75,us,usp000jp3e,2014-11-07T01:48:20.597Z,"8 km S of North Vanlaiphai, India",earthquake,,5.9,,10,reviewed,us,us
2012-07-16T23:16:12.980Z,25.437,96.546,41.1,4.4,mb,25,143.2,,0.84,us,usp000jp33,2014-11-07T01:48:20.554Z,"85 km W of Myitkyina, Myanmar",earthquake,,11.5,,8,reviewed,us,us
2012-07-14T19:55:17.950Z,25.424,94.48,52.1,5.2,mwb,278,18.9,,0.91,us,usp000jp0s,2022-05-03T15:43:59.395Z,"26 km S of Phek, India",earthquake,,,,,reviewed,us,us
2012-07-10T13:03:55.050Z,27.074,90.663,35,4.7,mb,13,169,,1.4,us,usp000jnuf,2014-11-07T01:48:17.996Z,"15 km S of Shemgang, Bhutan",earthquake,,,,7,reviewed,us,us
2012-07-09T20:13:07.390Z,25.347,96.529,31,5.1,mb,151,40.8,,1.12,us,usp000jntd,2022-05-03T15:43:45.683Z,"87 km W of Myitkyina, Myanmar",earthquake,,12.6,,94,reviewed,us,us
2012-07-01T04:54:04.390Z,25.587,94.723,58.2,4.3,mb,38,66.2,,0.74,us,usp000jney,2014-11-07T01:48:13.280Z,"24 km ESE of Phek, India",earthquake,,,,3,reviewed,us,us
2012-07-01T04:13:52.090Z,25.592,94.696,58,5.6,mwb,279,17.6,,1.08,us,usp000jnev,2022-05-03T15:43:32.385Z,"21 km ESE of Phek, India",earthquake,,,,,reviewed,us,us
2012-06-30T19:43:25.210Z,28.638,96.393,43.1,4.7,mb,120,50.6,,0.73,us,usp000jned,2014-11-07T01:48:10.628Z,"64 km NNW of Hayuliang, India",earthquake,,4.7,,51,reviewed,us,us
2012-06-12T17:02:02.660Z,23.71,94.305,45.3,4.7,mb,90,49.3,,0.78,us,usp000jmpa,2014-11-07T01:48:03.694Z,"12 km NW of Mawlaik, Myanmar",earthquake,,5,,34,reviewed,us,us
2012-06-11T04:35:59.960Z,27.306,88.13,51.5,4.5,mb,74,97.6,,0.75,us,usp000jmm9,2014-11-07T01:48:03.155Z,"12 km W of Gyalshing, India",earthquake,,9.1,,17,reviewed,us,us
2012-06-06T04:38:58.010Z,25.137,96.577,54.7,4.5,mb,26,135.9,,0.78,us,usp000jmdn,2014-11-07T01:48:01.271Z,"86 km WSW of Myitkyina, Myanmar",earthquake,,12.4,,2,reviewed,us,us
2012-05-30T09:28:14.190Z,24.517,95.085,108.7,4.5,mb,45,66.2,,0.96,us,usp000jm4d,2014-11-07T01:47:55.200Z,"103 km E of W?ngjing, India",earthquake,,6.7,,10,reviewed,us,us
2012-05-27T15:01:27.040Z,26.491,91.1,34.7,4.3,mb,41,156.7,,1.18,us,usp000jm05,2015-03-24T01:29:48.987Z,"13 km E of Barpeta Road, India",earthquake,,20.7,,9,reviewed,us,us
2012-05-11T12:41:35.300Z,26.175,92.889,43.3,5.4,mwb,164,33.3,,0.95,us,usp000jka9,2025-12-22T16:28:49.347Z,"19 km N of Hoj?i, India",earthquake,,,,,reviewed,us,us
2012-05-04T20:09:28.020Z,27.403,95.395,45.9,4.4,mb,30,118.5,,1.2,us,usp000jk0a,2014-11-07T01:47:44.364Z,"9 km ENE of Duli?gaon, India",earthquake,,10.9,,18,reviewed,us,us
2012-05-01T22:43:12.350Z,26.252,92.274,35,4.2,mb,23,144.7,,1.06,us,usp000jjvy,2014-11-07T01:47:42.652Z,"7 km W of Morigaon, India",earthquake,,,,6,reviewed,us,us
2012-04-13T10:11:53.520Z,25.244,94.983,85.1,4.5,mb,36,54.4,,0.74,us,usp000jhuu,2014-11-07T01:47:30.789Z,"67 km SE of Phek, India",earthquake,,6.7,,18,reviewed,us,us
2012-03-19T17:46:02.200Z,29.434,94.873,35,4.7,mb,39,115.3,,0.73,us,usp000jgfz,2014-11-07T01:47:16.680Z,"111 km NNE of Shi Yomi, India",earthquake,,,,5,reviewed,us,us
2012-03-18T02:56:13.390Z,23.662,90.259,44,4.5,mb,68,61.2,,0.69,us,usp000jgdy,2015-03-24T01:40:21.467Z,"14 km ENE of Doh?r, Bangladesh",earthquake,,7.2,,23,reviewed,us,us
2012-03-14T15:40:21.300Z,22.921,94.466,101.5,4,mb,30,152.5,,0.82,us,usp000jg8b,2014-11-07T01:47:14.847Z,"Myanmar",earthquake,,8.4,,5,reviewed,us,us
2012-03-01T17:25:48.650Z,27.447,91.237,53.6,4.6,mb,28,150.3,,0.64,us,usp000jfnj,2014-11-07T01:47:08.951Z,"19 km N of Mongar, Bhutan",earthquake,,7.4,,3,reviewed,us,us
2012-02-28T20:55:46.610Z,23.999,94.613,54.9,4.6,mb,95,73.6,,0.78,us,usp000jfjg,2014-11-07T01:47:05.623Z,"44 km NNE of Mawlaik, Myanmar",earthquake,,6.2,,33,reviewed,us,us
2012-02-10T19:10:01.850Z,26.146,94.253,52.3,4.8,mb,45,140.2,,0.87,us,usp000jet4,2014-11-07T01:47:00.182Z,"5 km N of Wokha, India",earthquake,,8.9,,14,reviewed,us,us
2012-02-10T15:45:17.090Z,26.046,94.248,42.6,4.3,mb,47,133.7,,0.67,us,usp000jesw,2014-11-07T01:47:00.142Z,"5 km S of Wokha, India",earthquake,,6.6,,8,reviewed,us,us
2012-01-11T22:23:20.470Z,25.203,95.153,105.3,4.6,mb,43,46.3,,0.92,us,usp000jdc9,2014-11-07T01:46:46.307Z,"83 km SE of Phek, India",earthquake,,7.8,,9,reviewed,us,us
2012-01-06T05:28:55.460Z,25.613,96.963,51.2,4.4,mb,28,120.7,,1.16,us,usp000jd40,2014-11-07T01:46:44.073Z,"50 km WNW of Myitkyina, Myanmar",earthquake,,13.1,,6,reviewed,us,us
2012-01-01T02:35:21.110Z,23.472,91.834,27.8,4.6,mb,74,77.2,,0.65,us,usp000jcwj,2015-03-24T02:28:01.440Z,"18 km ESE of Amarpur, India",earthquake,,10.4,,27,reviewed,us,us
2011-12-26T10:40:30.700Z,23.355,94.255,73.8,4.7,mb,31,143.6,,0.57,us,usp000jcnm,2014-11-07T01:46:37.657Z,"35 km SSW of Mawlaik, Myanmar",earthquake,,7.2,,10,reviewed,us,us
2011-12-12T04:45:44.120Z,24.886,95.26,122.4,4.6,mb,31,84.8,,0.92,us,usp000jc3n,2014-11-07T01:46:33.197Z,"115 km SE of Phek, India",earthquake,,5.9,,4,reviewed,us,us
2011-11-21T03:15:41.560Z,24.96,95.232,107,5.7,mww,370,14.5,,0.99,us,usp000jb6k,2024-06-17T18:28:32.070Z,"107 km SE of Phek, India",earthquake,,,,,reviewed,us,us
2011-11-04T10:14:43.240Z,24.923,95.588,160.3,4.7,mb,32,41.6,,0.8,us,usp000jaaq,2014-11-07T01:46:17.592Z,"137 km SE of Phek, India",earthquake,,5.4,,10,reviewed,us,us
2011-10-29T07:51:37.070Z,24.19,93.516,35,4.7,mb,30,154.8,,0.79,us,usp000ja2s,2014-11-07T01:46:12.352Z,"22 km SW of Chur?ch?ndpur, India",earthquake,,,,13,reviewed,us,us
2011-10-29T00:43:55.140Z,27.449,88.684,10,3.5,ml,10,213.8,,0.86,us,usp000ja25,2020-09-21T17:49:16.152Z,"15 km NNE of Gangtok, India",earthquake,,,,,reviewed,us,ndi
2011-10-21T14:40:36.320Z,24.884,94.211,65.9,4.5,mb,47,70.1,,0.94,us,usp000j9nb,2015-03-24T02:29:37.907Z,"28 km NE of Yairipok, India",earthquake,,8.3,,19,reviewed,us,us
2011-10-21T08:29:26.020Z,27.131,91.28,27,4.5,mb,64,71.5,,0.73,us,usp000j9n2,2014-11-07T01:46:08.515Z,"15 km NW of Pemagatshel, Bhutan",earthquake,,12,,24,reviewed,us,us
2011-10-16T00:53:46.650Z,23.173,93.732,66.6,4.2,mb,27,65.8,,0.54,us,usp000j9db,2014-11-07T01:46:07.020Z,"29 km N of Falam, Myanmar",earthquake,,7.2,,5,reviewed,us,us
2011-09-23T13:23:19.430Z,24.307,93.994,56.4,4.4,mb,25,75.5,,1.23,us,usp000j8f8,2014-11-07T01:45:56.741Z,"21 km S of Kakching, India",earthquake,,12.7,,5,reviewed,us,us
2011-09-22T14:17:34.580Z,23.647,95.067,139.3,4.7,mb,39,53.3,,0.9,us,usp000j8db,2015-03-24T02:27:32.401Z,"67 km E of Mawlaik, Myanmar",earthquake,,7.5,,13,reviewed,us,us
2011-09-19T08:04:13.690Z,25.002,95.178,116.8,4.5,mb,24,71.6,,0.75,us,usp000j89h,2014-11-07T01:45:55.330Z,"100 km SE of Phek, India",earthquake,,8.8,,4,reviewed,us,us
2011-09-18T19:20:54.830Z,25.759,91.178,37.1,4,mb,23,145.3,,1.15,us,usp000j88t,2014-11-07T01:45:55.225Z,"28 km NNW of Nongstoin, India",earthquake,,9.5,,2,reviewed,us,us
2011-09-18T13:54:19.630Z,27.353,88.452,28.2,4.7,mb,58,107,,1.34,us,usp000j88g,2015-03-24T01:46:36.489Z,"14 km NNW of Singtam, India",earthquake,,14.9,,18,reviewed,us,us
2011-09-18T13:12:00.350Z,27.52,88.583,40.1,4.8,mb,57,96.5,,1.14,us,usp000j88d,2015-03-24T01:56:34.208Z,"6 km E of Mangan, India",earthquake,,6.9,,13,reviewed,us,us
2011-09-18T12:40:51.830Z,27.73,88.155,50,6.9,mww,383,13,,0.96,us,usp000j88b,2025-03-03T10:37:14.677Z,"43 km NW of Mangan, India",earthquake,,,,,reviewed,us,us
2011-08-28T04:40:45.350Z,26.521,96.748,121.7,4.5,mb,54,74.1,,0.62,us,usp000j75n,2014-11-07T01:45:44.242Z,"35 km N of Sarupathar, India",earthquake,,6.9,,18,reviewed,us,us
2011-08-27T00:55:59.150Z,23.355,90.63,10,4.2,mb,7,212.4,,1.21,us,usp000j733,2014-11-07T01:45:43.694Z,"25 km WNW of H?j?ganj, Bangladesh",earthquake,,,,1,reviewed,us,us
2011-08-08T18:54:41.050Z,22.753,94.116,39.2,4.4,mb,18,107.8,,0.71,us,usp000j66f,2014-11-07T01:45:34.888Z,"48 km ESE of Falam, Myanmar",earthquake,,10.8,,1,reviewed,us,us
2011-08-07T00:02:50.100Z,22.36,93.704,43.1,4.3,mb,11,140.5,,0.85,us,usp000j63u,2014-11-07T01:45:34.491Z,"32 km SSE of Hakha, Myanmar",earthquake,,14,,4,reviewed,us,us
2011-08-05T16:23:44.810Z,24.805,95.156,114.6,4.2,mb,14,152,,0.61,us,usp000j60v,2014-11-07T01:45:34.070Z,"112 km E of Yairipok, India",earthquake,,9.3,,2,reviewed,us,us
2011-07-22T00:58:52.770Z,24.532,92.072,43.7,4,mb,9,186.2,,0.53,us,usp000j59u,2014-11-07T01:45:24.907Z,"20 km NNW of Dharmanagar, India",earthquake,,13.3,,3,reviewed,us,us
2011-07-14T22:48:10.830Z,27.123,97.061,35,4.4,mb,16,85.9,,0.79,us,usp000j4xa,2014-11-07T01:45:21.988Z,"104 km NNE of Sarupathar, India",earthquake,,,,2,reviewed,us,us
2011-06-26T02:27:08.130Z,23.809,96.391,66.3,4.3,mb,11,167.1,,1.16,us,usp000j3s6,2014-11-07T01:45:10.557Z,"98 km WSW of Bhamo, Myanmar",earthquake,,21.9,,3,reviewed,us,us
2011-06-25T23:40:40.890Z,23.734,94.259,81.4,4.7,mb,54,73.6,,0.76,us,usp000j3s0,2014-11-07T01:45:10.533Z,"17 km NW of Mawlaik, Myanmar",earthquake,,6.8,,18,reviewed,us,us
2011-06-23T12:39:39.910Z,23.887,91.484,35,4.4,mb,28,120.2,,1.02,us,usp000j3m2,2014-11-07T01:45:09.367Z,"13 km ENE of R?n?r B?z?r, India",earthquake,,,,5,reviewed,us,us
2011-06-09T07:34:27.430Z,23.602,89.655,35,4.4,mb,45,146.8,,0.93,us,usp000j2wj,2022-07-19T17:18:50.128Z,"Bangladesh",earthquake,,,,9,reviewed,us,us
2011-06-03T00:53:27.280Z,27.529,88.019,45.7,5,mb,118,33.7,,0.99,us,usp000j2m5,2022-07-19T16:41:08.905Z,"35 km NW of Gyalshing, India",earthquake,,,,48,reviewed,us,us
2011-06-01T08:38:05.060Z,25.429,96.743,41.5,4.2,mb,22,120.8,,0.91,us,usp000j2hn,2014-11-07T01:44:59.101Z,"65 km W of Myitkyina, Myanmar",earthquake,,13.2,,2,reviewed,us,us
2011-05-31T18:45:12.930Z,24.542,94.552,54.2,4.3,mb,56,115.3,,0.77,us,usp000j2gn,2014-11-07T01:44:56.647Z,"Myanmar-India border region",earthquake,,7.8,,17,reviewed,us,us
2011-05-30T19:17:34.630Z,24.221,94.509,81.5,4,mb,13,159,,0.61,us,usp000j2ez,2014-11-07T01:44:56.407Z,"60 km SE of W?ngjing, India",earthquake,,10.8,,1,reviewed,us,us
2011-05-24T03:14:22.990Z,25.102,92.307,47,4.1,mb,20,123.9,,0.63,us,usp000j24a,2014-11-07T01:44:54.568Z,"26 km N of Kar?mganj, India",earthquake,,10.2,,2,reviewed,us,us
2011-05-15T15:32:46.360Z,26.073,96.621,25.7,4.2,mb,27,120.2,,1.07,us,usp000j1n8,2014-11-07T01:44:51.444Z,"23 km SW of Sarupathar, India",earthquake,,23.2,,7,reviewed,us,us
2011-05-07T01:47:15.690Z,23.077,94.971,164.6,4.7,mb,120,49.8,,0.85,us,usp000j14t,2014-11-07T01:44:46.529Z,"85 km SE of Mawlaik, Myanmar",earthquake,,5.7,,71,reviewed,us,us
2011-05-03T14:39:00.160Z,23.686,91.321,10,4,mb,8,122,,1.57,us,usp000j0yk,2014-11-07T01:44:44.404Z,"8 km NNW of Barjala, India",earthquake,,,,4,reviewed,us,us
2011-04-29T14:25:48.840Z,26.027,97.045,35,4,mb,21,139.9,,1.18,us,usp000j0s1,2014-11-07T01:44:39.197Z,"30 km SE of Sarupathar, India",earthquake,,,,5,reviewed,us,us
2011-04-29T02:39:20.980Z,25.361,95.099,105,4.3,mb,50,110.9,,0.6,us,usp000j0r9,2014-11-07T01:44:38.993Z,"69 km ESE of Phek, India",earthquake,,7.9,,19,reviewed,us,us
2011-04-26T17:00:35.530Z,25.076,93.044,60.1,4.4,mb,50,113.8,,0.79,us,usp000j0mz,2014-11-07T01:44:38.355Z,"10 km SSE of H?flong, India",earthquake,,7.7,,15,reviewed,us,us
2011-04-22T08:13:16.310Z,23.857,96.067,47.3,4.3,mb,25,142.8,,0.95,us,usp000j0de,2014-11-07T01:44:36.356Z,"113 km NNW of Mogok, Myanmar",earthquake,,11.4,,7,reviewed,us,us
2011-04-19T13:39:37.350Z,23.772,92.866,38.1,4.1,mb,26,106.3,,0.47,us,usp000j08n,2014-11-07T01:44:35.388Z,"15 km ENE of Aizawl, India",earthquake,,7.5,,4,reviewed,us,us
2011-04-19T03:34:07.100Z,24.487,94.561,84.9,4.5,mb,69,58.1,,0.69,us,usp000j07t,2014-11-07T01:44:35.235Z,"51 km ESE of W?ngjing, India",earthquake,,5.3,,28,reviewed,us,us
2011-04-18T09:33:31.550Z,26.119,95.279,85.1,4.1,mb,27,146,,0.55,us,usp000j06h,2014-11-07T01:44:35.019Z,"48 km ESE of Tuensang, India",earthquake,,7.2,,3,reviewed,us,us
2011-04-09T03:33:01.320Z,26.923,97.2,29.2,4.4,mb,37,115,,0.62,us,usp000hzk8,2014-11-07T01:44:30.613Z,"88 km NNE of Sarupathar, India",earthquake,,14.4,,13,reviewed,us,us
2011-04-07T10:34:40.610Z,22.09,94.806,118.6,4.2,mb,31,68.2,,0.78,us,usp000hzew,2014-11-07T01:44:29.811Z,"34 km W of Monywa, Myanmar",earthquake,,4.2,,4,reviewed,us,us
2011-03-20T17:31:31.930Z,22.803,94.571,73.8,4.7,mb,37,55.5,,1.03,us,usp000hy2v,2014-11-07T01:44:15.909Z,"92 km E of Falam, Myanmar",earthquake,,10.6,,10,reviewed,us,us
2011-03-12T10:46:00.950Z,24.59,94.717,87.7,4.4,mb,12,169.3,,0.42,us,usp000hwe9,2014-11-07T01:44:02.149Z,"66 km E of W?ngjing, India",earthquake,,8.9,,1,reviewed,us,us
2011-03-08T17:48:31.780Z,22.948,94.334,88.8,4.3,mb,50,132,,0.78,us,usp000hvh0,2014-11-07T01:43:53.063Z,"67 km E of Falam, Myanmar",earthquake,,6.9,,19,reviewed,us,us
2011-03-06T00:18:24.470Z,23.946,93.989,63.3,4.4,mb,51,96.5,,0.72,us,usp000hvd7,2014-11-07T01:43:51.939Z,"53 km SE of Chur?ch?ndpur, India",earthquake,,6.7,,14,reviewed,us,us
2011-02-22T22:57:27.230Z,24.485,94.747,87.3,4,mb,30,112.8,,0.54,us,usp000huy9,2014-11-07T01:43:43.062Z,"70 km E of W?ngjing, India",earthquake,,6.8,,5,reviewed,us,us
2011-02-14T23:44:33.550Z,26.114,96.326,59.1,4.8,mb,99,59.3,,0.88,us,usp000huhr,2022-07-19T04:24:50.730Z,"49 km WSW of Sarupathar, India",earthquake,,6.9,,36,reviewed,us,us
2011-02-13T16:42:10.900Z,22.752,94.547,100.5,4.4,mb,46,57.3,,0.95,us,usp000hufd,2014-11-07T01:43:39.957Z,"90 km ESE of Falam, Myanmar",earthquake,,,,10,reviewed,us,us
2011-02-12T10:22:41.460Z,23.248,90.998,10,4.1,mb,19,113.9,,0.87,us,usp000hudt,2014-11-07T01:43:39.632Z,"12 km W of L?ksh?m, Bangladesh",earthquake,,,,5,reviewed,us,us
2011-02-10T03:51:44.230Z,27.215,88.211,46.2,4,mb,31,145.6,,0.79,us,usp000hu9w,2014-11-07T01:43:38.647Z,"9 km SSW of Gyalshing, India",earthquake,,10.4,,7,reviewed,us,us
2011-02-04T14:06:38.220Z,24.531,94.805,78.4,4.1,mb,11,112.8,,0.97,us,usp000hu2v,2014-11-07T01:43:37.280Z,"75 km E of W?ngjing, India",earthquake,,20.3,,1,reviewed,us,us
2011-02-04T13:53:46.260Z,24.618,94.68,85,6.2,mww,555,11.8,,1.04,us,usp000hu2t,2022-07-19T03:29:27.801Z,"62 km E of W?ngjing, India",earthquake,,,,,reviewed,us,us
2011-01-27T22:40:05.190Z,24.267,94.627,86.3,4.7,mb,101,52.2,,0.79,us,usp000htr2,2022-07-19T03:09:01.444Z,"67 km ESE of W?ngjing, India",earthquake,,,,35,reviewed,us,us
2011-01-27T06:10:40.930Z,23.811,92.9,10,4.1,mb,23,118.9,,1.04,us,usp000htpt,2014-11-07T01:43:30.247Z,"20 km ENE of Aizawl, India",earthquake,,,,4,reviewed,us,us
2011-01-18T02:15:50.690Z,24.401,94.756,95.9,4.8,mb,72,56.3,,0.69,us,usp000ht9t,2014-11-07T01:43:27.312Z,"73 km ESE of W?ngjing, India",earthquake,,5.7,,23,reviewed,us,us
2010-12-29T14:03:57.700Z,25.488,92.432,29.8,4.1,mb,21,139.8,,0.98,us,usp000hs8t,2014-11-07T01:43:16.383Z,"55 km E of Shillong, India",earthquake,,,,6,reviewed,us,us
2010-12-12T01:40:06.960Z,24.792,93.304,47.4,4.8,mb,95,50.5,,0.83,us,usp000hqu1,2014-11-07T01:43:06.397Z,"29 km E of Lakhipur, India",earthquake,,,,45,reviewed,us,us
2010-11-23T20:34:10.700Z,23.376,94.218,85.9,4.6,mb,53,61.2,,0.77,us,usp000hq0j,2014-11-07T01:42:57.343Z,"35 km SSW of Mawlaik, Myanmar",earthquake,,6.5,,19,reviewed,us,us
2010-11-17T04:37:15.670Z,28.469,94.174,35.6,4.6,mb,46,103.6,,1,us,usp000hpsm,2014-11-07T01:42:56.039Z,"20 km WSW of Shi Yomi, India",earthquake,,9.6,,10,reviewed,us,us
2010-10-28T07:41:01.710Z,28.397,92.896,79.4,4.6,mb,37,109.7,,0.67,us,usp000hnpr,2014-11-07T01:42:46.565Z,"128 km NW of Ziro, India",earthquake,,,,9,reviewed,us,us
2010-09-11T07:02:09.110Z,25.72,90.205,22.3,4.5,mb,55,49.5,,1.18,us,usp000hkjm,2020-07-08T02:27:37.575Z,"22 km N of Tura, India",earthquake,,,,20,reviewed,us,us
2010-09-10T17:24:16.610Z,23.407,90.648,10,5.1,mwc,73,50.3,,1.07,us,usp000hkhw,2022-07-18T19:56:50.575Z,"27 km S of Son?rgaon, Bangladesh",earthquake,,,,,reviewed,us,gcmt
2010-08-30T09:39:26.180Z,25.148,95.176,111.6,4.7,mb,50,104.3,,0.8,us,usp000hjy8,2022-07-18T19:16:18.406Z,"89 km SE of Phek, India",earthquake,,7,,12,reviewed,us,us
2010-08-08T13:31:18.190Z,24.891,95.024,45.9,4,mb,15,117.2,,0.82,us,usp000hhs1,2014-11-07T01:42:12.208Z,"100 km SSE of Phek, India",earthquake,,10.6,,1,reviewed,us,us
2010-08-06T20:25:25.550Z,22.882,94.097,77.8,4.1,mb,36,72.3,,0.73,us,usp000hhp7,2014-11-07T01:42:11.750Z,"43 km E of Falam, Myanmar",earthquake,,8.1,,12,reviewed,us,us
2010-08-05T18:17:46.990Z,26.329,96.998,25.8,4.6,mb,42,79.3,,1.09,us,usp000hhm3,2014-11-07T01:42:11.412Z,"23 km NE of Sarupathar, India",earthquake,,19.9,,10,reviewed,us,us
2010-08-05T18:14:19.320Z,26.372,97.02,38.8,4.2,mb,27,108.8,,0.98,us,usp000hhm2,2014-11-07T01:42:11.409Z,"27 km NE of Sarupathar, India",earthquake,,11.9,,3,reviewed,us,us
2010-08-04T05:41:24.190Z,26.221,96.89,36.4,4.1,mb,21,118.2,,0.88,us,usp000hhfe,2014-11-07T01:42:10.060Z,"8 km ENE of Sarupathar, India",earthquake,,13.1,,4,reviewed,us,us
2010-07-27T14:23:46.600Z,23.272,94.729,111.6,4.1,mb,15,146,,0.58,us,usp000hgww,2014-11-07T01:42:03.068Z,"52 km SE of Mawlaik, Myanmar",earthquake,,8.3,,5,reviewed,us,us
2010-07-21T02:57:22.830Z,27.298,91.219,44.5,4.5,mb,64,103.9,,0.81,us,usp000hg94,2014-11-07T01:41:57.826Z,"3 km NW of Mongar, Bhutan",earthquake,,8.2,,26,reviewed,us,us
2010-07-15T01:30:32.120Z,22.272,93.595,67.2,4.6,mb,56,71,,0.71,us,usp000hfa9,2014-11-07T01:41:53.345Z,"41 km S of Hakha, Myanmar",earthquake,,7.4,,24,reviewed,us,us
2010-07-06T09:31:44.090Z,27.682,92.674,69.7,4.3,mb,12,175.1,,0.72,us,usp000heym,2014-11-07T01:41:51.007Z,"52 km NNE of Bomdila, India",earthquake,,16,,2,reviewed,us,us
2010-07-02T18:20:25.160Z,25.309,96.747,35,4.4,mb,20,139,,1.21,us,usp000heu0,2014-11-07T01:41:49.643Z,"65 km W of Myitkyina, Myanmar",earthquake,,,,2,reviewed,us,us
2010-06-23T01:57:33.240Z,25.673,95.12,87.6,4,mb,23,143.6,,0.58,us,usp000hedf,2014-11-07T01:41:43.667Z,"62 km E of Phek, India",earthquake,,42.5,,5,reviewed,us,us
2010-06-12T20:22:00.280Z,24.55,94.81,113.9,4.4,mb,48,114.2,,0.8,us,usp000hdwe,2014-11-07T01:41:40.480Z,"75 km E of W?ngjing, India",earthquake,,9.6,,16,reviewed,us,us
2010-06-01T03:54:24.460Z,25.048,96.501,29.9,4.6,mb,67,118.9,,1.23,us,usp000hdeq,2014-11-07T01:41:36.538Z,"97 km WSW of Myitkyina, Myanmar",earthquake,,19.1,,23,reviewed,us,us
2010-04-28T18:54:42.010Z,24.151,94.39,64.5,4.5,mb,34,72.7,,0.86,us,usp000hc1e,2014-11-07T01:41:20.930Z,"56 km N of Mawlaik, Myanmar",earthquake,,,,6,reviewed,us,us
2010-03-21T07:49:41.830Z,24.827,95.377,125.4,4.4,mb,16,97.7,,0.93,us,usp000h9sm,2014-11-07T01:41:04.028Z,"128 km SE of Phek, India",earthquake,,11.4,,10,reviewed,us,us
2010-03-12T23:19:55.160Z,23.062,94.623,102.1,5.5,mwb,316,20.2,,0.89,us,usp000h99d,2022-07-16T07:02:58.672Z,"68 km SSE of Mawlaik, Myanmar",earthquake,,,,,reviewed,us,us
2010-02-24T14:43:31.880Z,26.062,93.156,52.8,4,mb,22,94.2,,1.19,us,usp000h7n5,2014-11-07T01:40:44.701Z,"30 km ENE of Hoj?i, India",earthquake,,14.2,,6,reviewed,us,us
2010-02-23T06:55:45.560Z,25.818,93.282,53.9,4.7,mb,78,65.7,,0.83,us,usp000h7kn,2014-11-07T01:40:44.404Z,"Assam-Nagaland-Manipur region, India",earthquake,,4.5,,21,reviewed,us,us
2010-02-20T21:07:25.510Z,23.219,94.639,94.8,4.8,mwc,115,58.5,,0.93,us,usp000h7h1,2016-11-10T02:24:24.391Z,"52 km SSE of Mawlaik, Myanmar",earthquake,,4.2,,,reviewed,us,gcmt
2010-02-16T20:58:01.490Z,27.605,92.747,48.2,4.2,mb,42,96.9,,0.94,us,usp000h7ce,2014-11-07T01:40:43.015Z,"49 km NE of Bomdila, India",earthquake,,8.4,,7,reviewed,us,us
2009-12-31T09:57:29.720Z,27.319,91.51,10,5.5,mb,205,37.4,,0.89,us,usp000h5j5,2022-07-15T23:31:40.266Z,"4 km WSW of Trashigang, Bhutan",earthquake,,,,118,reviewed,us,us
2009-12-29T09:01:55.310Z,24.357,94.807,124.8,5.6,mwb,206,17.3,,0.77,us,usp000h5f4,2022-07-15T23:24:57.370Z,"79 km ESE of W?ngjing, India",earthquake,,,,,reviewed,us,us
2009-12-19T06:18:14.130Z,23.729,94.428,74.2,4.5,mb,46,95.3,,0.92,us,usp000h564,2014-11-07T01:40:17.449Z,"9 km NNE of Mawlaik, Myanmar",earthquake,,6,,9,reviewed,us,us
2009-12-09T21:55:53.620Z,23.481,94.538,35,4.5,mb,38,96.9,,0.75,us,usp000h4wx,2014-11-07T01:40:15.458Z,"22 km SE of Mawlaik, Myanmar",earthquake,,,,7,reviewed,us,us
2009-12-01T11:23:28.430Z,27.272,91.455,10,4.2,mb,19,174.2,,1.12,us,usp000h4mw,2014-11-07T01:40:11.989Z,"11 km SW of Trashigang, Bhutan",earthquake,,,,3,reviewed,us,us
2009-11-30T12:38:49.270Z,27.352,91.435,10,4.4,mb,41,124.4,,0.96,us,usp000h4kw,2014-11-07T01:40:09.841Z,"11 km W of Trashigang, Bhutan",earthquake,,,,8,reviewed,us,us
2009-11-26T07:28:52.820Z,24.956,96.416,36.8,4.3,mb,29,124.3,,0.98,us,usp000h4eh,2014-11-07T01:40:08.869Z,"109 km WSW of Myitkyina, Myanmar",earthquake,,11.5,,7,reviewed,us,us
2009-11-18T00:49:04.510Z,27.683,90.446,43.9,4.5,mb,58,68.4,,0.94,us,usp000h45a,2014-11-07T01:40:07.299Z,"20 km NNW of Trongsa, Bhutan",earthquake,,6,,21,reviewed,us,us
2009-11-17T17:39:40.380Z,27.647,92.823,44.4,4.7,mb,91,97,,0.76,us,usp000h44w,2014-11-07T01:40:07.246Z,"Arunachal Pradesh, India",earthquake,,4.4,,22,reviewed,us,us
2009-11-07T23:00:32.240Z,26.922,89.178,41.1,4.1,mb,23,163.4,,1.14,us,usp000h3uk,2014-11-07T01:40:05.147Z,"8 km ENE of Samtse, Bhutan",earthquake,,14,,4,reviewed,us,us
2009-10-29T19:57:01.280Z,26.548,90.018,30.4,4.8,mb,76,96.6,,0.6,us,usp000h3j9,2014-11-07T01:39:59.698Z,"13 km NNE of Goshaingaon, India",earthquake,,11.2,,29,reviewed,us,us
2009-10-29T17:00:38.600Z,27.262,91.417,26,5.1,mwc,154,43,,0.86,us,usp000h3j5,2022-05-02T21:25:39.055Z,"15 km WSW of Trashigang, Bhutan",earthquake,,3.5,,,reviewed,us,gcmt
2009-10-11T18:26:11.170Z,23.265,94.503,88.4,4.8,mb,105,34.6,,0.79,us,usp000h2ru,2014-11-07T01:39:54.952Z,"43 km SSE of Mawlaik, Myanmar",earthquake,,,,33,reviewed,us,us
2009-09-22T08:27:59.310Z,27.289,91.526,27.9,4,mb,21,141,,0.89,us,usp000h1s0,2014-11-07T01:39:44.185Z,"5 km SSW of Trashigang, Bhutan",earthquake,,25.7,,5,reviewed,us,us
2009-09-21T10:22:20.960Z,27.305,91.491,10,4.1,mb,19,142.2,,1.07,us,usp000h1r9,2014-11-07T01:39:44.055Z,"6 km WSW of Trashigang, Bhutan",earthquake,,,,3,reviewed,us,us
2009-09-21T09:16:54.340Z,27.31,91.489,10,4.5,mb,40,77.3,,1.18,us,usp000h1r5,2014-11-07T01:39:44.015Z,"6 km WSW of Trashigang, Bhutan",earthquake,,,,12,reviewed,us,us
2009-09-21T08:53:05.910Z,27.332,91.437,14,6.1,mwb,259,45.4,,0.98,us,usp000h1r4,2022-07-15T17:56:47.037Z,"11 km W of Trashigang, Bhutan",earthquake,,,,,reviewed,us,us
2009-09-03T19:51:06.960Z,24.332,94.669,95,5.9,mwc,358,14.3,,0.83,us,usp000h16n,2022-05-02T22:23:53.979Z,"67 km ESE of W?ngjing, India",earthquake,,,,,reviewed,us,gcmt
2009-08-30T19:27:48.840Z,25.28,95.101,82.2,5.3,mwc,194,22.5,,0.96,us,usp000h12d,2025-12-22T15:39:15.383Z,"74 km SE of Phek, India",earthquake,,,,,reviewed,us,gcmt
2009-08-19T10:45:13.870Z,26.556,92.47,10,5,mb,85,32.4,,1.02,us,usp000h0n0,2022-07-15T16:11:17.314Z,"9 km N of Dhing, India",earthquake,,,,27,reviewed,us,us
2009-08-11T21:43:47.590Z,24.323,94.793,99,5.5,mwb,177,29.6,,0.8,us,usp000h07g,2022-07-15T15:40:11.380Z,"79 km ESE of W?ngjing, India",earthquake,,,,,reviewed,us,us
2009-08-05T02:58:45.490Z,22.513,93.483,72.2,4.7,mb,83,71.1,,0.75,us,usp000gzzt,2014-11-07T01:39:27.811Z,"19 km SW of Hakha, Myanmar",earthquake,,6.1,,29,reviewed,us,us
2009-07-11T08:52:02.050Z,22.372,93.971,30.1,4.2,mb,22,104.1,,0.91,us,usp000gz4j,2014-11-07T01:39:18.749Z,"47 km SE of Hakha, Myanmar",earthquake,,5.7,,3,reviewed,us,us
2009-07-06T09:55:26.030Z,24.286,94.176,52,4.1,mb,18,180.1,,0.86,us,usp000gyzc,2014-11-07T01:39:17.759Z,"30 km SE of Kakching, India",earthquake,,10.5,,2,reviewed,us,us
2009-06-22T13:26:20.520Z,25.668,93.276,32.8,4.3,mb,32,92.3,,1.15,us,usp000gyfn,2014-11-07T01:39:10.945Z,"13 km SE of Lumding Railway Colony, India",earthquake,,,,8,reviewed,us,us
2009-06-03T19:03:09.450Z,23.167,93.811,46.1,4.5,mb,44,101.5,,0.97,us,usp000gxu8,2014-11-07T01:39:06.211Z,"31 km NNE of Falam, Myanmar",earthquake,,6.1,,5,reviewed,us,us
2009-06-03T18:42:59.810Z,23.356,93.21,45.3,4.3,mb,39,143,,1.28,us,usp000gxu6,2014-11-07T01:39:06.145Z,"8 km ESE of Khawhai, India",earthquake,,8,,10,reviewed,us,us
2009-05-19T07:34:59.150Z,25.228,96.463,43.8,4.2,mb,23,141.3,,1,us,usp000gxa9,2014-11-07T01:38:59.147Z,"95 km W of Myitkyina, Myanmar",earthquake,,12.4,,3,reviewed,us,us
2009-05-15T15:06:32.850Z,24.577,94.555,74,4.7,mb,83,67.3,,0.96,us,usp000gx51,2014-11-07T01:38:57.335Z,"49 km E of W?ngjing, India",earthquake,,,,38,reviewed,us,us
2009-05-05T09:23:02.150Z,23.504,94.726,113,4.7,mb,38,115.4,,0.82,us,usp000gwv4,2014-11-07T01:38:55.311Z,"36 km ESE of Mawlaik, Myanmar",earthquake,,,,10,reviewed,us,us
2009-04-29T23:31:26.130Z,22.957,94.535,113.5,4.3,mb,33,70.7,,0.57,us,usp000gwpm,2014-11-07T01:38:50.918Z,"77 km S of Mawlaik, Myanmar",earthquake,,,,11,reviewed,us,us
2009-04-25T14:29:28.110Z,26.112,91.446,37.8,4.4,mb,27,100.1,,0.73,us,usp000gwjv,2014-11-07T01:38:49.822Z,"9 km W of Pal?sb?ri, India",earthquake,,9,,2,reviewed,us,us
2009-04-17T21:14:25.470Z,25.324,95.098,104.8,4.6,mb,111,68.2,,0.67,us,usp000gwa2,2014-11-07T01:38:47.873Z,"71 km ESE of Phek, India",earthquake,,6.8,,46,reviewed,us,us
2009-03-03T01:27:41.800Z,24.823,95.179,115.5,4.7,mb,96,65.8,,0.95,us,usp000gujq,2014-11-07T01:38:31.607Z,"115 km E of Yairipok, India",earthquake,,,,45,reviewed,us,us
2009-02-25T23:51:35.040Z,23.291,92.82,35,4.5,mb,31,94.4,,0.71,us,usp000guda,2014-11-07T01:38:27.147Z,"2 km W of Serchh?p, India",earthquake,,,,7,reviewed,us,us
2009-02-24T17:46:16.120Z,25.836,94.67,33,4.8,mb,74,66.4,,1.01,us,usp000guc8,2014-11-07T01:38:26.791Z,"21 km SE of Zunheboto, India",earthquake,,,,40,reviewed,us,us
2009-02-06T07:32:37.710Z,24.162,94.666,53.8,4.2,mb,34,91.6,,0.85,us,usp000gtgk,2014-11-07T01:38:20.649Z,"63 km NNE of Mawlaik, Myanmar",earthquake,,8.6,,11,reviewed,us,us
2009-01-29T22:46:03.510Z,23.339,93.974,75.9,4.5,mb,30,145.3,,0.71,us,usp000gt8h,2014-11-07T01:38:16.222Z,"55 km SW of Mawlaik, Myanmar",earthquake,,6.4,,4,reviewed,us,us
2009-01-07T10:27:06.710Z,27.692,92.756,19.7,4.7,mb,34,105.3,,0.6,us,usp000gsat,2014-11-07T01:38:10.772Z,"57 km NE of Bomdila, India",earthquake,,,,5,reviewed,us,us
2009-01-05T07:04:10.330Z,23.011,88.706,35,4.2,mb,35,147.4,,1.25,us,usp000gs72,2014-11-07T01:38:10.268Z,"10 km NE of Nagarukhra, India",earthquake,,,,5,reviewed,us,us
2008-12-28T04:27:15.840Z,28.684,96.117,41.6,3.7,mb,22,118.4,,1.11,us,usp000grp7,2014-11-07T01:38:03.656Z,"79 km NNW of Hayuliang, India",earthquake,,15.2,,7,reviewed,us,us
2008-12-25T00:26:36.210Z,27.235,88.631,49.2,4.8,mb,93,90.1,,0.83,us,usp000grdq,2014-11-07T01:38:02.409Z,"10 km S of Gangtok, India",earthquake,,4.5,,32,reviewed,us,us
2008-12-23T16:02:22.370Z,24.612,94.729,87.2,4.4,mb,16,112.8,,0.74,us,usp000gr9a,2014-11-07T01:38:01.565Z,"67 km E of W?ngjing, India",earthquake,,8.6,,1,reviewed,us,us
2008-12-23T13:20:39.100Z,24.998,91.966,41.7,4,mb,9,206.2,,1.05,us,usp000gr8t,2014-11-07T01:38:01.475Z,"14 km NE of Sylhet, Bangladesh",earthquake,,15.5,,2,reviewed,us,us
2008-12-21T14:51:07.110Z,22.564,95.695,27.2,4.6,mb,12,179.6,,0.88,us,usp000gr4b,2014-11-07T01:38:00.968Z,"0 km SSW of Shwebo, Myanmar",earthquake,,25,,2,reviewed,us,us
2008-12-20T23:22:48.380Z,22.746,95.898,10,5.3,mwc,63,68.3,,1.09,us,usp000gr2b,2022-05-02T19:57:43.986Z,"28 km NE of Shwebo, Myanmar",earthquake,,,,,reviewed,us,gcmt
2008-12-19T11:52:32.260Z,22.583,94.526,108.1,4.5,mb,30,116.1,,0.77,us,usp000gqyd,2014-11-07T01:38:00.022Z,"81 km NW of Monywa, Myanmar",earthquake,,6.9,,3,reviewed,us,us
2008-12-14T16:54:48.910Z,24.899,94.656,79.6,4,mb,33,140.2,,0.92,us,usp000gqku,2014-11-07T01:37:58.186Z,"66 km ENE of Yairipok, India",earthquake,,,,4,reviewed,us,us
2008-12-05T12:59:53.090Z,23.135,93.645,73.9,4.2,mb,11,145.5,,0.83,us,usp000gpz2,2014-11-07T01:37:54.232Z,"24 km N of Falam, Myanmar",earthquake,,18.9,,1,reviewed,us,us
2008-12-02T05:11:42.030Z,27.373,88.051,24.7,5.2,mb,103,93.6,,0.82,us,usp000gpsw,2014-11-07T01:37:52.109Z,"22 km WNW of Gyalshing, India",earthquake,,5.4,,35,reviewed,us,us
2008-11-29T06:54:53.500Z,22.824,94.049,87.1,4.6,mb,64,77,,0.64,us,usp000gpnb,2014-11-07T01:37:48.917Z,"39 km ESE of Falam, Myanmar",earthquake,,5.5,,28,reviewed,us,us
2008-11-18T23:15:26.230Z,23.981,91.587,35,3.6,mb,6,193.2,,1.19,us,usp000gp0p,2014-11-07T01:37:45.904Z,"Tripura, India region",earthquake,,,,2,reviewed,us,us
2008-11-18T23:00:47.980Z,23.77,91.142,35,3.8,mb,9,167.3,,1.29,us,usp000gp0m,2014-11-07T01:37:45.900Z,"15 km WSW of Agartala, India",earthquake,,,,2,reviewed,us,us
2008-11-17T23:52:18.360Z,29.19,88.226,11.6,4.6,mb,49,75.1,,0.86,us,usp000gnya,2014-11-07T01:37:45.504Z,"64 km W of Rikaze, China",earthquake,,18,,11,reviewed,us,us
2008-11-14T04:26:12.120Z,27.747,92.777,81.7,3.7,mb,16,143.9,,0.57,us,usp000gnnh,2014-11-07T01:37:44.106Z,"63 km NNE of Bomdila, India",earthquake,,13,,5,reviewed,us,us
2008-11-10T20:55:04.470Z,23.023,94.572,108,4.7,mb,108,66.2,,0.68,us,usp000gndr,2014-11-07T01:37:43.247Z,"70 km SSE of Mawlaik, Myanmar",earthquake,,,,49,reviewed,us,us
2008-11-07T00:29:07.400Z,25.817,92.847,50.8,3.9,mb,21,141.1,,0.64,us,usp000gn42,2014-11-07T01:37:41.632Z,"20 km S of Hoj?i, India",earthquake,,9.5,,5,reviewed,us,us
2008-10-08T06:46:23.050Z,23.403,93.893,65,4.6,mb,59,69.5,,0.88,us,usp000gjph,2014-11-07T01:37:25.142Z,"58 km NNE of Falam, Myanmar",earthquake,,,,27,reviewed,us,us
2008-10-04T11:36:40.780Z,24.911,96.438,10,3.9,mb,27,125.7,,1.26,us,usp000gja2,2014-11-07T01:37:23.503Z,"108 km NW of Bhamo, Myanmar",earthquake,,,,2,reviewed,us,us
2008-09-29T04:59:10.610Z,23.748,93.896,45.9,3.9,mb,18,157.8,,0.78,us,usp000ghxq,2014-11-07T01:37:16.278Z,"53 km WNW of Mawlaik, Myanmar",earthquake,,11.3,,1,reviewed,us,us
2008-09-20T12:00:51.340Z,23.394,90.691,10,4.2,mb,12,193.7,,0.66,us,usp000ghdr,2014-11-07T01:37:13.764Z,"23 km NW of H?j?ganj, Bangladesh",earthquake,,,,1,reviewed,us,us
2008-09-20T11:51:41.280Z,23.398,90.732,10,4.5,mb,19,147.5,,0.68,us,usp000ghdq,2020-04-16T17:05:13.364Z,"20 km NW of H?j?ganj, Bangladesh",earthquake,,,,4,reviewed,us,us
2008-09-10T19:07:16.140Z,26.662,96.773,60.8,4.2,mb,12,129.2,,0.55,us,usp000ggtu,2014-11-07T01:37:10.715Z,"50 km N of Sarupathar, India",earthquake,,12.4,,1,reviewed,us,us
2008-09-04T20:33:37.950Z,26.017,95.131,80.8,4.4,mb,22,117.1,,0.63,us,usp000gge6,2014-11-07T01:37:07.765Z,"41 km SE of Tuensang, India",earthquake,,,,2,reviewed,us,us
2008-08-30T14:41:48.020Z,26.035,95.676,99.9,4.3,mb,34,113.9,,0.94,us,usp000gg0j,2014-11-07T01:37:01.964Z,"88 km ESE of Tuensang, India",earthquake,,,,9,reviewed,us,us
2008-08-27T05:35:18.100Z,27.149,92.012,50.7,4.2,mb,28,154,,1.08,us,usp000gfp1,2014-11-07T01:36:59.932Z,"42 km WSW of Bomdila, India",earthquake,,11.7,,2,reviewed,us,us
2008-08-22T18:06:54.390Z,22.447,92.537,46.7,4.7,mb,61,73.3,,0.75,us,usp000gf94,2014-11-07T01:36:57.867Z,"42 km NE of B?ndarban, Bangladesh",earthquake,,,,27,reviewed,us,us
2008-08-12T09:18:59.140Z,26.795,97.093,35,4.5,mb,16,142.8,,1.11,us,usp000geg9,2014-11-07T01:36:53.353Z,"71 km NNE of Sarupathar, India",earthquake,,,,2,reviewed,us,us
2008-08-08T17:30:08.880Z,24.969,96.49,3.8,4,mb,11,155.8,,1.25,us,usp000ge7a,2014-11-07T01:36:51.843Z,"102 km WSW of Myitkyina, Myanmar",earthquake,,61.5,,1,reviewed,us,us
2008-07-28T23:02:49.700Z,23.582,94.596,86.7,3.9,mb,28,127.1,,0.8,us,usp000gdby,2014-11-07T01:36:43.889Z,"20 km ESE of Mawlaik, Myanmar",earthquake,,7.3,,6,reviewed,us,us
2008-07-27T22:42:05.480Z,23.577,94.642,94.2,5.2,mb,276,53.7,,0.69,us,usp000gd9n,2022-07-13T04:20:25.391Z,"25 km ESE of Mawlaik, Myanmar",earthquake,,2.8,,136,reviewed,us,us
2008-07-27T01:04:55.180Z,22.973,94.006,40.3,4,mb,36,108.7,,0.85,us,usp000gd7f,2014-11-07T01:36:43.322Z,"34 km E of Falam, Myanmar",earthquake,,6.1,,8,reviewed,us,us
2008-07-26T18:51:50.970Z,24.788,90.536,17.5,4.8,mb,185,58.3,,0.74,us,usp000gd6v,2022-07-13T04:22:02.458Z,"13 km ENE of Mymensingh, Bangladesh",earthquake,,7.2,,108,reviewed,us,us
2008-07-25T18:09:39.810Z,22.899,94.416,103.8,4.2,mb,38,112.9,,0.74,us,usp000gd4m,2014-11-07T01:36:42.963Z,"75 km E of Falam, Myanmar",earthquake,,4.9,,15,reviewed,us,us
2008-07-22T02:20:48.620Z,24.56,93.454,52.9,3.8,mb,19,153.6,,0.7,us,usp000gcv1,2014-11-07T01:36:41.349Z,"33 km NW of Chur?ch?ndpur, India",earthquake,,10.3,,2,reviewed,us,us
2008-07-20T23:06:37.570Z,28.836,95.845,39.1,4.1,mb,18,119,,0.54,us,usp000gcrk,2014-11-07T01:36:41.032Z,"99 km NNE of P?sigh?t, India",earthquake,,10.4,,5,reviewed,us,us
2008-07-18T13:10:02.090Z,25.049,95.066,103.8,4.4,mb,15,173.5,,1.18,us,usp000gcgq,2014-11-07T01:36:39.926Z,"89 km SE of Phek, India",earthquake,,13.4,,7,reviewed,us,us
2008-07-14T13:28:43.650Z,27.419,92.021,61.1,4.1,mb,17,152.5,,1.39,us,usp000gc53,2014-11-07T01:36:37.814Z,"19 km SSE of Tawang, India",earthquake,,16.1,,5,reviewed,us,us
2008-07-09T23:18:22.150Z,26.707,96.538,129,3.7,mb,6,146.2,,0.22,us,usp000gbsh,2014-11-07T01:36:36.304Z,"61 km NNW of Sarupathar, India",earthquake,,19,,1,reviewed,us,us
2008-07-09T05:03:19.230Z,22.665,94.352,100.1,3.9,mb,19,115.8,,0.67,us,usp000gbq3,2014-11-07T01:36:35.963Z,"74 km ESE of Falam, Myanmar",earthquake,,9.9,,2,reviewed,us,us
2008-07-07T02:50:36.670Z,25.972,95.33,72,4.9,mwc,112,65,,0.78,us,usp000gbh9,2016-11-10T01:58:24.424Z,"60 km ESE of Tuensang, India",earthquake,,,,,reviewed,us,gcmt
2008-07-06T03:05:42.010Z,26.979,89.734,25.8,4,mb,28,106.9,,0.62,us,usp000gbep,2014-11-07T01:36:34.813Z,"17 km SW of Daga, Bhutan",earthquake,,,,11,reviewed,us,us
2008-07-05T16:55:54.340Z,24.39,88.481,35,4.2,mb,22,92.4,,0.88,us,usp000gbdm,2014-11-07T01:36:34.651Z,"12 km W of R?jsh?hi, Bangladesh",earthquake,,,,8,reviewed,us,us
2008-07-04T21:35:27.800Z,29.325,96.321,35,4.7,mb,99,69.6,,0.83,us,usp000gbbc,2014-11-07T01:36:34.277Z,"140 km N of Hayuliang, India",earthquake,,,,56,reviewed,us,us
2008-06-27T17:33:23.830Z,25.38,96.585,35,4.6,mb,13,151.3,,0.85,us,usp000garj,2014-11-07T01:36:27.098Z,"81 km W of Myitkyina, Myanmar",earthquake,,,,1,reviewed,us,us
2008-06-24T20:49:17.720Z,23.462,94.615,124.2,4.2,mb,27,75.1,,1.04,us,usp000gafv,2014-11-07T01:36:25.631Z,"29 km SE of Mawlaik, Myanmar",earthquake,,,,5,reviewed,us,us
2008-06-18T14:30:49.020Z,23.421,94.522,115.8,4.6,mb,16,158.8,,0.36,us,usp000ga01,2014-11-07T01:36:22.907Z,"27 km SSE of Mawlaik, Myanmar",earthquake,,6.9,,1,reviewed,us,us
2008-06-13T11:16:04.110Z,28.379,95.245,10,4.1,mb,29,109,,0.98,us,usp000g9f8,2014-11-07T01:36:20.625Z,"35 km NNW of P?sigh?t, India",earthquake,,,,1,reviewed,us,us
2008-06-09T08:27:11.200Z,28.218,93.346,31.8,4.3,mb,33,110.9,,1.11,us,usp000g8zs,2014-11-07T01:36:16.948Z,"84 km NW of Ziro, India",earthquake,,,,8,reviewed,us,us
2008-06-07T10:34:12.660Z,24.492,95.561,10,4.2,mb,15,162.9,,1.08,us,usp000g8t9,2014-11-07T01:36:15.803Z,"150 km NE of Mawlaik, Myanmar",earthquake,,,,3,reviewed,us,us
2008-06-03T03:42:12.210Z,26.666,96.784,35,4,mb,12,136.6,,1.22,us,usp000g8ew,2014-11-07T01:36:13.883Z,"51 km N of Sarupathar, India",earthquake,,,,2,reviewed,us,us
2008-05-29T13:05:44.910Z,23.409,94.759,122.1,4.1,mb,18,78.8,,1,us,usp000g81u,2014-11-07T01:36:07.584Z,"44 km SE of Mawlaik, Myanmar",earthquake,,11.6,,4,reviewed,us,us
2008-05-29T10:34:46.710Z,26.308,91.791,45.5,4.5,mb,33,124.7,,0.93,us,usp000g81k,2014-11-07T01:36:07.566Z,"14 km NNE of North Guw?h?ti, India",earthquake,,,,7,reviewed,us,us
2008-05-28T03:38:26.020Z,22.812,94.122,78.9,3.5,mb,14,156.4,,0.68,us,usp000g7yc,2014-11-07T01:36:07.221Z,"46 km ESE of Falam, Myanmar",earthquake,,16.1,,1,reviewed,us,us
2008-05-27T01:46:18.060Z,22.259,94.219,65.5,3.9,mb,18,118,,0.71,us,usp000g7vd,2014-11-07T01:36:06.757Z,"75 km SE of Hakha, Myanmar",earthquake,,14.4,,2,reviewed,us,us
2008-05-25T10:28:25.540Z,28.959,88.999,10,4.4,mb,47,95.7,,0.81,us,usp000g7re,2014-11-07T01:36:06.181Z,"34 km SSE of Rikaze, China",earthquake,,,,17,reviewed,us,us
2008-05-21T08:00:02.940Z,24.352,95.077,133.1,4.4,mb,46,98.3,,0.69,us,usp000g7cv,2014-11-07T01:36:04.071Z,"104 km NE of Mawlaik, Myanmar",earthquake,,8.3,,19,reviewed,us,us
2008-05-16T04:44:11.060Z,24.309,96.029,67.6,4.4,mb,31,133.7,,0.96,us,usp000g6xx,2014-11-07T01:36:01.135Z,"122 km W of Bhamo, Myanmar",earthquake,,12,,13,reviewed,us,us
2008-05-13T20:44:54.320Z,27.001,92.536,106.1,3.5,mb,14,144.5,,1.33,us,usp000g6mc,2014-11-07T01:35:59.954Z,"22 km NW of Rang?p?ra, India",earthquake,,14.3,,5,reviewed,us,us
2008-05-10T05:58:56.470Z,27.622,92.758,67.5,4.3,mb,42,97.3,,0.78,us,usp000g5zm,2014-11-07T01:35:54.758Z,"51 km NE of Bomdila, India",earthquake,,7.8,,16,reviewed,us,us
2008-05-08T22:20:51.400Z,24.005,91.209,30.6,3.9,mb,34,101.3,,0.67,us,usp000g5w4,2014-11-07T01:35:54.251Z,"20 km NNW of Agartala, India",earthquake,,15.1,,8,reviewed,us,us
2008-05-05T19:41:50.560Z,26.1,92.046,35,3.6,mb,7,176.6,,0.87,us,usp000g5jw,2014-11-07T01:35:51.455Z,"24 km E of Dispur, India",earthquake,,,,1,reviewed,us,us
2008-04-20T00:30:07.140Z,23.942,94.477,98.8,4.3,mb,41,67.8,,0.89,us,usp000g4cg,2014-11-07T01:35:40.865Z,"33 km NNE of Mawlaik, Myanmar",earthquake,,8.1,,11,reviewed,us,us
2008-04-17T01:12:24.330Z,26.07,92.244,43.8,4.6,mb,89,95.1,,0.77,us,usp000g449,2014-11-07T01:35:38.887Z,"22 km SSW of Morigaon, India",earthquake,,,,41,reviewed,us,us
2008-04-08T19:10:26.210Z,22.768,92.428,39.5,4.2,mb,26,76.2,,1,us,usp000g3cy,2014-11-07T01:35:33.966Z,"35 km WSW of Lunglei, India",earthquake,,12,,6,reviewed,us,us
2008-04-06T02:23:15.840Z,22.553,94.376,101.1,3.9,mb,23,110.8,,0.61,us,usp000g36q,2014-11-07T01:35:31.983Z,"79 km E of Hakha, Myanmar",earthquake,,6,,1,reviewed,us,us
2008-04-03T22:12:54.710Z,26.106,96.915,30.2,4.6,mb,117,102.2,,0.61,us,usp000g32d,2014-11-07T01:35:29.863Z,"15 km SE of Sarupathar, India",earthquake,,8.1,,55,reviewed,us,us
2008-04-03T19:05:28.120Z,26.312,92.982,45.6,4.3,mb,27,139.9,,0.95,us,usp000g31z,2014-11-07T01:35:29.787Z,"36 km NNE of Hoj?i, India",earthquake,,,,7,reviewed,us,us
2008-03-28T17:49:22.960Z,23.857,94.517,7.7,4,mb,13,182.8,,0.67,us,usp000g2jv,2014-11-07T01:35:20.271Z,"26 km NNE of Mawlaik, Myanmar",earthquake,,32.4,,4,reviewed,us,us
2008-03-28T06:01:26.870Z,24.031,94.593,123,4.2,mb,26,151.7,,1.04,us,usp000g2hj,2014-11-07T01:35:20.107Z,"47 km NNE of Mawlaik, Myanmar",earthquake,,11.2,,6,reviewed,us,us
2008-03-26T04:38:47.520Z,24.041,93.295,35,4.1,mb,13,161.1,,0.83,us,usp000g2cn,2014-11-07T01:35:19.368Z,"37 km E of Darlawn, India",earthquake,,,,1,reviewed,us,us
2008-03-25T23:26:42.150Z,24.691,95.232,122.4,3.7,mb,10,149.3,,0.98,us,usp000g2cc,2014-11-07T01:35:19.333Z,"118 km E of W?ngjing, India",earthquake,,13.6,,3,reviewed,us,us
2008-03-21T12:36:59.360Z,24.547,97.498,17.1,5.1,mwc,58,104,,1.07,us,usp000g1z0,2025-12-22T15:37:32.722Z,"42 km NE of Bhamo, Myanmar",earthquake,,19.9,,,reviewed,us,gcmt
2008-03-20T13:15:51.350Z,23.873,90.033,35,3.8,mb,20,95.2,,0.92,us,usp000g1v4,2014-11-07T01:35:16.921Z,"10 km NW of Parvez Ali, Bangladesh",earthquake,,,,1,reviewed,us,us
2008-03-18T15:31:55.160Z,26.472,92.841,56.2,4.1,mb,18,141.1,,0.82,us,usp000g1ra,2014-11-07T01:35:16.523Z,"18 km SSE of Tezpur, India",earthquake,,16.8,,1,reviewed,us,us
2008-03-15T02:48:57.170Z,26.628,95.903,90,3.9,mb,15,140.6,,0.75,us,usp000g1h3,2014-11-07T01:35:15.583Z,"54 km SE of Khonsa, India",earthquake,,11.4,,3,reviewed,us,us
2008-03-13T15:42:33.180Z,26.784,91.937,38,4.4,mb,57,95.2,,0.92,us,usp000g1dk,2014-11-07T01:35:15.068Z,"16 km WNW of Udalguri, India",earthquake,,6.4,,21,reviewed,us,us
2008-03-12T03:18:48.830Z,27.133,96.977,17.2,4.7,mb,104,68.9,,0.88,us,usp000g19n,2014-11-07T01:35:14.107Z,"104 km N of Sarupathar, India",earthquake,,13.3,,38,reviewed,us,us
2008-03-10T22:25:11.980Z,26.552,96.761,35,3.7,mb,14,146.8,,1.14,us,usp000g16a,2014-11-07T01:35:13.750Z,"38 km N of Sarupathar, India",earthquake,,,,3,reviewed,us,us
2008-03-10T00:01:50.610Z,24.52,95.159,93.2,3.9,mb,41,93.8,,0.73,us,usp000g13t,2014-11-07T01:35:13.442Z,"111 km E of W?ngjing, India",earthquake,,7,,11,reviewed,us,us
2008-03-08T16:51:26.750Z,24.8,94.838,35,4.3,mb,55,115.9,,0.67,us,usp000g0zq,2014-11-07T01:35:12.970Z,"81 km E of Yairipok, India",earthquake,,,,16,reviewed,us,us
2008-02-27T20:10:59.760Z,26.491,95.754,79.9,3.9,mb,27,118.4,,1.18,us,usp000g058,2014-11-07T01:35:04.550Z,"61 km SSE of Khonsa, India",earthquake,,9.6,,3,reviewed,us,us
2008-02-26T22:20:58.090Z,23.193,94.114,70.8,4.5,mb,104,54.8,,1.23,us,usp000g02e,2014-11-07T01:35:04.218Z,"54 km NE of Falam, Myanmar",earthquake,,5.7,,28,reviewed,us,us
2008-02-23T13:39:21.620Z,27.575,90.355,35,3.9,mb,20,118.4,,1.43,us,usp000fzs5,2014-11-07T01:35:02.189Z,"17 km WNW of Trongsa, Bhutan",earthquake,,,,2,reviewed,us,us
2008-02-14T01:35:13.530Z,25.73,94.871,63.4,4.5,mb,59,116.6,,0.86,us,usp000fyv8,2014-11-07T01:34:56.793Z,"37 km E of Phek, India",earthquake,,6.5,,23,reviewed,us,us
2008-02-10T08:39:00.650Z,26.42,95.675,85,3.7,mb,18,142.6,,0.77,us,usp000fykk,2014-11-07T01:34:55.725Z,"66 km S of Khonsa, India",earthquake,,11.6,,3,reviewed,us,us
2008-02-04T22:17:38.760Z,23.237,94.062,46,4.3,mb,31,105.2,,0.68,us,usp000fy69,2014-11-07T01:34:53.956Z,"53 km NE of Falam, Myanmar",earthquake,,8.6,,4,reviewed,us,us
2008-02-02T15:44:33.230Z,22.327,96.52,35,4,mb,13,178.8,,0.8,us,usp000fxzz,2014-11-07T01:34:52.293Z,"32 km NNE of Pyin Oo Lwin, Myanmar",earthquake,,,,1,reviewed,us,us
2008-01-31T13:22:18.760Z,22.787,92.403,45.1,4.9,mb,70,61.5,,0.72,us,usp000fxv7,2014-11-07T01:34:47.371Z,"36 km WSW of Lunglei, India",earthquake,,6.3,,27,reviewed,us,us
2008-01-29T12:23:53.810Z,27.528,92.728,45.1,4.1,mb,18,120.3,,1.38,us,usp000fxpt,2014-11-07T01:34:46.684Z,"41 km NE of Bomdila, India",earthquake,,28.3,,5,reviewed,us,us
2008-01-25T15:10:28.860Z,28.018,94.453,35,4,mb,25,127.2,,1.35,us,usp000fxes,2014-11-07T01:34:45.926Z,"23 km W of B?s?r, India",earthquake,,,,5,reviewed,us,us
2008-01-23T17:49:51.280Z,27.207,96.984,54.7,3.6,mb,8,129.3,,1.1,us,usp000fxa5,2014-11-07T01:34:45.322Z,"105 km SSE of Hayuliang, India",earthquake,,24.5,,1,reviewed,us,us
2008-01-17T19:21:55.880Z,29.052,95.963,53.8,4.6,mb,42,115,,0.83,us,usp000fwx0,2014-11-07T01:34:43.212Z,"122 km NNW of Hayuliang, India",earthquake,,8.9,,11,reviewed,us,us
2008-01-17T13:49:45.110Z,22.243,94.677,123.4,4.2,mb,13,140.6,,0.84,us,usp000fwwg,2014-11-07T01:34:43.152Z,"49 km WNW of Monywa, Myanmar",earthquake,,13.5,,5,reviewed,us,us
2008-01-14T22:54:50.230Z,22.643,94.568,109.2,4.1,mb,37,134.4,,0.55,us,usp000fwr6,2014-11-07T01:34:42.289Z,"83 km NW of Monywa, Myanmar",earthquake,,7.6,,14,reviewed,us,us
2008-01-14T13:00:01.750Z,24.591,94.934,123.4,3.8,mb,9,179.5,,0.84,us,usp000fwq6,2014-11-07T01:34:42.088Z,"88 km E of W?ngjing, India",earthquake,,13.1,,1,reviewed,us,us
2008-01-12T22:44:47.360Z,22.761,92.333,33.8,4.9,mwc,129,73.5,,0.65,us,usp000fwkg,2021-10-20T18:13:20.876Z,"44 km WSW of Lunglei, India",earthquake,,9.5,,,reviewed,us,gcmt
2008-01-12T16:40:37.460Z,26.486,96.355,35,4.3,mb,17,132.7,,0.9,us,usp000fwjw,2014-11-07T01:34:41.137Z,"55 km NW of Sarupathar, India",earthquake,,,,4,reviewed,us,us
2008-01-11T19:41:58.190Z,22.929,96.036,10,4,mb,18,130.5,,0.64,us,usp000fwgc,2014-11-07T01:34:40.484Z,"48 km W of Mogok, Myanmar",earthquake,,,,4,reviewed,us,us
2007-12-28T00:05:58.360Z,22.155,94.356,95.2,3.9,mb,14,174.9,,0.38,us,usp000fved,2014-11-07T01:34:30.411Z,"80 km W of Monywa, Myanmar",earthquake,,12.5,,2,reviewed,us,us
2007-12-23T03:36:44.270Z,23.606,94.641,100.5,3.9,mb,32,146.1,,0.87,us,usp000fv24,2014-11-07T01:34:28.260Z,"24 km E of Mawlaik, Myanmar",earthquake,,6.1,,1,reviewed,us,us
2007-12-22T18:08:43.280Z,24.85,96.374,10,4,mb,21,150.4,,1.17,us,usp000fv19,2014-11-07T01:34:28.175Z,"109 km NW of Bhamo, Myanmar",earthquake,,,,2,reviewed,us,us
2007-12-21T21:59:52.770Z,26.399,96.784,35,3.9,mb,15,162.9,,0.97,us,usp000fuz4,2014-11-07T01:34:27.850Z,"21 km N of Sarupathar, India",earthquake,,,,2,reviewed,us,us
2007-12-15T04:24:29.630Z,23.477,93.86,42,4.4,mb,45,109.4,,1.17,us,usp000fug3,2014-11-07T01:34:25.570Z,"58 km WSW of Mawlaik, Myanmar",earthquake,,7.2,,7,reviewed,us,us
2007-12-11T13:45:11.910Z,24.307,94.314,76.3,4.3,mb,25,115.7,,0.71,us,usp000fu8w,2014-11-07T01:34:23.746Z,"39 km ESE of Kakching, India",earthquake,,6.8,,2,reviewed,us,us
2007-12-07T06:56:33.610Z,23.495,94.565,113.3,5,mwc,159,44.7,,1.03,us,usp000ftze,2025-12-22T15:31:25.855Z,"23 km SE of Mawlaik, Myanmar",earthquake,,,,,reviewed,us,gcmt
2007-11-30T08:44:23.800Z,26.031,95.307,93.2,4.4,mb,32,123.2,,0.98,us,usp000ftk1,2014-11-07T01:34:16.217Z,"54 km ESE of Tuensang, India",earthquake,,9.4,,5,reviewed,us,us
2007-11-29T19:00:22.180Z,23.39,94.675,114.8,5.1,mb,56,40.9,,0.74,us,usp000ftj2,2014-11-07T01:34:16.089Z,"39 km SE of Mawlaik, Myanmar",earthquake,,,,22,reviewed,us,us
2007-11-27T23:37:05.190Z,22.141,94.201,46.6,4.2,mb,61,145.8,,0.62,us,usp000fted,2014-11-07T01:34:15.611Z,"82 km SE of Hakha, Myanmar",earthquake,,3.5,,13,reviewed,us,us
2007-11-25T17:39:43.610Z,22.787,92.325,35,3.7,mb,11,191.2,,0.4,us,usp000ft9f,2014-11-07T01:34:14.626Z,"44 km WSW of Lunglei, India",earthquake,,,,1,reviewed,us,us
2007-11-18T05:49:22.480Z,29.318,92.296,10,4.8,mb,18,141.5,,1.25,us,usp000fsu1,2014-11-07T01:34:11.700Z,"121 km ESE of Lhasa, China",earthquake,,,,4,reviewed,us,us
2007-11-17T03:59:40.460Z,26.329,93.25,35,4.2,mb,15,137.5,,1.3,us,usp000fsrn,2014-11-07T01:34:11.340Z,"49 km SW of Bok?kh?t, India",earthquake,,,,2,reviewed,us,us
2007-11-10T19:36:24.430Z,29.387,95.481,24.3,5,mb,148,73.1,,0.94,us,usp000fsb1,2014-11-07T01:34:09.294Z,"143 km NE of Shi Yomi, India",earthquake,,9.5,,55,reviewed,us,us
2007-11-09T18:05:57.270Z,29.27,91.905,35,4.5,mb,9,143.6,,1.32,us,usp000fs97,2014-11-07T01:34:08.869Z,"88 km ESE of Lhasa, China",earthquake,,,,1,reviewed,us,us
2007-11-07T07:10:21.970Z,22.15,92.388,28.7,5.5,mwc,172,74.8,,0.79,us,usp000fs3t,2022-07-14T01:32:11.001Z,"18 km ESE of B?ndarban, Bangladesh",earthquake,,,,,reviewed,us,gcmt
2007-11-07T02:27:05.560Z,23.034,94.218,112,3.5,mb,17,160.7,,0.62,us,usp000fs3c,2014-11-07T01:34:07.949Z,"56 km ENE of Falam, Myanmar",earthquake,,12.1,,1,reviewed,us,us
2007-11-06T01:23:53.340Z,29.48,92.353,35,4.5,mb,14,131.9,,0.71,us,usp000fs1c,2014-11-07T01:34:07.537Z,"122 km E of Lhasa, China",earthquake,,,,2,reviewed,us,us
2007-10-29T19:39:56.580Z,29.348,92.191,10,4.1,mb,17,141.8,,1.07,us,usp000frja,2014-11-07T01:34:01.088Z,"110 km ESE of Lhasa, China",earthquake,,,,4,reviewed,us,us
2007-10-29T04:54:40.540Z,29.392,92.343,39.8,4.5,mb,15,132.2,,0.84,us,usp000frh7,2014-11-07T01:34:00.391Z,"123 km ESE of Lhasa, China",earthquake,,20,,2,reviewed,us,us
2007-10-18T22:09:20.960Z,23.497,92.157,35,3.5,mb,18,167.6,,0.94,us,usp000fqv4,2014-11-07T01:33:57.289Z,"47 km NNE of Khagrachhari, Bangladesh",earthquake,,,,1,reviewed,us,us
2007-10-14T00:46:59.240Z,22.205,93.561,61.5,4.5,mb,62,117.4,,0.6,us,usp000fqgb,2014-11-07T01:33:55.664Z,"48 km S of Hakha, Myanmar",earthquake,,,,24,reviewed,us,us
2007-09-26T17:33:43.810Z,23.939,94.586,50.3,4.3,mb,19,116.4,,0.75,us,usp000fp5r,2014-11-07T01:33:40.231Z,"37 km NNE of Mawlaik, Myanmar",earthquake,,11.2,,2,reviewed,us,us
2007-09-26T16:17:08.370Z,23.851,94.468,51,4.5,mb,24,94.4,,0.91,us,usp000fp5p,2014-11-07T01:33:40.226Z,"23 km NNE of Mawlaik, Myanmar",earthquake,,9.9,,2,reviewed,us,us
2007-09-22T22:57:08.640Z,25.019,95.489,53.3,4.2,mb,17,130.3,,0.83,us,usp000fnx8,2014-11-07T01:33:38.346Z,"122 km SE of Phek, India",earthquake,,10.9,,2,reviewed,us,us
2007-09-18T19:49:04.900Z,25.241,91.13,40,4.3,mb,21,106.3,,0.82,us,usp000fnmg,2014-11-07T01:33:37.076Z,"33 km SSW of Nongstoin, India",earthquake,,9.8,,5,reviewed,us,us
2007-09-11T18:58:36.810Z,23.699,94.699,105.5,4.6,mb,12,141.2,,0.39,us,usp000fmxf,2014-11-07T01:33:33.053Z,"30 km ENE of Mawlaik, Myanmar",earthquake,,9.8,,1,reviewed,us,us
2007-09-07T20:14:56.970Z,23.005,92.707,38.6,4.2,mb,19,103.1,,0.97,us,usp000fmn9,2014-11-07T01:33:31.607Z,"12 km NNW of Lunglei, India",earthquake,,13,,8,reviewed,us,us
2007-08-31T12:06:32.770Z,23.063,90.611,42.5,4.5,mb,23,112.9,,0.51,us,usp000fm2v,2020-04-16T17:15:02.903Z,"16 km W of R?ipur, Bangladesh",earthquake,,5.8,,1,reviewed,us,us
2007-08-26T03:20:31.040Z,23.011,93.666,131.9,3.8,mb,15,162.4,,0.38,us,usp000fkq4,2014-11-07T01:33:22.898Z,"10 km N of Falam, Myanmar",earthquake,,33.8,,1,reviewed,us,us
2007-08-18T00:56:18.570Z,23.004,94.594,121.8,4.3,mb,64,68.1,,0.54,us,usp000fk2p,2014-11-07T01:33:18.205Z,"73 km SSE of Mawlaik, Myanmar",earthquake,,,,27,reviewed,us,us
2007-08-16T05:16:20.950Z,23.134,94.151,10,4.6,mb,31,114.3,,1.09,us,usp000fjv9,2014-11-07T01:33:16.996Z,"54 km ENE of Falam, Myanmar",earthquake,,,,2,reviewed,us,us
2007-08-13T08:28:51.480Z,23.762,93.873,65.5,4.3,mb,34,114.9,,1.15,us,usp000fjjr,2014-11-07T01:33:15.500Z,"55 km WNW of Mawlaik, Myanmar",earthquake,,,,6,reviewed,us,us
2007-08-13T02:02:57.510Z,26.566,97.167,10,4.4,mb,46,78.8,,1.07,us,usp000fjj1,2014-11-07T01:33:15.427Z,"53 km NE of Sarupathar, India",earthquake,,,,12,reviewed,us,us
2007-08-10T12:35:17.330Z,26.752,97.274,35,4.4,mb,13,115.1,,0.83,us,usp000fjb0,2014-11-07T01:33:14.000Z,"76 km NE of Sarupathar, India",earthquake,,,,1,reviewed,us,us
2007-08-10T01:47:11.210Z,24.344,94.79,100.8,4,mb,15,116.8,,0.54,us,usp000fja4,2014-11-07T01:33:13.889Z,"78 km ESE of W?ngjing, India",earthquake,,9.6,,6,reviewed,us,us
2007-07-28T01:00:33.540Z,22.83,92.359,32,4,mb,7,190.4,,0.26,us,usp000fh8c,2014-11-07T01:33:04.603Z,"39 km W of Lunglei, India",earthquake,,45.8,,1,reviewed,us,us
2007-07-28T00:48:28.820Z,22.765,92.255,36.9,4.8,mb,99,39.8,,1.07,us,usp000fh8a,2014-11-07T01:33:04.594Z,"42 km NE of Raoj?n, Bangladesh",earthquake,,10.1,,55,reviewed,us,us
2007-07-20T17:01:01.130Z,24.157,94.599,95.8,4.3,mb,10,172.2,,0.6,us,usp000fgqr,2014-11-07T01:33:01.091Z,"60 km NNE of Mawlaik, Myanmar",earthquake,,10,,1,reviewed,us,us
2007-06-29T23:24:00.850Z,25.429,96.581,52.7,5.2,mwc,147,49.5,,0.82,us,usp000ff4h,2022-05-02T20:21:03.918Z,"82 km W of Myitkyina, Myanmar",earthquake,,7.8,,,reviewed,us,gcmt
2007-06-27T18:40:24.150Z,28.892,95.024,49.2,4,mb,14,142.8,,1.05,us,usp000fezg,2014-11-07T01:32:46.464Z,"75 km ENE of Shi Yomi, India",earthquake,,22.1,,1,reviewed,us,us
2007-06-25T18:09:50.350Z,25.946,94.24,15.4,4.8,mb,78,67.2,,1.1,us,usp000fev8,2014-11-07T01:32:45.999Z,"16 km S of Wokha, India",earthquake,,,,33,reviewed,us,us
2007-06-21T14:26:21.340Z,24.979,95.376,10,4,mb,24,144.1,,1.36,us,usp000fege,2014-11-07T01:32:44.610Z,"116 km SE of Phek, India",earthquake,,,,6,reviewed,us,us
2007-06-10T19:41:26.150Z,26.065,96.823,46.1,4.2,mb,45,120.1,,0.84,us,usp000fdsj,2014-11-07T01:32:40.952Z,"15 km S of Sarupathar, India",earthquake,,7.9,,16,reviewed,us,us
2007-05-23T17:40:44.710Z,27.204,88.253,10,3.5,mb,12,101.7,,0.59,us,usp000fck3,2014-11-07T01:32:31.118Z,"8 km N of Naya B?z?r, India",earthquake,,,,2,reviewed,us,us
2007-05-20T14:18:21.330Z,27.334,88.236,42.8,4.9,mwc,167,76.7,,0.94,us,usp000fccm,2016-11-10T01:40:18.865Z,"5 km NNW of Gyalshing, India",earthquake,,11.4,,,reviewed,us,gcmt
2007-05-18T12:40:01.190Z,27.276,88.147,15.4,4.7,mb,83,70.7,,1.04,us,usp000fc7u,2014-11-07T01:32:29.290Z,"11 km W of Gyalshing, India",earthquake,,18.2,,40,reviewed,us,us
2007-05-15T23:23:24.920Z,26.182,95.817,114.2,4.3,mb,19,138.4,,0.9,us,usp000fc1y,2014-11-07T01:32:28.492Z,"95 km SSE of Khonsa, India",earthquake,,11.8,,8,reviewed,us,us
2007-05-07T05:58:33.000Z,23.161,94.483,93.7,5,mwc,98,61.7,,0.76,us,usp000fbeq,2025-12-22T15:22:33.222Z,"53 km S of Mawlaik, Myanmar",earthquake,,,,,reviewed,us,gcmt
2007-05-01T20:51:38.020Z,26.141,96.622,10,4.1,mb,19,155.3,,1.34,us,usp000fb1k,2014-11-07T01:32:22.009Z,"20 km WSW of Sarupathar, India",earthquake,,,,10,reviewed,us,us
2007-04-11T05:21:24.750Z,27.517,92.591,70.7,3.7,mb,10,175.2,,0.47,us,usp000f9ds,2014-11-07T01:32:10.153Z,"32 km NNE of Bomdila, India",earthquake,,16.4,,4,reviewed,us,us
2007-04-10T16:10:14.680Z,22.5,94.466,83.5,3.9,mb,15,112.5,,0.97,us,usp000f9bp,2014-11-07T01:32:09.922Z,"81 km WNW of Monywa, Myanmar",earthquake,,10.1,,1,reviewed,us,us
2007-04-07T11:46:33.370Z,28.614,96.418,30,4,mb,9,220.4,,1.06,us,usp000f8zh,2014-11-07T01:32:08.393Z,"61 km NNW of Hayuliang, India",earthquake,,,,3,reviewed,us,us
2007-04-05T08:42:16.280Z,24.886,95.207,125.2,4.5,mb,22,86.5,,0.91,us,usp000f8rx,2014-11-07T01:32:06.975Z,"112 km SE of Phek, India",earthquake,,10.2,,3,reviewed,us,us
2007-03-19T05:11:46.760Z,22.492,93.728,35,3.7,mb,10,177.9,,0.42,us,usp000f6zh,2014-11-07T01:31:53.918Z,"20 km SE of Hakha, Myanmar",earthquake,,,,1,reviewed,us,us
2007-03-18T21:55:59.740Z,26.288,95.578,84.9,3.8,mb,33,121.1,,0.6,us,usp000f6yz,2014-11-07T01:31:53.882Z,"71 km SE of Mon, India",earthquake,,7.9,,8,reviewed,us,us
2007-03-14T01:09:50.310Z,27.288,91.329,58.4,3.9,mb,22,162.4,,0.76,us,usp000f6nw,2014-11-07T01:31:52.344Z,"8 km E of Mongar, Bhutan",earthquake,,15.9,,5,reviewed,us,us
2007-03-13T22:46:43.000Z,23.687,94.477,83.9,4.3,mb,31,116.2,,0.88,us,usp000f6nq,2014-11-07T01:31:52.310Z,"8 km ENE of Mawlaik, Myanmar",earthquake,,6.4,,6,reviewed,us,us
2007-03-09T14:50:27.090Z,24.335,94.751,91.3,4.2,mb,30,97.3,,0.66,us,usp000f6cr,2014-11-07T01:31:50.696Z,"75 km ESE of W?ngjing, India",earthquake,,8.4,,10,reviewed,us,us
2007-03-01T03:40:50.990Z,25.12,95.166,41.9,3.7,mb,15,144.1,,0.46,us,usp000f5vn,2014-11-07T01:31:46.253Z,"Myanmar",earthquake,,15.4,,3,reviewed,us,us
2007-02-17T23:52:39.950Z,24.415,94.811,110,4.4,mb,13,177.4,,0.78,us,usp000f528,2014-11-07T01:31:39.352Z,"78 km ESE of W?ngjing, India",earthquake,,10.5,,3,reviewed,us,us
2007-02-14T11:44:36.270Z,26.326,91.339,35,3.7,mb,8,186.6,,0.56,us,usp000f4vb,2014-11-07T01:31:37.715Z,"20 km WNW of H?jo, India",earthquake,,,,2,reviewed,us,us
2007-02-11T09:53:55.920Z,27.087,96.821,73.7,4.4,mb,7,120.8,,1.2,us,usp000f4nw,2014-11-07T01:31:36.546Z,"97 km N of Sarupathar, India",earthquake,,31,,1,reviewed,us,us
2007-02-02T00:41:16.240Z,28.272,94.224,36.7,4.3,mb,22,100.4,,0.74,us,usp000f443,2014-11-07T01:31:32.426Z,"32 km SSW of Shi Yomi, India",earthquake,,11,,6,reviewed,us,us
2007-01-24T11:03:31.440Z,24.702,94.491,71.4,4.7,mb,19,146.2,,1.06,us,usp000f3fz,2014-11-07T01:31:27.012Z,"44 km E of Yairipok, India",earthquake,,12.2,,3,reviewed,us,us
2007-01-24T10:29:27.290Z,25.686,89.86,19.6,4.1,mb,17,145.8,,1,us,usp000f3fu,2014-11-07T01:31:27.004Z,"16 km N of Mank?char, India",earthquake,,59.9,,2,reviewed,us,us
2007-01-21T16:15:37.450Z,23.549,94.156,73.6,4,mb,28,123,,0.72,us,usp000f35z,2014-11-07T01:31:25.720Z,"27 km WSW of Mawlaik, Myanmar",earthquake,,8.7,,5,reviewed,us,us
2007-01-21T02:48:24.460Z,22.56,93.065,50.5,4,mb,23,115.5,,0.97,us,usp000f33s,2014-11-07T01:31:25.035Z,"11 km NE of Saiha, India",earthquake,,11.6,,5,reviewed,us,us
