latitude,longitude,event_date,elevation,slope,aspect,curvature,land_cover_code,historical_landslide_density,rainfall_1h,rainfall_3h,rainfall_6h,rainfall_12h,rainfall_24h,rainfall_3day,rainfall_7day,soil_moisture_0_7cm,soil_moisture_7_28cm,earthquake_count_7d,nearest_eq_distance_km,max_eq_magnitude,landslide_occurrence
29.0,91.5,2022-10-07,4803.0,0.84,223.8,1e-06,2.0,0.0,0.71,0.58,3.11,1.98,6.97,48.82,33.88,0.448,0.495,4,201.9,6.46,0
29.5,92.5,2021-08-16,5352.0,3.69,179.1,-9e-06,4.0,0.0,0.02,1.29,4.19,4.86,16.07,62.91,64.74,0.409,0.38,0,146.7,3.62,0
24.6005,92.3814,2010-06-03,535.5,0.72,179.1,0.0,1.0,0.0,0.3,0.3,1.0,2.4,7.1,27.3,165.8,0.442,0.45,1,418.7,4.6,1
22.5,95.5,2021-02-11,93.0,0.05,49.5,0.0,5.0,0.0,0.2,1.0,3.64,8.81,2.76,38.5,144.56,0.365,0.355,0,319.8,6.23,0
26.0,90.0,2016-11-29,36.0,0.05,247.6,0.0,1.0,0.0,0.81,1.31,2.23,0.62,8.46,32.92,81.79,0.469,0.391,4,342.4,3.46,0
24.5,88.5,2019-05-04,24.0,0.01,34.8,-0.0,5.0,0.0,0.66,0.24,3.52,2.36,8.83,67.19,137.47,0.328,0.447,5,469.3,3.39,0
29.0,90.5,2021-06-17,4445.0,0.95,41.4,4e-06,4.0,0.0204,0.47,1.65,0.62,5.98,15.48,45.61,117.67,0.31,0.296,4,220.1,2.36,0
24.0,91.0,2019-09-11,8.0,0.07,270.8,0.0,5.0,0.0204,0.15,0.14,2.91,6.95,12.18,44.56,124.98,0.342,0.433,1,39.0,0.58,0
23.0,94.0,2020-07-28,147.0,1.17,100.5,3e-06,6.0,0.0204,0.77,0.74,4.03,3.08,20.53,12.37,73.6,0.493,0.337,3,443.5,6.05,0
23.5,95.5,2010-06-07,175.0,0.32,43.1,0.0,5.0,0.0,0.61,0.17,3.8,6.44,21.49,51.46,108.96,0.398,0.442,1,493.2,1.4,0
26.9599,88.268,2009-08-16,535.5,0.72,179.1,0.0,1.0,0.0,2.5,4.3,7.8,12.8,19.5,115.5,198.8,0.423,0.425,1,716.7,5.5,1
25.0633,92.8025,2010-06-16,535.5,0.72,179.1,0.0,1.0,0.0,0.4,1.3,3.8,7.1,18.9,84.3,122.1,0.514,0.508,1,210.5,4.4,1
26.5,91.5,2023-12-15,58.0,1.61,359.5,2e-06,1.0,0.0,0.05,1.38,1.19,2.95,4.6,57.36,121.17,0.345,0.306,2,425.7,3.44,0
22.5,92.5,2011-11-05,263.0,0.83,227.1,1e-06,0.0,0.0408,0.39,0.73,1.66,6.81,20.2,69.67,34.19,0.378,0.432,5,47.6,1.63,0
24.5,95.5,2013-03-23,268.0,0.2,209.7,-0.0,2.0,0.0,0.25,0.52,5.17,2.93,9.98,8.67,63.06,0.371,0.457,4,230.3,4.1,0
28.0,94.0,2015-10-24,1741.0,1.08,354.2,-1e-06,0.0,0.0204,0.21,1.45,5.28,4.05,5.93,48.04,39.95,0.475,0.398,0,175.5,0.74,0
27.9032,96.174,2014-05-08,535.5,0.72,179.1,0.0,1.0,0.0,1.7,6.1,13.7,23.4,29.4,33.1,39.4,0.516,0.451,0,500.0,0.0,1
27.0,94.5,2018-02-27,89.0,0.63,182.0,1e-06,5.0,0.0,0.13,0.98,3.98,5.35,19.27,22.7,108.19,0.464,0.487,4,212.2,2.71,0
24.5,95.0,2019-06-09,182.0,0.24,192.3,0.0,5.0,0.0,0.24,2.18,2.43,4.95,13.41,6.8,145.1,0.299,0.386,5,38.2,2.26,0
24.5,94.0,2015-08-25,781.0,0.33,133.4,-1e-06,2.0,0.102,0.64,1.44,0.9,0.52,5.41,5.08,36.55,0.48,0.49,2,438.0,0.33,0
26.9986,95.4993,2012-06-25,535.5,0.72,179.1,0.0,1.0,0.0,2.3,11.0,18.4,24.7,42.8,97.5,219.9,0.496,0.508,0,500.0,0.0,1
24.0,93.0,2019-05-08,374.0,0.4,208.3,2e-06,0.0,0.102,0.45,0.29,3.19,3.74,20.87,13.17,76.77,0.497,0.29,0,344.2,2.64,0
25.5144,90.2167,2011-08-16,535.5,0.72,179.1,0.0,1.0,0.0,3.2,16.9,30.4,38.5,44.6,64.9,174.9,0.493,0.504,0,500.0,0.0,1
27.0,91.5,2022-01-03,1594.0,2.09,12.5,-2e-06,1.0,0.0204,0.68,0.03,3.45,11.18,21.58,60.74,46.72,0.446,0.334,1,262.8,5.11,0
27.1176,88.1069,2016-07-20,535.5,0.72,179.1,0.0,1.0,0.0,0.5,1.8,2.4,11.3,17.7,334.8,416.8,0.421,0.425,1,729.1,4.0,1
22.0,92.0,2016-12-04,36.0,0.66,222.2,1e-06,5.0,0.1429,0.49,0.12,1.24,1.23,11.5,10.07,27.49,0.337,0.413,5,213.8,4.17,0
26.0093,94.5238,2010-07-06,535.5,0.72,179.1,0.0,1.0,0.0,0.5,2.0,2.4,3.2,4.4,41.2,119.8,0.489,0.496,1,236.0,4.4,1
27.7344,88.633,2011-08-25,535.5,0.72,179.1,0.0,1.0,0.0,0.0,0.7,0.9,6.5,9.0,28.0,53.8,0.419,0.421,0,500.0,0.0,1
25.0,91.5,2021-05-31,10.0,1.71,359.8,2e-06,6.0,0.1224,0.54,1.88,1.5,10.64,0.62,59.5,129.74,0.338,0.421,1,376.4,1.92,0
27.0,96.0,2021-12-05,1342.0,0.65,235.3,-3e-06,0.0,0.0,0.28,0.17,4.71,4.71,10.74,35.77,137.82,0.367,0.44,0,89.1,4.72,0
23.72988966,92.71495623,2010-09-13,535.5,0.72,179.1,0.0,1.0,0.0,0.0,0.3,0.3,2.7,4.9,17.1,41.7,0.407,0.41,2,213.7,5.1,1
26.0,89.0,2010-07-10,49.0,0.04,20.9,-0.0,5.0,0.0,0.5,2.47,0.63,3.59,19.95,51.42,115.6,0.479,0.379,3,158.6,4.85,0
24.5,95.5,2010-03-07,268.0,0.2,209.7,-0.0,2.0,0.0,0.83,2.02,4.52,8.22,6.79,57.34,134.42,0.328,0.294,3,175.3,4.41,0
29.5,90.0,2009-10-06,4704.0,5.22,183.6,-2e-06,4.0,0.0,0.49,0.87,4.04,1.21,11.2,49.58,111.14,0.434,0.419,1,58.9,0.54,0
23.0,94.5,2020-07-18,240.0,0.1,290.0,0.0,2.0,0.0,0.06,2.27,2.33,5.71,11.67,6.96,72.0,0.502,0.349,2,459.2,6.21,0
29.0,95.0,2016-06-27,1446.0,2.67,347.0,6e-06,0.0,0.0,0.57,1.91,2.98,11.01,17.71,38.26,119.85,0.472,0.308,3,308.9,6.45,0
26.87324244,88.29184021,2009-07-03,535.5,0.72,179.1,0.0,1.0,0.0,0.2,0.6,3.0,18.1,61.1,139.1,388.8,0.421,0.426,0,500.0,0.0,1
27.5,92.0,2009-04-09,3933.0,4.02,358.3,-7e-06,4.0,0.0,0.88,1.75,1.68,8.72,20.74,49.46,95.12,0.496,0.412,5,421.5,2.93,0
24.5,97.0,2010-01-23,748.0,0.51,272.6,-2e-06,2.0,0.0,0.26,0.23,1.94,9.27,12.36,27.59,133.07,0.447,0.406,2,370.2,2.25,0
29.4903,90.9352,2012-05-03,535.5,0.72,179.1,0.0,1.0,0.0,0.0,0.0,0.7,0.7,0.7,6.4,18.0,0.245,0.236,1,383.4,4.2,1
28.5,97.0,2021-01-17,1794.0,1.12,347.0,1e-05,0.0,0.0,0.36,0.91,4.66,7.5,7.52,22.22,139.28,0.424,0.392,4,413.6,6.38,0
26.5,90.5,2010-12-23,64.0,0.75,0.6,1e-06,5.0,0.0,0.39,0.28,2.3,4.53,1.8,61.08,113.09,0.341,0.458,0,260.1,0.74,0
27.5,91.0,2010-03-25,3987.0,2.49,358.2,-8e-06,4.0,0.0,0.27,1.63,0.35,7.66,12.69,22.31,66.43,0.315,0.452,1,433.6,5.12,0
27.5,95.5,2013-03-13,132.0,0.55,184.0,1e-06,5.0,0.0,0.24,1.24,2.8,3.98,2.7,39.51,62.96,0.339,0.375,3,258.9,0.35,0
22.9231,96.5016,2008-06-11,535.5,0.72,179.1,0.0,1.0,0.0,0.2,2.3,5.9,7.2,19.4,78.2,150.1,0.507,0.501,2,199.0,4.3,1
25.0,90.5,2014-09-29,11.0,0.44,1.4,1e-06,1.0,0.0408,0.72,0.47,4.94,9.69,5.19,50.76,40.3,0.5,0.347,2,54.8,1.24,0
26.1868,91.6739,2015-09-01,535.5,0.72,179.1,0.0,1.0,0.0,0.6,6.1,14.1,59.8,87.3,125.6,216.3,0.511,0.514,3,231.7,4.2,1
26.8716,94.9921,2010-07-20,535.5,0.72,179.1,0.0,1.0,0.0,6.5,16.8,23.4,28.7,46.3,90.9,172.6,0.508,0.518,1,530.6,4.6,1
24.1419,94.1078,2015-08-01,535.5,0.72,179.1,0.0,1.0,0.0,7.2,25.6,51.5,72.0,164.5,330.8,493.5,0.47,0.47,1,461.8,4.4,1
25.38,91.88,2007-07-26,535.5,0.72,179.1,0.0,1.0,0.0,3.8,12.6,28.5,62.7,87.0,190.6,346.5,0.505,0.518,1,306.4,4.3,1
27.5,93.0,2009-07-24,777.0,2.77,7.5,6e-06,0.0,0.0408,0.16,1.53,3.76,2.28,10.32,19.29,106.16,0.485,0.462,5,369.3,0.59,0
27.10647226,93.65975252,2017-07-01,535.5,0.72,179.1,0.0,1.0,0.0,0.2,1.4,5.3,17.1,51.2,102.5,162.3,0.507,0.508,2,364.0,4.6,1
29.0,93.0,2010-10-08,3846.0,0.63,305.8,4e-06,4.0,0.0,0.08,1.26,0.37,8.59,17.37,11.09,78.44,0.41,0.346,4,217.3,1.38,0
23.5,89.5,2022-07-01,8.0,0.01,14.0,0.0,1.0,0.0,0.18,2.34,0.98,3.97,2.07,59.42,138.19,0.494,0.364,1,429.0,5.08,0
26.0214,94.5224,2015-08-19,535.5,0.72,179.1,0.0,1.0,0.0,0.0,0.2,0.9,3.2,10.3,29.9,62.2,0.502,0.509,2,157.9,4.5,1
29.5,92.5,2022-06-11,5352.0,3.69,179.1,-9e-06,4.0,0.0,0.59,1.49,2.48,1.03,11.11,25.51,83.78,0.427,0.344,2,467.7,5.69,0
27.0,94.5,2020-10-10,89.0,0.63,182.0,1e-06,5.0,0.0,0.38,0.75,2.28,1.99,4.24,11.49,79.87,0.4,0.313,4,409.0,1.21,0
26.5,90.5,2015-07-14,64.0,0.75,0.6,1e-06,5.0,0.0,0.28,1.86,3.0,3.44,16.18,47.79,37.35,0.464,0.317,4,153.2,2.5,0
27.04357147,88.26522126,2009-05-26,535.5,0.72,179.1,0.0,1.0,0.0,2.2,7.3,14.6,23.3,33.5,54.9,145.4,0.431,0.43,1,842.7,4.2,1
27.1614,93.7525,2013-09-02,535.5,0.72,179.1,0.0,1.0,0.0,0.2,1.6,2.9,5.8,12.1,33.1,94.7,0.47,0.469,1,192.3,4.5,1
29.5,95.5,2017-02-03,1509.0,2.66,172.9,6e-06,0.0,0.0,0.62,2.5,3.56,9.09,2.0,11.55,42.01,0.466,0.44,1,430.9,1.36,0
27.06992579,93.6146564,2017-06-19,535.5,0.72,179.1,0.0,1.0,0.0,0.3,1.1,2.1,2.5,5.8,104.8,258.4,0.506,0.496,1,273.5,4.6,1
25.5498,92.0757,2012-06-13,535.5,0.72,179.1,0.0,1.0,0.0,0.0,0.3,0.4,6.7,9.5,32.6,79.0,0.49,0.496,3,304.3,4.7,1
27.0,90.0,2017-06-28,2022.0,1.82,31.7,-4e-06,1.0,0.0612,0.55,2.54,4.61,9.11,0.08,61.08,69.03,0.47,0.49,0,304.9,5.65,0
25.0,93.0,2022-08-05,532.0,0.69,249.5,-1e-06,0.0,0.2653,0.06,0.32,1.99,6.22,8.92,6.93,121.56,0.348,0.396,4,296.0,1.8,0
25.6127,96.2961,2016-05-23,535.5,0.72,179.1,0.0,1.0,0.0,0.0,0.0,0.0,0.4,3.4,96.9,132.6,0.482,0.485,2,256.7,4.8,1
29.5,94.0,2011-03-24,5108.0,4.3,175.7,-8e-06,2.0,0.0,0.85,0.54,1.11,7.46,3.57,14.15,27.19,0.295,0.387,4,240.3,0.21,0
25.0,91.0,2015-04-05,5.0,0.7,0.1,1e-06,5.0,0.0204,0.5,0.58,5.14,3.36,6.57,16.41,107.86,0.361,0.365,5,144.0,0.79,0
25.0,91.5,2011-06-29,10.0,1.71,359.8,2e-06,6.0,0.1224,0.2,0.14,0.19,3.01,1.51,9.25,46.58,0.425,0.444,3,202.5,1.43,0
25.0,92.0,2010-11-05,16.0,1.63,359.3,2e-06,1.0,0.2245,0.42,0.11,2.06,10.68,14.33,13.0,138.74,0.373,0.352,0,101.4,5.13,0
26.10973183,91.80317334,2017-07-06,535.5,0.72,179.1,0.0,1.0,0.0,0.0,1.6,3.2,15.0,36.6,257.3,463.7,0.505,0.512,2,350.4,4.9,1
29.5,89.0,2014-09-28,5361.0,4.51,187.2,-9e-06,4.0,0.0,0.04,0.57,3.79,0.15,20.89,46.61,136.47,0.469,0.391,5,39.7,3.63,0
23.5,95.0,2010-05-24,417.0,0.1,47.2,-1e-06,1.0,0.0,0.62,0.77,3.98,0.37,18.46,9.35,128.74,0.45,0.477,5,327.1,2.53,0
26.5,96.5,2015-05-15,201.0,0.65,3.7,3e-06,0.0,0.0,0.19,0.76,2.77,5.14,8.37,3.19,59.42,0.486,0.374,0,73.3,2.72,0
26.0746,97.3668,2015-12-25,535.5,0.72,179.1,0.0,1.0,0.0,0.0,0.0,0.0,0.0,0.0,0.0,12.6,0.418,0.426,2,427.4,4.3,1
23.8447,93.0514,2015-08-26,535.5,0.72,179.1,0.0,1.0,0.0,0.3,0.9,0.9,6.2,7.5,22.0,89.8,0.423,0.422,1,370.7,3.9,1
25.4769,94.1351,2010-10-08,535.5,0.72,179.1,0.0,1.0,0.0,0.6,1.6,2.9,8.2,22.6,54.9,83.1,0.511,0.51,0,500.0,0.0,1
24.5,97.0,2017-07-06,748.0,0.51,272.6,-2e-06,2.0,0.0,0.54,1.22,0.13,10.57,5.55,49.43,75.49,0.463,0.373,2,186.2,0.13,0
22.0,90.5,2016-05-18,5.0,0.52,179.6,1e-06,1.0,0.0,0.19,1.48,1.7,2.63,1.52,21.55,44.75,0.34,0.411,5,307.9,5.74,0
28.0,93.0,2020-11-02,3033.0,5.29,39.3,-1e-06,2.0,0.0,0.87,0.81,2.05,4.44,2.6,26.15,76.21,0.331,0.435,2,460.2,3.84,0
23.0,94.5,2011-01-05,240.0,0.1,290.0,0.0,2.0,0.0,0.58,1.6,2.17,5.61,17.05,64.9,30.34,0.388,0.415,0,337.2,5.54,0
22.894,91.5327,2007-10-19,535.5,0.72,179.1,0.0,1.0,0.0,0.0,0.0,0.0,2.4,10.7,42.8,96.2,0.494,0.504,2,92.6,4.5,1
26.138,94.25,2008-08-19,535.5,0.72,179.1,0.0,1.0,0.0,2.0,3.5,4.1,4.8,25.1,46.2,88.2,0.496,0.493,1,292.3,4.5,1
28.0,96.5,2011-10-09,1941.0,4.09,339.3,-1e-06,0.0,0.0408,0.25,2.2,3.03,7.13,4.9,22.08,141.35,0.307,0.465,1,415.7,1.37,0
24.0896,91.4663,2013-05-08,535.5,0.72,179.1,0.0,1.0,0.0,3.1,4.4,10.1,25.0,47.9,165.0,303.9,0.437,0.435,1,523.5,4.2,1
26.5,97.0,2020-09-19,462.0,1.4,350.9,1e-06,0.0,0.0,0.1,0.81,0.23,9.58,19.78,24.89,131.45,0.316,0.455,5,163.1,3.75,0
24.5,95.0,2009-01-09,182.0,0.24,192.3,0.0,5.0,0.0,0.01,2.22,2.29,4.41,20.08,6.66,24.64,0.47,0.455,4,109.0,0.53,0
27.0,89.0,2012-06-23,1156.0,4.51,347.5,4e-06,0.0,0.0,0.49,0.23,1.09,1.8,17.3,60.95,46.7,0.306,0.437,0,35.7,5.48,0
23.0,88.5,2011-05-11,11.0,0.01,28.7,0.0,1.0,0.0,0.38,0.2,0.67,0.15,11.8,10.63,42.85,0.477,0.314,3,252.6,4.07,0
28.0,88.5,2010-02-18,5337.0,3.33,9.7,-5e-06,2.0,0.0,0.1,0.14,2.25,2.02,13.53,42.37,124.66,0.441,0.423,2,172.8,1.29,0
26.0,95.5,2009-09-01,1084.0,0.52,11.3,-2e-06,0.0,0.0,0.53,1.24,3.55,1.14,1.4,53.08,18.5,0.417,0.503,0,113.4,5.15,0
24.9356,93.8443,2010-07-31,535.5,0.72,179.1,0.0,1.0,0.0,0.3,0.3,0.5,2.3,5.2,47.7,67.6,0.418,0.414,1,205.6,4.1,1
27.5,93.5,2018-08-09,1645.0,0.7,257.5,-4e-06,0.0,0.102,0.87,1.24,3.47,3.51,3.06,23.73,26.2,0.3,0.306,2,357.5,0.65,0
28.5,90.5,2012-10-03,5037.0,1.02,197.3,0.0,4.0,0.0,0.81,1.29,3.19,11.27,20.87,65.61,136.5,0.41,0.373,3,472.6,4.35,0
22.0,92.0,2019-04-03,36.0,0.66,222.2,1e-06,5.0,0.1429,0.75,1.05,0.96,4.18,18.5,65.99,139.56,0.418,0.384,0,172.4,5.87,0
22.2144,92.235,2015-06-26,535.5,0.72,179.1,0.0,1.0,0.0,8.5,17.8,20.9,23.0,47.4,198.8,253.4,0.43,0.429,0,500.0,0.0,1
23.5,89.5,2020-10-18,8.0,0.01,14.0,0.0,1.0,0.0,0.58,1.5,0.57,3.3,5.26,38.14,61.49,0.3,0.319,3,105.4,5.3,0
23.7736,94.1201,2015-08-01,535.5,0.72,179.1,0.0,1.0,0.0,1.4,9.1,22.4,39.9,145.0,509.2,746.5,0.497,0.513,1,495.2,4.4,1
26.7973,88.1389,2016-08-09,535.5,0.72,179.1,0.0,1.0,0.0,0.0,0.0,0.0,0.0,2.5,35.4,63.8,0.396,0.402,0,500.0,0.0,1
25.5,88.0,2021-08-03,33.0,0.31,86.5,1e-06,6.0,0.0,0.45,1.63,0.59,8.55,4.14,2.88,131.98,0.402,0.397,1,42.1,2.81,0
24.5,88.0,2009-02-10,22.0,0.31,89.2,1e-06,1.0,0.0204,0.52,2.58,0.44,7.76,11.34,43.44,32.32,0.378,0.426,5,84.4,1.35,0
24.7016,93.5291,2015-08-11,535.5,0.72,179.1,0.0,1.0,0.0,0.0,0.0,0.0,2.6,11.3,34.3,94.9,0.419,0.425,0,500.0,0.0,1
24.9111,94.4759,2015-08-01,535.5,0.72,179.1,0.0,1.0,0.0,1.8,5.4,7.7,18.8,58.8,155.4,244.8,0.43,0.429,1,426.3,4.4,1
28.235,94.9612,2016-07-19,535.5,0.72,179.1,0.0,1.0,0.0,1.4,4.9,11.0,22.3,43.7,94.4,201.1,0.43,0.428,1,410.8,4.0,1
25.167803,92.019575,2017-03-08,535.5,0.72,179.1,0.0,1.0,0.0,0.7,1.5,2.3,2.3,2.3,18.0,29.9,0.427,0.411,4,257.4,5.1,1
28.5,93.0,2009-11-17,4718.0,1.38,52.2,-5e-06,4.0,0.0,0.3,0.04,2.48,9.38,9.42,22.72,58.2,0.367,0.306,2,252.0,0.31,0
26.0,97.5,2019-12-31,292.0,0.38,351.3,1e-06,0.0,0.0,0.9,0.99,5.08,8.58,1.98,19.43,29.36,0.346,0.469,5,461.9,2.96,0
26.1665,91.7049,2013-10-06,535.5,0.72,179.1,0.0,1.0,0.0,0.5,2.4,4.1,5.4,13.6,38.8,70.6,0.51,0.509,1,351.0,5.2,1
23.6866,93.017,2015-08-27,535.5,0.72,179.1,0.0,1.0,0.0,1.6,3.4,4.3,5.9,16.6,33.9,90.3,0.43,0.431,1,379.9,3.9,1
25.3433,92.2897,2010-05-11,535.5,0.72,179.1,0.0,1.0,0.0,3.0,7.0,11.2,18.0,33.3,138.8,145.7,0.507,0.513,0,500.0,0.0,1
26.0,95.5,2012-08-06,1084.0,0.52,11.3,-2e-06,0.0,0.0,0.47,1.79,1.03,11.2,17.18,26.11,61.14,0.376,0.453,0,405.6,5.04,0
23.0,88.5,2009-12-24,11.0,0.01,28.7,0.0,1.0,0.0,0.67,0.59,4.31,8.97,1.22,40.8,43.14,0.301,0.304,3,300.9,4.42,0
26.5,91.0,2010-08-18,42.0,1.83,0.1,2e-06,5.0,0.0,0.34,2.45,2.09,1.14,6.85,11.64,37.75,0.494,0.461,3,328.1,1.13,0
24.5,90.5,2017-02-10,11.0,0.01,64.4,0.0,1.0,0.0,0.14,0.76,2.33,5.72,16.62,9.13,100.44,0.365,0.319,1,225.2,2.7,0
22.0,94.5,2009-12-28,231.0,0.31,148.4,0.0,0.0,0.0,0.54,0.01,1.38,2.78,7.84,25.45,63.87,0.403,0.404,3,195.1,0.8,0
23.5,89.0,2017-05-09,11.0,0.0,68.2,0.0,5.0,0.0,0.65,2.05,0.19,2.66,9.99,53.92,139.63,0.299,0.47,2,146.2,2.5,0
29.5,93.5,2019-05-02,4826.0,4.51,180.3,-5e-06,4.0,0.0,0.53,1.65,1.74,4.4,21.09,3.29,61.19,0.367,0.385,3,428.6,3.24,0
26.5,96.0,2011-07-10,526.0,0.51,38.4,1e-06,0.0,0.0,0.44,2.58,1.19,10.81,6.4,7.58,60.31,0.37,0.49,0,448.8,3.93,0
25.5,92.0,2010-01-08,1584.0,0.51,47.8,-4e-06,0.0,0.0204,0.86,0.16,5.13,2.15,18.48,35.79,85.77,0.402,0.305,3,377.9,2.5,0
26.5,91.5,2020-07-23,58.0,1.61,359.5,2e-06,1.0,0.0,0.89,1.83,4.85,3.25,21.54,7.13,45.55,0.465,0.443,0,371.2,1.24,0
26.0,89.0,2020-11-24,49.0,0.04,20.9,-0.0,5.0,0.0,0.39,0.68,1.65,11.06,11.33,68.01,53.56,0.37,0.382,2,310.3,4.95,0
26.8545,88.3372,2011-09-28,535.5,0.72,179.1,0.0,1.0,0.0,0.0,0.0,0.1,2.5,52.8,110.4,205.3,0.411,0.417,2,634.0,4.7,1
25.0,89.0,2017-02-02,21.0,0.02,13.4,0.0,1.0,0.0,0.52,1.84,3.19,9.21,16.3,5.13,100.44,0.387,0.389,4,28.3,2.59,0
25.0,91.0,2012-07-13,5.0,0.7,0.1,1e-06,5.0,0.0204,0.85,2.12,1.59,3.58,7.02,50.83,24.73,0.413,0.337,3,120.7,6.25,0
28.0,92.5,2015-09-24,5668.0,3.0,24.7,-1e-05,2.0,0.0,0.23,2.23,0.25,1.12,3.72,16.96,50.14,0.471,0.31,5,174.0,2.35,0
23.5,88.0,2009-07-16,27.0,0.32,88.9,1e-06,1.0,0.0204,0.42,2.07,3.89,2.34,13.96,30.37,23.4,0.368,0.464,1,15.5,1.31,0
26.8833,88.2833,2007-09-07,535.5,0.72,179.1,0.0,1.0,0.0,7.3,17.7,37.7,74.9,88.0,237.0,303.3,0.429,0.431,1,485.3,4.5,1
25.5,95.0,2022-08-09,1496.0,1.25,34.9,-4e-06,2.0,0.0,0.08,1.99,2.31,4.46,14.99,34.37,85.89,0.323,0.374,4,154.5,4.12,0
28.0,90.0,2012-01-04,4023.0,3.6,351.9,1e-06,4.0,0.0,0.45,1.57,3.76,4.23,19.33,35.55,35.19,0.335,0.296,0,463.5,6.18,0
24.0,90.0,2012-03-05,8.0,0.02,12.3,0.0,1.0,0.0,0.26,1.78,4.24,10.76,8.43,43.16,78.04,0.339,0.361,5,362.9,5.54,0
27.3543,88.6428,2010-05-31,535.5,0.72,179.1,0.0,1.0,0.0,0.0,0.0,0.0,2.6,3.5,15.8,62.7,0.383,0.382,0,500.0,0.0,1
25.0,88.5,2011-12-17,27.0,0.01,35.5,-0.0,6.0,0.0,0.82,0.73,3.6,3.1,22.65,54.4,55.46,0.414,0.297,2,187.2,4.28,0
23.5,97.0,2018-10-08,319.0,1.07,216.6,2e-06,0.0,0.0,0.16,1.36,3.43,6.96,20.86,54.62,77.11,0.468,0.418,2,427.3,5.4,0
29.0,95.5,2016-11-16,3034.0,1.6,251.1,-4e-06,4.0,0.0204,0.67,1.79,5.22,2.55,14.61,12.93,106.44,0.453,0.444,4,402.0,3.22,0
22.3521,91.8151,2013-07-28,535.5,0.72,179.1,0.0,1.0,0.0,1.9,5.7,11.2,22.3,49.0,119.6,132.2,0.283,0.284,0,500.0,0.0,1
24.0,97.0,2009-08-15,142.0,0.98,297.0,3e-06,1.0,0.0,0.22,2.15,2.45,6.33,9.9,46.02,22.31,0.328,0.319,2,396.9,1.81,0
24.5,90.5,2021-03-18,11.0,0.01,64.4,0.0,1.0,0.0,0.56,1.61,2.33,3.9,18.42,46.14,116.88,0.48,0.307,4,173.9,4.71,0
27.0095,88.2592,2009-05-26,535.5,0.72,179.1,0.0,1.0,0.0,2.2,7.3,14.6,23.3,33.5,54.9,145.4,0.431,0.43,1,842.5,4.2,1
26.1016,91.6906,2013-05-11,535.5,0.72,179.1,0.0,1.0,0.0,9.3,9.4,9.4,9.5,16.5,21.3,56.0,0.465,0.425,1,499.8,4.2,1
23.5,93.0,2016-06-19,737.0,0.89,209.6,1e-06,1.0,0.0816,0.83,1.68,2.38,6.09,15.43,62.37,61.56,0.487,0.502,1,303.4,3.51,0
29.0,88.0,2010-04-27,5088.0,2.69,300.2,-8e-06,2.0,0.0,0.07,1.01,2.32,2.97,17.66,62.76,145.14,0.4,0.44,1,361.2,6.22,0
24.0,91.5,2009-10-28,115.0,0.05,231.3,-0.0,5.0,0.102,0.85,1.52,0.82,6.43,22.54,31.67,100.31,0.438,0.352,2,352.8,3.27,0
26.1833,91.8,2007-09-13,535.5,0.72,179.1,0.0,1.0,0.0,0.0,1.1,1.4,2.1,3.3,10.4,208.9,0.494,0.494,2,365.1,4.6,1
27.0,89.5,2019-07-21,2283.0,3.84,351.6,-3e-06,0.0,0.2245,0.48,2.41,4.78,8.37,11.34,37.02,134.78,0.31,0.47,5,55.2,3.2,0
28.5,94.5,2016-09-27,1320.0,1.78,32.8,2e-06,0.0,0.0408,0.22,1.92,5.02,9.3,19.97,38.02,95.59,0.422,0.498,5,465.8,4.96,0
22.5,94.5,2010-12-04,249.0,0.18,87.0,0.0,2.0,0.0,0.02,2.39,4.59,3.75,2.05,65.19,63.26,0.451,0.497,2,421.9,2.36,0
24.6869,93.9157,2011-07-25,535.5,0.72,179.1,0.0,1.0,0.0,0.0,1.7,1.7,5.2,5.3,16.6,92.9,0.427,0.423,1,187.2,4.0,1
29.0,89.0,2013-07-11,4805.0,0.58,6.5,-1e-06,2.0,0.0,0.57,0.08,1.42,11.04,12.82,40.42,118.78,0.304,0.357,2,14.2,2.32,0
27.0,89.0,2009-12-09,1156.0,4.51,347.5,4e-06,0.0,0.0,0.63,1.17,3.5,2.52,14.47,10.21,133.12,0.397,0.329,2,92.0,4.81,0
27.1071241,93.65156438,2017-07-09,535.5,0.72,179.1,0.0,1.0,0.0,1.6,7.0,18.5,34.7,57.5,79.1,144.8,0.504,0.501,1,293.4,4.5,1
24.5,97.0,2019-03-31,748.0,0.51,272.6,-2e-06,2.0,0.0,0.89,0.77,2.45,1.13,3.97,5.1,54.79,0.463,0.357,5,66.8,5.53,0
22.3555,91.8205,2007-06-11,535.5,0.72,179.1,0.0,1.0,0.0,1.1,4.8,9.2,14.5,23.1,81.3,130.3,0.281,0.275,1,653.7,4.2,1
27.02459801,88.43849551,2009-08-16,535.5,0.72,179.1,0.0,1.0,0.0,8.0,21.2,45.3,86.7,97.5,282.5,354.5,0.437,0.438,1,704.0,5.5,1
26.0,89.5,2021-02-22,33.0,0.03,17.4,0.0,1.0,0.0,0.45,0.14,4.75,7.97,14.11,21.29,43.64,0.323,0.501,1,159.4,3.59,0
26.1844,91.7896,2014-06-26,535.5,0.72,179.1,0.0,1.0,0.0,2.5,8.5,15.5,22.9,27.8,36.6,216.0,0.514,0.518,2,417.0,4.1,1
24.5,89.0,2009-12-10,12.0,0.01,38.0,0.0,1.0,0.0,0.28,0.81,2.1,9.21,10.74,4.91,100.42,0.355,0.476,0,434.2,2.16,0
25.8266,94.1497,2013-10-05,535.5,0.72,179.1,0.0,1.0,0.0,0.3,1.1,3.5,9.2,26.4,42.4,61.6,0.49,0.514,1,594.3,5.2,1
27.1344,88.4575,2009-08-20,535.5,0.72,179.1,0.0,1.0,0.0,0.9,3.6,9.3,12.4,24.5,146.9,499.8,0.423,0.428,1,403.2,5.0,1
26.5,94.0,2022-07-11,102.0,0.7,186.2,2e-06,6.0,0.0,0.47,2.5,1.4,5.49,17.17,43.15,60.68,0.438,0.363,2,410.3,6.12,0
25.5145,90.2023,2015-08-18,535.5,0.72,179.1,0.0,1.0,0.0,2.1,5.3,9.6,19.4,41.4,72.0,99.0,0.503,0.502,2,479.1,4.5,1
27.8997,93.3497,2010-04-02,535.5,0.72,179.1,0.0,1.0,0.0,1.4,5.5,13.7,16.7,20.2,62.6,122.9,0.428,0.427,0,500.0,0.0,1
26.0,91.0,2020-06-13,46.0,0.67,177.3,1e-06,1.0,0.0204,0.44,1.91,4.7,4.31,6.51,44.99,36.13,0.33,0.464,2,216.7,3.98,0
26.222,94.9152,2010-08-14,535.5,0.72,179.1,0.0,1.0,0.0,1.2,5.2,9.5,22.1,26.2,56.4,107.4,0.513,0.514,1,148.4,4.0,1
28.5,93.5,2012-01-04,3146.0,4.65,15.1,0.0,2.0,0.0,0.35,0.66,1.74,0.89,10.21,27.44,86.17,0.469,0.3,3,340.1,3.92,0
26.1619,91.7697,2014-06-27,535.5,0.72,179.1,0.0,1.0,0.0,1.4,6.9,16.3,24.3,29.2,37.5,208.9,0.507,0.518,2,416.2,4.1,1
24.0,91.0,2021-12-25,8.0,0.07,270.8,0.0,5.0,0.0204,0.29,0.37,2.09,5.77,22.07,8.81,52.84,0.503,0.34,1,344.2,5.41,0
27.0,95.0,2012-05-10,116.0,1.4,195.9,2e-06,1.0,0.0,0.54,0.46,4.76,6.78,19.91,38.24,113.93,0.314,0.432,4,274.3,0.01,0
24.0,90.0,2018-10-26,8.0,0.02,12.3,0.0,1.0,0.0,0.04,0.95,3.8,10.96,13.85,53.12,117.95,0.344,0.341,3,452.9,1.26,0
24.5,89.5,2019-02-21,14.0,0.01,298.1,0.0,1.0,0.0,0.78,1.03,1.62,10.04,12.97,65.46,65.49,0.41,0.318,0,154.6,3.37,0
29.5,97.5,2009-03-28,5098.0,5.59,145.8,-1.2e-05,2.0,0.0,0.41,1.21,2.26,7.01,2.31,46.29,104.12,0.3,0.401,4,104.3,0.67,0
23.5,90.5,2011-04-26,6.0,0.0,337.4,-0.0,1.0,0.0204,0.22,1.87,0.22,8.78,2.98,8.75,60.54,0.304,0.344,1,11.4,6.4,0
23.0,93.5,2020-05-21,2002.0,1.04,142.6,-4e-06,1.0,0.0204,0.69,2.17,4.67,0.43,7.65,54.06,34.36,0.374,0.324,5,387.8,5.26,0
26.9978,88.167,2015-07-01,535.5,0.72,179.1,0.0,1.0,0.0,0.2,6.4,10.0,11.7,15.4,53.4,94.6,0.423,0.423,2,226.1,5.1,1
27.0638,88.4659,2011-06-20,535.5,0.72,179.1,0.0,1.0,0.0,0.0,0.0,0.0,0.9,7.2,67.9,109.1,0.402,0.404,0,500.0,0.0,1
23.0,95.5,2014-07-30,126.0,0.13,49.0,0.0,6.0,0.0,0.17,1.39,0.74,2.07,10.5,61.35,27.23,0.464,0.475,0,34.8,6.5,0
22.0,97.0,2019-07-09,577.0,0.41,29.2,1e-06,0.0,0.0,0.43,0.29,0.2,4.39,1.91,49.16,26.21,0.386,0.369,5,80.0,3.88,0
26.88211522,88.3195318,2009-08-16,535.5,0.72,179.1,0.0,1.0,0.0,2.5,4.3,7.8,12.8,19.5,115.5,198.8,0.423,0.425,1,708.6,5.5,1
27.5754,91.9754,2016-08-05,535.5,0.72,179.1,0.0,1.0,0.0,0.2,0.6,0.7,1.9,2.6,10.3,48.1,0.399,0.399,1,313.2,4.1,1
28.0,88.0,2009-12-23,5818.0,3.28,286.6,-1.3e-05,2.0,0.0,0.57,2.55,1.34,0.18,17.89,25.67,111.44,0.426,0.456,5,380.8,0.87,0
23.0,93.5,2015-08-18,2002.0,1.04,142.6,-4e-06,1.0,0.0204,0.34,0.91,4.8,10.02,19.78,7.71,55.22,0.467,0.409,0,467.6,5.65,0
23.0,95.5,2009-06-06,126.0,0.13,49.0,0.0,6.0,0.0,0.26,2.3,2.04,11.07,11.54,50.25,133.33,0.396,0.419,0,101.3,3.25,0
27.0,96.5,2013-05-15,1495.0,0.36,313.9,-3e-06,0.0,0.0,0.24,0.27,1.92,8.8,7.62,18.58,38.42,0.317,0.335,0,380.7,2.01,0
27.5,88.0,2013-09-06,3357.0,4.09,348.8,-5e-06,2.0,0.0408,0.82,0.33,0.93,3.23,0.52,49.44,18.59,0.364,0.471,4,459.4,1.99,0
22.5,90.5,2012-10-08,3.0,0.0,180.0,-0.0,5.0,0.0,0.83,1.13,3.82,5.61,8.69,31.18,62.9,0.485,0.349,3,442.9,0.23,0
28.0,91.0,2021-09-08,4192.0,1.51,9.1,4e-06,4.0,0.0,0.39,0.67,3.62,11.01,18.56,27.58,111.44,0.298,0.345,4,38.7,2.08,0
27.1499,88.38,2007-07-16,535.5,0.72,179.1,0.0,1.0,0.0,0.5,0.8,2.5,4.8,8.2,85.7,286.6,0.416,0.411,0,500.0,0.0,1
29.0,89.5,2023-09-16,3966.0,0.46,276.6,6e-06,2.0,0.0,0.38,0.84,2.2,8.14,6.16,7.69,65.32,0.4,0.485,1,119.4,3.35,0
22.0,97.0,2013-11-26,577.0,0.41,29.2,1e-06,0.0,0.0,0.67,0.49,3.68,8.75,13.64,17.0,44.44,0.335,0.436,0,191.4,2.36,0
23.0,94.5,2015-07-10,240.0,0.1,290.0,0.0,2.0,0.0,0.34,1.48,4.51,2.52,19.83,47.52,62.26,0.393,0.405,3,63.5,1.17,0
24.19467451,91.82931979,2017-06-03,535.5,0.72,179.1,0.0,1.0,0.0,0.4,0.7,2.6,4.5,7.4,44.9,145.1,0.419,0.422,2,334.2,4.1,1
29.0,96.0,2022-05-14,3778.0,1.01,220.4,-1e-06,4.0,0.0,0.66,2.6,0.2,4.52,11.65,51.25,137.35,0.485,0.477,1,360.0,3.43,0
25.0,90.0,2010-02-05,22.0,0.04,7.0,0.0,1.0,0.0,0.34,1.23,4.02,4.94,16.94,54.87,53.03,0.436,0.42,1,342.3,1.77,0
28.0,97.5,2018-12-20,3657.0,4.14,18.1,-8e-06,2.0,0.0,0.06,0.47,1.45,6.39,18.18,38.52,110.34,0.348,0.314,4,250.6,5.86,0
25.5,97.5,2022-02-10,182.0,0.3,64.5,2e-06,5.0,0.0,0.39,2.5,3.98,3.52,20.08,54.68,36.45,0.359,0.363,2,485.4,3.36,0
24.5,97.0,2020-08-28,748.0,0.51,272.6,-2e-06,2.0,0.0,0.37,2.33,2.42,8.45,13.18,36.49,99.18,0.377,0.417,0,223.1,6.27,0
22.0,93.0,2015-07-17,1196.0,0.98,300.3,-1e-06,0.0,0.0,0.17,0.06,4.23,9.43,11.79,25.07,91.69,0.432,0.46,3,300.7,4.53,0
26.8928,89.4497,2009-08-18,535.5,0.72,179.1,0.0,1.0,0.0,2.4,5.8,7.7,12.0,17.8,322.8,603.0,0.433,0.433,1,607.1,5.5,1
25.5265,93.8673,2010-10-09,535.5,0.72,179.1,0.0,1.0,0.0,1.3,5.5,10.4,17.2,27.9,64.1,83.4,0.483,0.492,0,500.0,0.0,1
26.0,97.0,2013-04-10,413.0,0.61,141.6,1e-06,2.0,0.0408,0.29,1.54,0.13,3.44,22.4,43.95,144.38,0.387,0.321,0,462.9,1.52,0
25.2946,92.8339,2007-08-26,535.5,0.72,179.1,0.0,1.0,0.0,4.0,12.9,24.8,37.7,44.9,69.9,94.7,0.52,0.503,0,500.0,0.0,1
26.1978,91.7665,2010-04-20,535.5,0.72,179.1,0.0,1.0,0.0,0.4,1.4,6.0,16.6,23.5,96.2,133.3,0.506,0.491,0,500.0,0.0,1
26.1044,91.7082,2014-09-22,535.5,0.72,179.1,0.0,1.0,0.0,0.4,0.4,0.4,10.0,22.0,127.8,141.4,0.497,0.505,3,352.2,4.5,1
25.5,95.0,2009-04-26,1496.0,1.25,34.9,-4e-06,2.0,0.0,0.64,0.33,0.24,0.62,6.64,66.03,99.26,0.453,0.311,0,291.3,3.05,0
27.5,91.5,2018-04-28,2019.0,3.55,0.6,9e-06,0.0,0.1224,0.72,0.75,4.25,10.97,9.62,62.82,35.45,0.418,0.308,1,158.6,6.42,0
27.97875751,94.26296826,2017-07-04,535.5,0.72,179.1,0.0,1.0,0.0,0.2,1.5,4.1,10.4,20.5,91.5,300.3,0.427,0.427,2,404.8,4.9,1
24.2451,94.0691,2007-09-10,535.5,0.72,179.1,0.0,1.0,0.0,0.0,0.2,1.1,1.4,2.1,28.5,119.7,0.441,0.438,1,195.6,4.2,1
26.14547804,91.79364785,2017-07-10,535.5,0.72,179.1,0.0,1.0,0.0,1.0,3.1,8.7,15.7,24.3,89.6,241.9,0.498,0.516,1,501.1,4.5,1
26.5,88.0,2021-07-12,120.0,2.01,7.6,3e-06,1.0,0.9796,0.75,0.63,3.42,9.67,15.77,7.51,80.92,0.339,0.434,3,411.1,1.22,0
25.7428,93.9136,2007-08-28,535.5,0.72,179.1,0.0,1.0,0.0,0.0,1.2,6.0,6.8,61.0,112.0,141.6,0.5,0.492,1,304.8,3.8,1
23.5,90.0,2020-05-26,7.0,0.0,17.4,-0.0,1.0,0.0204,0.87,2.3,1.1,0.92,10.68,47.14,25.88,0.401,0.452,5,378.1,2.43,0
25.5,88.5,2021-01-24,31.0,0.03,0.0,0.0,1.0,0.0,0.33,2.4,0.59,1.52,17.01,24.3,116.86,0.381,0.322,1,299.0,3.73,0
24.0,93.0,2021-06-27,374.0,0.4,208.3,2e-06,0.0,0.102,0.59,2.03,4.67,1.85,9.78,23.49,67.4,0.455,0.412,3,333.4,4.45,0
23.9723,96.8566,2010-10-06,535.5,0.72,179.1,0.0,1.0,0.0,0.0,0.4,1.5,5.1,13.9,16.6,40.9,0.501,0.487,0,500.0,0.0,1
28.0,92.0,2018-07-10,4961.0,0.78,326.9,-1e-06,4.0,0.0,0.69,1.67,0.75,2.38,11.9,20.21,113.58,0.303,0.341,4,12.4,3.43,0
22.0,89.0,2016-04-08,6.0,0.52,179.9,1e-06,5.0,0.0,0.31,0.09,1.08,7.15,12.61,14.71,30.43,0.358,0.474,4,312.3,2.51,0
25.7354,90.3852,2014-09-21,535.5,0.72,179.1,0.0,1.0,0.0,0.3,1.7,3.2,8.6,10.4,49.0,84.7,0.512,0.511,3,459.1,4.5,1
26.1699,94.4922,2016-07-11,535.5,0.72,179.1,0.0,1.0,0.0,0.0,0.2,1.4,7.6,10.2,37.1,103.5,0.504,0.51,1,164.5,4.4,1
25.5084,90.2191,2015-06-16,535.5,0.72,179.1,0.0,1.0,0.0,0.6,1.9,3.4,7.0,21.7,66.7,298.0,0.496,0.499,2,544.2,4.3,1
23.0,97.0,2018-05-12,967.0,0.78,134.4,-1e-06,0.0,0.0,0.41,0.2,4.32,10.43,10.88,23.43,64.01,0.466,0.482,4,266.3,6.31,0
27.0,94.0,2017-04-12,82.0,1.84,11.7,3e-06,6.0,0.0612,0.71,0.15,3.26,5.98,16.66,58.65,27.56,0.34,0.402,0,365.3,3.46,0
23.0,90.5,2023-08-19,2.0,0.0,328.0,0.0,5.0,0.0,0.52,1.39,3.82,10.58,20.71,14.24,130.56,0.331,0.489,3,396.1,1.21,0
23.0,94.5,2016-08-20,240.0,0.1,290.0,0.0,2.0,0.0,0.19,1.54,2.79,9.7,17.25,23.45,75.72,0.327,0.398,1,117.2,2.36,0
24.9925,93.5,2009-08-20,535.5,0.72,179.1,0.0,1.0,0.0,0.2,0.9,1.9,2.9,7.1,18.0,84.0,0.432,0.433,1,202.1,5.0,1
22.0,94.0,2018-04-23,386.0,1.14,95.3,2e-06,1.0,0.0,0.5,0.1,3.11,2.36,13.22,2.93,107.45,0.417,0.369,1,204.6,0.99,0
24.5,95.5,2019-09-27,268.0,0.2,209.7,-0.0,2.0,0.0,0.04,0.57,1.23,1.72,19.74,36.16,58.93,0.453,0.434,0,260.0,1.88,0
26.5,90.0,2016-07-12,54.0,2.07,359.7,3e-06,1.0,0.0,0.46,2.53,0.62,5.5,6.61,8.52,113.36,0.397,0.373,1,394.2,0.63,0
26.8016,88.0499,2012-10-01,535.5,0.72,179.1,0.0,1.0,0.0,0.0,0.1,1.3,1.9,3.9,6.0,10.3,0.379,0.364,0,500.0,0.0,1
22.0,91.0,2012-08-10,0.0,0.52,179.6,1e-06,1.0,0.0,0.29,1.49,2.03,5.14,11.03,67.1,69.02,0.457,0.355,2,373.6,0.75,0
29.5,94.0,2009-10-17,5108.0,4.3,175.7,-8e-06,2.0,0.0,0.31,0.18,2.2,8.35,21.08,62.22,78.89,0.322,0.446,0,27.4,3.3,0
22.5,92.5,2016-09-22,263.0,0.83,227.1,1e-06,0.0,0.0408,0.64,1.55,4.94,4.97,10.43,29.24,92.44,0.423,0.338,0,345.1,4.24,0
26.0,92.0,2018-05-31,343.0,1.59,183.1,1e-06,0.0,0.0,0.6,0.65,1.88,0.15,16.18,35.15,92.59,0.341,0.383,2,60.9,5.08,0
28.5,94.5,2010-10-06,1320.0,1.78,32.8,2e-06,0.0,0.0408,0.88,1.96,2.46,1.49,18.44,64.39,77.54,0.39,0.438,5,385.6,3.06,0
27.0,94.5,2020-12-22,89.0,0.63,182.0,1e-06,5.0,0.0,0.26,2.2,4.27,5.91,0.59,12.23,103.41,0.336,0.452,1,491.9,4.44,0
23.5,91.0,2020-11-17,9.0,0.02,272.6,0.0,1.0,0.0,0.25,1.88,4.26,9.76,8.39,67.81,25.66,0.388,0.379,1,472.8,4.47,0
27.0,88.5,2017-05-16,778.0,1.77,17.2,2e-06,1.0,0.4898,0.72,0.88,4.96,8.53,4.53,36.74,81.62,0.304,0.319,2,403.9,3.38,0
27.5,97.5,2022-06-15,719.0,3.47,22.9,6e-06,0.0,0.0,0.62,2.22,2.99,3.79,6.81,24.58,31.0,0.479,0.487,3,117.5,0.02,0
29.0,91.0,2021-07-03,4544.0,1.27,190.6,1e-06,4.0,0.0,0.84,0.67,0.1,1.37,19.67,67.32,43.05,0.415,0.43,1,489.9,1.85,0
27.5,90.0,2012-08-18,1537.0,2.39,29.4,7e-06,0.0,0.0,0.13,1.94,0.03,9.98,16.09,9.9,54.06,0.323,0.38,2,451.5,1.04,0
25.181453,93.118105,2017-04-04,535.5,0.72,179.1,0.0,1.0,0.0,0.2,0.5,2.8,5.8,6.2,12.7,320.6,0.505,0.493,0,500.0,0.0,1
29.5,91.5,2018-01-24,4712.0,4.51,187.7,-5e-06,4.0,0.0,0.59,1.77,3.81,7.41,22.62,19.92,71.18,0.376,0.297,5,497.4,5.3,0
27.8965,96.1779,2010-04-21,535.5,0.72,179.1,0.0,1.0,0.0,1.5,1.6,1.6,3.6,36.5,89.4,210.9,0.51,0.507,0,500.0,0.0,1
25.67836832,91.9234343,2017-06-17,535.5,0.72,179.1,0.0,1.0,0.0,0.0,0.2,4.7,23.7,39.5,86.8,229.9,0.494,0.491,0,500.0,0.0,1
26.5,95.0,2012-10-20,1407.0,1.04,179.0,-4e-06,0.0,0.1224,0.12,0.78,2.6,0.71,9.87,30.81,79.59,0.311,0.344,1,363.2,3.22,0
23.0,92.5,2023-12-26,133.0,0.86,306.2,2e-06,1.0,0.0612,0.77,1.98,1.39,8.84,9.68,4.16,87.16,0.314,0.501,0,68.9,4.63,0
27.07671517,93.59755441,2017-07-09,535.5,0.72,179.1,0.0,1.0,0.0,1.6,6.4,17.8,32.7,49.6,60.3,126.1,0.516,0.515,1,299.5,4.5,1
29.0,92.5,2020-02-10,4045.0,1.18,62.0,4e-06,4.0,0.0,0.49,0.29,0.6,8.76,18.67,27.15,122.92,0.303,0.445,4,117.1,2.76,0
27.5,88.5,2022-09-11,1718.0,4.78,352.6,9e-06,1.0,0.2041,0.83,2.23,1.77,3.02,2.24,46.52,67.67,0.457,0.452,5,339.2,5.01,0
28.0,89.0,2011-04-25,4952.0,0.72,42.1,-1e-06,2.0,0.0,0.63,1.31,0.96,11.22,13.41,45.18,46.95,0.322,0.297,1,465.3,2.77,0
25.82601444,91.87113067,2017-07-09,535.5,0.72,179.1,0.0,1.0,0.0,0.2,1.6,18.9,27.3,36.2,61.9,290.7,0.501,0.512,1,519.3,4.5,1
24.0,97.5,2018-08-23,1449.0,0.34,223.1,-4e-06,0.0,0.0,0.38,0.53,2.92,4.27,16.46,40.47,69.47,0.376,0.389,0,268.7,3.51,0
29.5,92.5,2020-06-22,5352.0,3.69,179.1,-9e-06,4.0,0.0,0.85,2.36,1.91,1.67,19.37,27.34,65.32,0.354,0.365,3,438.4,0.57,0
26.3186,94.5121,2011-06-20,535.5,0.72,179.1,0.0,1.0,0.0,0.0,0.0,0.0,3.0,5.7,70.9,138.8,0.494,0.5,0,500.0,0.0,1
27.0,93.0,2016-06-02,391.0,0.72,3.7,1e-06,0.0,0.0408,0.09,1.31,1.21,6.51,0.02,49.35,137.27,0.453,0.41,1,23.2,0.63,0
26.0,90.0,2022-07-13,36.0,0.05,247.6,0.0,1.0,0.0,0.85,0.52,1.66,10.9,21.97,22.08,106.57,0.398,0.414,1,169.7,1.82,0
24.4279,94.0564,2007-09-11,535.5,0.72,179.1,0.0,1.0,0.0,0.0,0.2,0.4,0.9,1.9,11.1,130.6,0.393,0.397,1,209.5,4.2,1
26.3185,94.5247,2016-06-14,535.5,0.72,179.1,0.0,1.0,0.0,0.2,0.4,0.5,13.4,30.9,70.8,224.6,0.495,0.505,2,91.6,4.5,1
27.5,93.0,2018-04-15,777.0,2.77,7.5,6e-06,0.0,0.0408,0.15,2.22,0.66,2.65,5.72,52.55,113.59,0.339,0.375,0,41.3,5.71,0
25.0,91.5,2013-12-28,10.0,1.71,359.8,2e-06,6.0,0.1224,0.55,0.99,1.7,5.0,0.15,61.03,26.54,0.335,0.427,1,469.8,0.82,0
25.0985,94.3619,2013-09-24,535.5,0.72,179.1,0.0,1.0,0.0,0.0,0.0,0.1,0.9,1.5,2.8,11.2,0.392,0.395,2,290.3,5.7,1
23.5,91.5,2010-11-10,41.0,0.13,333.0,0.0,5.0,0.0408,0.38,2.2,0.3,7.2,1.43,9.01,87.25,0.501,0.331,4,371.4,2.16,0
25.15246863,92.94670614,2017-06-04,535.5,0.72,179.1,0.0,1.0,0.0,0.0,3.9,20.7,88.0,108.5,132.8,317.5,0.498,0.513,2,228.5,4.1,1
27.5,88.5,2016-02-05,1718.0,4.78,352.6,9e-06,1.0,0.2041,0.02,1.75,2.82,7.25,14.03,53.36,92.57,0.442,0.305,4,62.0,5.11,0
27.256,90.5257,2012-04-06,535.5,0.72,179.1,0.0,1.0,0.0,0.0,0.0,0.7,11.4,21.4,39.7,51.8,0.421,0.421,0,500.0,0.0,1
24.5582,88.1825,2015-04-19,535.5,0.72,179.1,0.0,1.0,0.0,0.0,0.0,0.0,0.0,0.0,6.2,18.4,0.27,0.234,2,522.6,4.8,1
25.5,97.5,2020-05-14,182.0,0.3,64.5,2e-06,5.0,0.0,0.36,2.03,2.77,6.43,3.95,61.39,43.28,0.307,0.296,0,459.8,4.58,0
26.1147,94.3864,2013-07-01,535.5,0.72,179.1,0.0,1.0,0.0,2.5,3.6,7.4,20.4,30.8,58.0,110.3,0.508,0.505,0,500.0,0.0,1
26.0977,94.7031,2013-06-07,535.5,0.72,179.1,0.0,1.0,0.0,0.4,1.3,2.2,4.4,6.3,11.8,26.1,0.441,0.426,2,567.6,4.1,1
23.5,97.5,2009-10-29,1167.0,0.76,351.0,-2e-06,0.0,0.0,0.07,1.53,0.62,1.22,10.19,12.5,26.98,0.456,0.438,4,127.2,3.13,0
25.2568,92.3825,2015-08-19,535.5,0.72,179.1,0.0,1.0,0.0,3.4,10.0,16.7,27.8,57.0,120.7,187.4,0.515,0.516,2,259.1,4.5,1
26.5,95.0,2019-09-12,1407.0,1.04,179.0,-4e-06,0.0,0.1224,0.15,0.05,3.63,9.24,21.11,41.84,40.86,0.482,0.5,5,287.7,5.76,0
27.0,91.5,2015-09-03,1594.0,2.09,12.5,-2e-06,1.0,0.0204,0.41,1.79,0.83,4.7,10.54,25.36,35.97,0.475,0.358,2,487.9,0.85,0
24.0,95.5,2023-11-02,352.0,0.16,53.5,-1e-06,0.0,0.0,0.85,1.83,0.79,8.92,6.99,60.1,26.51,0.449,0.296,0,325.1,5.8,0
27.125,93.7145,2011-07-15,535.5,0.72,179.1,0.0,1.0,0.0,1.1,1.8,5.0,21.6,45.7,90.9,118.2,0.463,0.467,1,331.2,4.4,1
27.3736,88.7323,2013-09-07,535.5,0.72,179.1,0.0,1.0,0.0,0.2,0.3,0.3,0.3,1.5,48.0,153.2,0.396,0.409,2,581.8,4.5,1
25.6633,94.4703,2010-10-08,535.5,0.72,179.1,0.0,1.0,0.0,0.9,2.0,3.2,8.7,23.2,50.0,61.0,0.514,0.513,0,500.0,0.0,1
29.0,90.5,2017-11-09,4445.0,0.95,41.4,4e-06,4.0,0.0204,0.56,0.37,1.78,0.1,15.09,68.59,36.8,0.355,0.317,4,104.9,5.5,0
25.0118,94.3136,2016-07-07,535.5,0.72,179.1,0.0,1.0,0.0,0.1,0.9,3.2,4.7,5.4,32.6,159.4,0.437,0.436,3,92.3,4.7,1
28.0,91.5,2015-03-14,5010.0,3.45,351.7,-5e-06,4.0,0.0,0.38,1.95,4.52,7.25,4.43,23.28,128.52,0.418,0.47,0,27.1,1.29,0
23.5,90.0,2017-03-27,7.0,0.0,17.4,-0.0,1.0,0.0204,0.45,0.0,3.03,10.6,1.14,45.02,45.69,0.442,0.363,2,475.8,2.99,0
22.5,91.5,2019-03-02,6.0,0.02,285.8,0.0,1.0,0.1429,0.37,0.46,3.32,2.21,13.22,32.3,70.23,0.325,0.447,1,322.4,1.76,0
27.5,94.5,2022-04-30,111.0,1.28,61.1,3e-06,5.0,0.0,0.86,1.45,2.82,7.71,5.35,44.44,86.97,0.459,0.477,1,72.2,5.97,0
23.0,97.0,2021-08-26,967.0,0.78,134.4,-1e-06,0.0,0.0,0.85,1.21,1.35,4.17,13.75,67.36,109.57,0.458,0.324,2,63.0,0.17,0
23.73941422,92.71505961,2017-06-01,535.5,0.72,179.1,0.0,1.0,0.0,1.1,2.5,3.0,3.7,6.1,68.5,116.9,0.405,0.393,1,233.7,4.1,1
28.5,89.5,2010-02-09,5172.0,0.67,188.3,-3e-06,4.0,0.0,0.64,1.45,1.12,1.65,1.03,10.32,41.28,0.331,0.289,0,348.9,2.51,0
24.0,92.0,2020-07-11,70.0,0.41,257.8,1e-06,6.0,0.0204,0.11,0.11,1.47,2.99,3.66,59.43,18.3,0.392,0.492,0,85.3,2.1,0
26.885,88.2778,2008-06-20,535.5,0.72,179.1,0.0,1.0,0.0,0.5,0.7,0.8,2.0,47.4,99.8,228.8,0.418,0.42,2,706.1,4.6,1
27.1027,88.1218,2016-07-26,535.5,0.72,179.1,0.0,1.0,0.0,0.6,1.3,5.6,32.0,172.7,240.5,621.8,0.426,0.424,1,805.0,4.4,1
28.0,94.0,2019-05-29,1741.0,1.08,354.2,-1e-06,0.0,0.0204,0.68,1.98,2.37,10.44,12.81,45.24,97.55,0.476,0.425,1,225.5,3.05,0
26.1964,91.7652,2014-06-28,535.5,0.72,179.1,0.0,1.0,0.0,0.0,0.0,0.5,4.6,6.7,40.7,157.4,0.5,0.498,1,419.5,4.1,1
28.0,91.5,2021-10-05,5010.0,3.45,351.7,-5e-06,4.0,0.0,0.61,0.47,2.01,4.05,0.67,48.55,124.96,0.499,0.317,3,65.3,2.67,0
29.5,93.5,2009-08-25,4826.0,4.51,180.3,-5e-06,4.0,0.0,0.38,0.63,4.13,2.92,9.18,28.12,34.33,0.428,0.456,2,353.3,0.35,0
25.5,91.0,2018-06-28,686.0,0.79,273.1,-1e-06,1.0,0.0612,0.63,1.9,4.14,7.48,11.05,15.24,45.45,0.307,0.449,0,376.5,0.37,0
27.0,92.0,2013-08-24,1102.0,4.06,7.9,3e-06,1.0,0.0408,0.02,1.08,0.69,3.02,13.59,68.18,58.32,0.341,0.293,2,118.3,3.97,0
24.32420539,93.15020652,2017-06-26,535.5,0.72,179.1,0.0,1.0,0.0,0.7,1.8,3.5,5.6,21.0,54.6,92.3,0.421,0.426,1,196.5,4.6,1
27.0,97.0,2013-07-30,1738.0,2.28,15.1,-2e-06,0.0,0.0,0.66,0.94,4.04,3.26,22.63,49.02,99.41,0.31,0.323,0,428.0,0.02,0
22.5,94.5,2016-08-03,249.0,0.18,87.0,0.0,2.0,0.0,0.22,0.37,5.07,5.55,18.01,5.25,25.08,0.501,0.393,5,356.7,5.45,0
29.5,94.5,2010-03-23,4324.0,1.86,154.5,-8e-06,2.0,0.0,0.62,2.35,2.45,7.3,2.06,36.17,40.6,0.417,0.483,4,76.3,2.69,0
25.1941,94.4481,2015-08-01,535.5,0.72,179.1,0.0,1.0,0.0,1.1,3.1,4.0,14.7,43.3,99.6,147.0,0.456,0.456,1,404.4,4.4,1
24.5784,91.7227,2014-05-10,535.5,0.72,179.1,0.0,1.0,0.0,0.2,0.8,1.9,7.1,13.9,129.7,212.4,0.416,0.418,0,500.0,0.0,1
24.5,97.5,2020-04-17,928.0,1.34,173.1,-1e-06,0.0,0.0,0.29,0.66,4.21,11.07,6.1,4.56,138.54,0.348,0.431,2,329.6,2.2,0
28.5,90.5,2013-01-12,5037.0,1.02,197.3,0.0,4.0,0.0,0.49,0.6,0.67,10.26,11.54,43.32,130.84,0.345,0.409,2,267.3,0.61,0
29.5,95.0,2012-04-15,3878.0,2.08,118.3,-1e-05,2.0,0.0,0.13,1.24,0.0,0.88,22.0,11.67,120.95,0.384,0.391,2,255.2,0.76,0
24.0,97.0,2009-10-06,142.0,0.98,297.0,3e-06,1.0,0.0,0.02,0.24,4.96,7.42,18.95,66.47,99.29,0.443,0.315,4,73.7,4.27,0
23.5,95.5,2017-06-12,175.0,0.32,43.1,0.0,5.0,0.0,0.86,1.11,4.44,10.46,2.19,68.06,40.58,0.305,0.502,5,175.9,2.82,0
28.0,92.5,2010-04-17,5668.0,3.0,24.7,-1e-05,2.0,0.0,0.32,1.6,1.73,4.0,0.13,62.4,41.42,0.369,0.311,3,106.8,3.44,0
22.5,93.0,2013-02-05,972.0,1.28,266.4,1e-06,1.0,0.0,0.73,0.5,5.19,9.85,10.0,63.94,31.56,0.428,0.306,0,195.1,1.8,0
24.21988831,93.20266204,2017-06-26,535.5,0.72,179.1,0.0,1.0,0.0,0.7,1.8,3.5,5.6,21.0,54.6,92.3,0.421,0.426,1,184.5,4.6,1
28.5,94.0,2013-01-12,2859.0,3.23,21.6,-1e-06,4.0,0.0,0.87,0.71,1.09,9.38,19.03,41.48,28.42,0.407,0.358,4,32.0,5.6,0
28.5,95.0,2012-05-05,1380.0,0.8,325.8,0.0,0.0,0.0204,0.67,0.61,0.38,8.31,11.1,3.73,133.75,0.424,0.342,5,74.0,1.12,0
24.0,92.5,2020-05-13,731.0,0.73,195.7,-2e-06,0.0,0.0816,0.82,1.88,0.64,8.55,2.74,35.39,95.03,0.452,0.358,1,113.1,0.59,0
22.5,89.0,2011-04-23,4.0,0.01,348.2,0.0,1.0,0.0204,0.49,0.27,4.68,4.69,0.04,17.55,46.6,0.375,0.366,2,120.7,5.71,0
27.5,92.5,2017-02-13,2205.0,5.52,21.8,3e-06,0.0,0.0204,0.46,0.28,2.66,10.68,1.0,55.2,128.6,0.404,0.388,0,39.8,3.11,0
29.0,90.0,2022-10-06,5512.0,0.41,229.6,-5e-06,2.0,0.0,0.52,2.4,4.87,7.09,22.17,2.67,140.34,0.363,0.439,4,215.7,2.22,0
22.0,93.0,2018-01-02,1196.0,0.98,300.3,-1e-06,0.0,0.0,0.52,0.02,4.37,0.21,5.12,31.22,50.73,0.341,0.435,2,270.9,4.25,0
23.5,90.0,2016-10-18,7.0,0.0,17.4,-0.0,1.0,0.0204,0.28,1.13,5.2,0.94,19.66,36.44,68.49,0.492,0.506,1,79.4,4.42,0
22.0,90.0,2020-03-18,5.0,0.52,180.4,1e-06,1.0,0.0,0.73,2.17,1.79,4.74,15.56,29.61,117.29,0.407,0.36,0,288.1,0.21,0
29.5,91.0,2019-07-27,4228.0,4.26,171.1,-2e-06,2.0,0.0,0.21,1.14,4.34,6.12,13.84,12.8,130.3,0.453,0.445,2,475.2,0.27,0
25.67061161,94.11844319,2017-06-02,535.5,0.72,179.1,0.0,1.0,0.0,0.5,0.6,0.7,4.2,11.2,105.8,167.1,0.493,0.5,1,284.7,4.1,1
25.5,94.5,2022-09-03,1300.0,0.61,1.5,1e-06,0.0,0.102,0.19,1.75,1.71,2.17,9.0,14.02,37.8,0.434,0.36,4,490.8,4.25,0
24.9818,93.5142,2015-07-24,535.5,0.72,179.1,0.0,1.0,0.0,1.3,3.8,7.0,12.8,19.7,95.8,190.4,0.457,0.448,1,107.9,4.2,1
27.0366,88.263,2010-08-05,535.5,0.72,179.1,0.0,1.0,0.0,1.2,3.1,9.0,15.0,18.5,42.5,217.8,0.421,0.418,1,862.1,4.1,1
27.5,93.5,2011-07-24,1645.0,0.7,257.5,-4e-06,0.0,0.102,0.09,1.71,0.01,4.01,14.38,56.32,87.71,0.373,0.312,1,251.3,5.34,0
28.5,93.5,2016-11-25,3146.0,4.65,15.1,0.0,2.0,0.0,0.36,0.3,4.27,4.85,4.23,18.97,45.13,0.373,0.32,2,69.9,2.07,0
28.5,89.5,2012-06-23,5172.0,0.67,188.3,-3e-06,4.0,0.0,0.8,1.99,3.16,3.46,22.35,34.86,107.61,0.47,0.312,3,343.7,1.65,0
22.0,91.5,2011-02-04,0.0,0.52,182.6,1e-06,6.0,0.3265,0.83,2.21,0.88,5.49,4.86,29.46,25.08,0.374,0.503,2,464.0,5.1,0
27.0,90.5,2018-07-25,816.0,1.92,4.3,3e-06,2.0,0.0408,0.62,1.27,4.8,0.83,1.85,43.42,25.99,0.352,0.426,4,359.0,2.48,0
27.5,95.0,2015-03-07,114.0,0.73,358.9,1e-06,5.0,0.0204,0.18,2.58,2.35,9.32,13.72,19.07,59.69,0.414,0.395,3,292.3,4.79,0
25.82860033,91.876717,2017-07-06,535.5,0.72,179.1,0.0,1.0,0.0,0.1,1.3,1.5,5.4,24.4,154.2,258.3,0.487,0.49,2,327.9,4.9,1
25.0,96.0,2015-06-17,310.0,0.11,189.7,-0.0,0.0,0.0,0.67,0.99,2.28,2.33,4.9,57.95,110.64,0.334,0.328,1,24.1,6.34,0
27.14163897,93.66495709,2017-07-09,535.5,0.72,179.1,0.0,1.0,0.0,3.4,15.1,39.4,60.5,77.8,104.5,184.4,0.473,0.473,1,289.7,4.5,1
26.1309,91.8383,2013-10-06,535.5,0.72,179.1,0.0,1.0,0.0,2.3,6.5,8.9,11.7,17.1,49.0,62.5,0.516,0.517,1,364.8,5.2,1
29.0,92.5,2012-01-28,4045.0,1.18,62.0,4e-06,4.0,0.0,0.21,2.25,1.08,4.66,22.59,7.34,104.78,0.499,0.385,1,118.2,1.39,0
23.5,93.0,2020-01-20,737.0,0.89,209.6,1e-06,1.0,0.0816,0.64,1.33,5.19,10.09,6.35,45.02,111.43,0.383,0.368,2,395.9,5.47,0
25.5,95.5,2011-02-14,203.0,1.25,41.2,3e-06,0.0,0.0,0.83,1.15,3.37,6.09,4.15,54.9,115.27,0.339,0.398,2,385.5,3.07,0
27.0377,88.3603,2012-09-14,535.5,0.72,179.1,0.0,1.0,0.0,4.0,9.5,13.8,20.7,78.5,112.3,130.0,0.43,0.43,2,594.5,4.8,1
27.5,89.5,2021-07-28,3704.0,3.01,36.7,-3e-06,2.0,0.0612,0.4,1.81,1.32,1.36,20.41,46.37,40.37,0.476,0.475,5,179.5,2.76,0
25.4993,94.1192,2007-09-09,535.5,0.72,179.1,0.0,1.0,0.0,4.9,16.4,27.5,36.8,52.8,98.3,196.6,0.468,0.472,1,312.1,4.2,1
29.5,97.5,2018-03-10,5098.0,5.59,145.8,-1.2e-05,2.0,0.0,0.35,2.34,1.79,0.52,15.21,32.29,53.1,0.313,0.325,0,290.3,5.18,0
26.5,95.0,2012-10-22,1407.0,1.04,179.0,-4e-06,0.0,0.1224,0.74,2.33,1.87,0.14,12.32,56.41,26.19,0.459,0.498,0,134.9,4.65,0
25.481623,93.141692,2017-04-04,535.5,0.72,179.1,0.0,1.0,0.0,0.3,0.4,1.1,2.2,2.5,16.6,253.5,0.493,0.479,0,500.0,0.0,1
25.5,97.5,2021-11-30,182.0,0.3,64.5,2e-06,5.0,0.0,0.61,2.49,2.09,8.08,1.74,48.96,97.9,0.316,0.457,5,304.2,0.79,0
26.5,93.0,2023-10-29,87.0,0.48,312.8,1e-06,1.0,0.0408,0.15,1.37,4.22,7.04,9.85,50.33,32.75,0.48,0.317,1,103.9,2.46,0
23.0,93.0,2020-08-29,1118.0,1.24,258.6,-1e-06,2.0,0.0204,0.08,1.7,4.81,6.36,15.93,37.58,114.51,0.43,0.35,1,229.5,1.29,0
23.0,90.5,2011-06-15,2.0,0.0,328.0,0.0,5.0,0.0,0.57,2.02,1.82,1.61,16.98,65.09,68.54,0.359,0.503,3,10.8,0.45,0
22.5,89.5,2018-10-11,6.0,0.0,39.8,-0.0,1.0,0.0,0.39,2.33,2.06,3.04,1.69,63.4,67.9,0.372,0.477,5,54.2,5.46,0
25.5,95.0,2015-11-20,1496.0,1.25,34.9,-4e-06,2.0,0.0,0.45,2.26,3.69,7.33,10.35,30.09,62.68,0.408,0.402,2,65.6,1.14,0
24.0,95.0,2014-08-29,354.0,0.3,145.2,0.0,1.0,0.0,0.85,0.95,1.61,1.09,0.32,39.61,127.96,0.364,0.45,2,374.0,3.83,0
27.0011,93.7273,2010-09-10,535.5,0.72,179.1,0.0,1.0,0.0,0.5,1.3,2.1,9.5,15.3,39.6,96.1,0.507,0.499,0,500.0,0.0,1
27.5748,91.8644,2016-07-28,535.5,0.72,179.1,0.0,1.0,0.0,0.0,0.0,0.0,2.0,10.8,91.6,240.5,0.418,0.418,0,500.0,0.0,1
27.0,95.5,2020-11-20,680.0,0.99,234.0,-1e-06,0.0,0.0204,0.05,2.24,5.17,4.92,16.91,32.61,92.91,0.34,0.445,2,446.6,6.05,0
27.0,92.0,2016-09-03,1102.0,4.06,7.9,3e-06,1.0,0.0408,0.12,0.9,1.38,2.18,6.4,8.06,75.19,0.436,0.464,2,432.1,5.82,0
22.2251,92.19,2009-07-31,535.5,0.72,179.1,0.0,1.0,0.0,0.8,3.0,4.6,8.1,34.3,79.2,132.2,0.43,0.43,0,500.0,0.0,1
23.0,88.0,2022-09-02,19.0,0.32,85.9,1e-06,1.0,0.0,0.78,1.61,1.27,10.31,3.26,33.51,50.1,0.348,0.291,3,451.6,4.4,0
26.1771,91.7599,2013-05-11,535.5,0.72,179.1,0.0,1.0,0.0,4.5,4.6,4.6,4.6,20.8,36.9,67.2,0.49,0.487,1,495.0,4.2,1
25.0,96.5,2019-11-22,211.0,0.19,29.9,0.0,1.0,0.0,0.66,0.88,4.32,3.49,9.3,41.01,38.9,0.338,0.425,4,309.3,0.84,0
22.0,94.0,2017-11-30,386.0,1.14,95.3,2e-06,1.0,0.0,0.69,1.16,2.52,1.23,7.05,12.13,98.24,0.312,0.411,1,433.8,3.18,0
25.0,91.0,2021-08-04,5.0,0.7,0.1,1e-06,5.0,0.0204,0.49,1.94,2.26,6.59,8.22,69.62,35.29,0.398,0.453,0,84.9,1.04,0
25.3612,92.2845,2010-04-21,535.5,0.72,179.1,0.0,1.0,0.0,0.4,4.4,9.1,20.4,55.7,171.2,213.4,0.504,0.517,0,500.0,0.0,1
25.7238,89.9032,2014-09-23,535.5,0.72,179.1,0.0,1.0,0.0,1.7,4.4,9.4,14.3,41.9,73.9,103.1,0.439,0.435,2,534.3,4.5,1
27.0,97.5,2018-04-10,583.0,0.83,76.9,2e-06,0.0,0.0,0.83,2.33,5.03,5.83,15.48,66.01,74.25,0.456,0.445,4,472.4,0.55,0
27.2084,88.4909,2007-09-11,535.5,0.72,179.1,0.0,1.0,0.0,0.6,1.3,5.0,11.8,18.2,161.1,448.8,0.424,0.43,1,631.3,4.2,1
25.73111942,93.98827528,2017-07-09,535.5,0.72,179.1,0.0,1.0,0.0,1.2,2.5,3.7,5.0,7.4,49.7,219.7,0.501,0.498,1,403.6,4.5,1
28.5,91.5,2023-10-12,5297.0,0.6,111.1,-2e-06,4.0,0.0,0.06,2.17,0.69,9.87,4.6,35.14,30.22,0.414,0.47,5,250.1,4.06,0
29.0,88.0,2021-09-14,5088.0,2.69,300.2,-8e-06,2.0,0.0,0.46,2.6,0.81,9.32,7.5,50.55,111.25,0.428,0.32,1,55.7,2.5,0
27.13862165,88.22551799,2011-08-23,535.5,0.72,179.1,0.0,1.0,0.0,4.9,18.9,27.1,33.1,35.9,47.1,438.6,0.431,0.43,0,500.0,0.0,1
26.0,94.5,2014-04-19,1720.0,0.65,201.1,-4e-06,0.0,0.5714,0.72,2.57,2.99,10.11,14.24,38.36,93.84,0.368,0.351,5,290.7,0.91,0
26.1324,91.8342,2014-09-22,535.5,0.72,179.1,0.0,1.0,0.0,0.4,0.4,0.5,9.3,20.9,106.7,129.1,0.495,0.505,3,342.8,4.5,1
26.9015,88.4719,2016-07-21,535.5,0.72,179.1,0.0,1.0,0.0,3.9,12.9,28.9,72.0,136.5,184.8,465.8,0.433,0.437,1,763.7,4.4,1
22.5,92.5,2014-05-06,263.0,0.83,227.1,1e-06,0.0,0.0408,0.21,1.53,1.2,8.45,20.15,55.87,90.32,0.503,0.292,5,132.5,0.37,0
25.616,94.1167,2013-07-12,535.5,0.72,179.1,0.0,1.0,0.0,0.3,1.4,1.5,4.3,27.7,44.4,91.0,0.469,0.471,5,79.1,4.3,1
22.0,90.0,2011-07-29,5.0,0.52,180.4,1e-06,1.0,0.0,0.6,1.16,4.78,6.93,14.09,67.03,104.99,0.362,0.488,0,199.1,3.51,0
27.339,88.6065,2012-06-14,535.5,0.72,179.1,0.0,1.0,0.0,0.0,0.5,3.6,8.3,11.8,32.6,73.5,0.394,0.374,2,47.2,4.7,1
28.5,92.0,2017-10-26,4563.0,0.59,31.8,3e-06,2.0,0.0,0.41,1.02,0.74,9.34,13.87,14.95,49.16,0.494,0.437,5,292.3,1.75,0
26.5,97.5,2017-07-18,539.0,0.3,355.3,-0.0,0.0,0.0,0.65,0.86,2.41,0.43,15.27,13.76,132.8,0.331,0.451,2,141.5,1.19,0
27.0524,90.4997,2009-10-06,535.5,0.72,179.1,0.0,1.0,0.0,0.0,0.0,0.4,3.0,8.1,19.8,20.2,0.381,0.367,0,500.0,0.0,1
29.0,97.5,2020-06-16,4957.0,2.06,72.6,-8e-06,2.0,0.0,0.67,0.14,1.08,1.63,16.8,35.81,46.2,0.436,0.474,2,317.8,4.67,0
27.5,89.0,2023-02-23,4301.0,4.15,341.9,-8e-06,2.0,0.0,0.38,0.11,1.8,5.24,5.1,48.67,37.43,0.399,0.426,4,51.1,3.04,0
27.0,91.5,2019-11-14,1594.0,2.09,12.5,-2e-06,1.0,0.0204,0.46,0.38,2.4,1.38,11.11,17.99,138.26,0.301,0.449,0,254.1,0.17,0
28.5,97.0,2009-06-09,1794.0,1.12,347.0,1e-05,0.0,0.0,0.89,2.03,1.9,6.15,11.0,63.92,81.91,0.376,0.328,2,302.6,0.19,0
29.0,88.5,2021-02-28,4067.0,0.57,161.1,4e-06,4.0,0.0,0.26,0.78,0.83,8.02,15.89,14.17,63.87,0.342,0.503,1,126.0,3.21,0
23.5,89.5,2010-09-13,8.0,0.01,14.0,0.0,1.0,0.0,0.17,2.21,3.99,2.57,8.96,58.76,55.57,0.381,0.428,1,219.0,5.36,0
28.5,95.5,2013-06-03,2009.0,3.49,329.3,1e-06,0.0,0.0,0.33,0.18,3.51,3.73,7.13,59.56,109.75,0.358,0.356,3,169.8,4.53,0
26.5,92.5,2020-07-20,63.0,0.57,358.5,1e-06,1.0,0.0204,0.51,0.83,2.46,3.02,5.63,8.97,54.74,0.375,0.422,1,481.7,5.87,0
29.5,93.5,2009-04-12,4826.0,4.51,180.3,-5e-06,4.0,0.0,0.11,1.48,1.69,2.99,4.07,33.61,73.91,0.392,0.499,3,322.5,3.62,0
22.0,88.0,2022-10-16,3.0,0.61,147.8,1e-06,1.0,0.0,0.32,1.48,0.99,7.55,11.88,26.73,139.67,0.409,0.46,4,281.5,2.54,0
27.0844941,93.60505989,2017-07-09,535.5,0.72,179.1,0.0,1.0,0.0,1.6,6.4,17.8,32.7,49.6,60.3,126.1,0.516,0.515,1,298.4,4.5,1
24.5,95.0,2012-05-14,182.0,0.24,192.3,0.0,5.0,0.0,0.25,2.02,4.17,7.34,8.1,33.38,134.46,0.485,0.471,4,450.1,4.82,0
27.5,88.5,2009-07-30,1718.0,4.78,352.6,9e-06,1.0,0.2041,0.19,0.47,3.33,3.72,6.64,30.2,21.21,0.39,0.482,2,411.0,2.24,0
26.0,93.0,2013-08-18,80.0,0.11,220.9,1e-06,5.0,0.0,0.45,1.87,3.8,5.17,8.87,53.22,135.5,0.395,0.418,5,430.1,1.62,0
24.9667,93.55,2007-08-26,535.5,0.72,179.1,0.0,1.0,0.0,3.2,7.6,9.4,10.3,19.6,35.5,50.6,0.457,0.454,0,500.0,0.0,1
27.0,89.5,2015-05-23,2283.0,3.84,351.6,-3e-06,0.0,0.2245,0.48,0.74,3.01,1.23,2.72,57.87,130.79,0.494,0.409,3,108.4,3.37,0
28.5,95.0,2017-01-29,1380.0,0.8,325.8,0.0,0.0,0.0204,0.2,0.75,3.86,10.88,8.82,19.77,38.11,0.45,0.383,2,80.6,2.99,0
28.0,97.5,2017-01-26,3657.0,4.14,18.1,-8e-06,2.0,0.0,0.43,1.32,4.99,0.18,8.63,30.74,140.72,0.315,0.367,2,419.9,2.82,0
26.5,95.0,2019-08-02,1407.0,1.04,179.0,-4e-06,0.0,0.1224,0.56,2.31,1.71,9.69,8.1,53.56,85.77,0.398,0.382,4,18.1,0.5,0
27.5,95.5,2014-08-27,132.0,0.55,184.0,1e-06,5.0,0.0,0.2,0.79,2.75,7.05,13.26,2.94,145.57,0.498,0.471,4,327.2,3.96,0
25.5006,90.0896,2014-10-20,535.5,0.72,179.1,0.0,1.0,0.0,0.0,0.0,0.0,0.1,0.3,0.3,11.5,0.32,0.33,1,720.3,4.7,1
27.5,96.0,2020-08-14,173.0,1.15,190.0,2e-06,5.0,0.0408,0.41,0.14,0.29,9.38,14.74,24.91,30.05,0.356,0.393,2,433.5,0.79,0
24.5,89.0,2021-11-19,12.0,0.01,38.0,0.0,1.0,0.0,0.83,2.32,3.77,6.52,4.3,12.43,57.08,0.316,0.405,0,391.9,3.51,0
25.4243,88.2746,2015-06-30,535.5,0.72,179.1,0.0,1.0,0.0,0.7,0.8,0.8,5.2,5.3,37.7,80.3,0.414,0.415,1,252.5,5.1,1
28.5,91.0,2018-11-29,5423.0,0.4,335.2,-3e-06,4.0,0.0,0.1,0.53,3.08,1.03,11.58,56.91,75.64,0.402,0.388,0,283.8,4.37,0
26.0,97.0,2017-10-12,413.0,0.61,141.6,1e-06,2.0,0.0408,0.35,1.37,1.49,7.87,4.44,60.12,68.0,0.322,0.452,4,434.3,0.35,0
22.5,96.5,2016-01-23,1047.0,0.69,313.5,-1e-06,0.0,0.0204,0.8,0.1,0.53,7.97,11.83,15.27,89.06,0.47,0.425,5,317.4,1.6,0
29.5,97.0,2013-11-07,5338.0,3.22,191.5,-1.1e-05,2.0,0.0,0.87,2.01,0.06,7.8,13.14,2.65,62.17,0.491,0.48,3,32.3,3.98,0
28.5,96.0,2020-05-20,4116.0,3.91,339.5,-8e-06,4.0,0.0408,0.2,2.0,3.48,3.12,4.41,56.1,105.33,0.498,0.392,1,88.3,6.0,0
25.67,94.1066,2008-08-29,535.5,0.72,179.1,0.0,1.0,0.0,0.0,2.3,3.4,6.3,7.8,16.5,188.4,0.499,0.49,2,265.6,4.7,1
29.5,95.5,2011-05-29,1509.0,2.66,172.9,6e-06,0.0,0.0,0.8,2.22,3.27,9.69,21.47,65.1,56.44,0.375,0.412,1,57.6,2.39,0
26.5,97.5,2015-12-01,539.0,0.3,355.3,-0.0,0.0,0.0,0.4,1.56,0.26,4.26,4.59,19.26,133.95,0.336,0.292,0,494.8,2.19,0
26.1966,91.802,2016-07-20,535.5,0.72,179.1,0.0,1.0,0.0,1.4,4.1,5.3,11.0,14.4,56.1,145.2,0.511,0.512,1,353.5,4.0,1
26.5,91.0,2015-04-18,42.0,1.83,0.1,2e-06,5.0,0.0,0.85,1.85,1.3,10.11,4.13,2.48,102.15,0.362,0.351,2,455.2,0.65,0
25.705,94.04,2008-08-07,535.5,0.72,179.1,0.0,1.0,0.0,0.1,1.6,1.8,2.6,30.6,63.2,155.4,0.505,0.478,0,500.0,0.0,1
27.2676,88.2891,2016-10-12,535.5,0.72,179.1,0.0,1.0,0.0,13.8,13.9,14.0,21.8,26.5,68.8,87.0,0.412,0.412,5,454.1,4.7,1
25.5215,93.1645,2009-08-20,535.5,0.72,179.1,0.0,1.0,0.0,0.3,0.3,0.3,0.4,3.7,7.5,102.2,0.464,0.465,1,134.3,5.0,1
27.092916,93.61882043,2017-07-09,535.5,0.72,179.1,0.0,1.0,0.0,1.6,6.4,17.8,32.7,49.6,60.3,126.1,0.516,0.515,1,296.7,4.5,1
27.04,88.264,2009-07-22,535.5,0.72,179.1,0.0,1.0,0.0,0.7,1.7,2.7,5.2,5.9,19.1,85.5,0.394,0.397,0,500.0,0.0,1
27.01145644,92.64204045,2017-07-01,535.5,0.72,179.1,0.0,1.0,0.0,0.9,3.7,14.3,49.1,66.2,105.9,224.7,0.476,0.471,2,396.6,4.6,1
25.6172,96.3005,2015-01-06,535.5,0.72,179.1,0.0,1.0,0.0,0.0,0.0,0.0,0.0,0.0,6.3,6.3,0.368,0.354,2,303.9,4.2,1
23.0,89.0,2017-05-05,12.0,0.01,35.5,-0.0,1.0,0.0,0.6,1.69,0.27,7.07,16.47,53.31,72.54,0.314,0.31,1,243.6,0.86,0
29.0,89.0,2012-03-31,4805.0,0.58,6.5,-1e-06,2.0,0.0,0.25,1.58,3.13,10.62,9.89,14.37,35.62,0.493,0.361,4,46.5,0.35,0
26.8546,88.3373,2012-07-19,535.5,0.72,179.1,0.0,1.0,0.0,0.8,3.2,7.0,11.0,60.9,138.2,229.2,0.43,0.431,3,633.4,5.2,1
23.5,95.0,2023-05-12,417.0,0.1,47.2,-1e-06,1.0,0.0,0.19,1.48,5.22,8.75,1.43,56.9,118.69,0.5,0.335,1,435.3,6.19,0
27.5,88.0,2014-08-27,3357.0,4.09,348.8,-5e-06,2.0,0.0408,0.45,0.48,2.12,2.56,22.35,45.08,61.08,0.452,0.403,0,440.9,0.4,0
26.1965,91.763,2010-04-20,535.5,0.72,179.1,0.0,1.0,0.0,0.4,1.4,6.0,16.6,23.5,96.2,133.3,0.506,0.491,0,500.0,0.0,1
29.0,88.0,2018-12-27,5088.0,2.69,300.2,-8e-06,2.0,0.0,0.41,1.47,4.74,3.46,17.9,17.72,65.2,0.355,0.472,1,183.0,2.96,0
28.5,92.5,2018-12-26,4821.0,1.69,183.4,-0.0,2.0,0.0,0.54,0.18,0.12,9.41,2.04,7.42,145.47,0.318,0.483,5,131.7,4.3,0
27.5,88.0,2020-09-16,3357.0,4.09,348.8,-5e-06,2.0,0.0408,0.38,2.27,3.68,4.85,21.28,34.92,116.01,0.368,0.464,5,292.3,2.77,0
25.0,88.5,2015-07-18,27.0,0.01,35.5,-0.0,6.0,0.0,0.23,0.82,4.23,7.92,16.68,23.87,52.4,0.31,0.333,4,63.4,0.69,0
29.0,91.5,2012-04-12,4803.0,0.84,223.8,1e-06,2.0,0.0,0.71,2.49,2.56,3.55,20.03,15.92,121.4,0.334,0.489,4,69.0,4.77,0
25.16,93.686,2015-06-19,535.5,0.72,179.1,0.0,1.0,0.0,0.0,0.0,0.0,4.8,5.5,13.0,68.5,0.422,0.432,2,278.4,4.3,1
28.3092,95.4149,2010-10-03,535.5,0.72,179.1,0.0,1.0,0.0,0.0,0.0,0.0,2.6,3.5,9.5,94.7,0.398,0.404,0,500.0,0.0,1
27.0,93.0,2009-07-03,391.0,0.72,3.7,1e-06,0.0,0.0408,0.22,0.33,3.13,1.52,11.63,62.44,36.38,0.329,0.489,4,479.5,3.9,0
24.0,97.5,2020-09-28,1449.0,0.34,223.1,-4e-06,0.0,0.0,0.72,0.73,4.17,4.78,18.57,3.18,51.0,0.325,0.294,5,325.6,2.74,0
29.0,91.0,2022-01-28,4544.0,1.27,190.6,1e-06,4.0,0.0,0.31,2.5,1.46,6.85,4.42,65.07,91.2,0.349,0.377,0,283.7,3.27,0
22.0,90.5,2011-11-03,5.0,0.52,179.6,1e-06,1.0,0.0,0.66,1.91,0.67,7.16,22.2,21.1,109.06,0.326,0.474,1,361.3,3.24,0
27.5,89.0,2017-04-08,4301.0,4.15,341.9,-8e-06,2.0,0.0,0.13,1.25,2.62,5.19,18.5,14.31,90.53,0.493,0.328,2,20.3,1.06,0
28.0,90.5,2021-10-22,5377.0,3.27,358.1,-8e-06,2.0,0.0,0.24,0.61,0.92,3.64,4.16,52.08,141.42,0.435,0.418,4,288.5,0.74,0
22.3513,91.8295,2015-07-27,535.5,0.72,179.1,0.0,1.0,0.0,3.2,7.8,12.6,45.0,105.0,313.3,372.8,0.282,0.283,1,266.4,4.2,1
28.5,90.5,2012-05-25,5037.0,1.02,197.3,0.0,4.0,0.0,0.67,2.11,0.96,9.93,2.49,13.38,81.29,0.359,0.425,2,314.7,0.19,0
26.0838,94.564,2013-08-04,535.5,0.72,179.1,0.0,1.0,0.0,0.0,0.0,0.0,0.7,1.3,21.3,33.5,0.497,0.496,1,239.2,5.0,1
25.61560252,94.11603493,2010-08-19,535.5,0.72,179.1,0.0,1.0,0.0,0.4,1.3,6.0,10.1,13.1,22.3,72.7,0.47,0.47,0,500.0,0.0,1
23.0,89.5,2010-05-05,3.0,0.01,68.2,0.0,6.0,0.0,0.25,1.59,2.62,9.75,8.73,5.44,43.92,0.333,0.382,0,333.6,0.2,0
27.51353298,89.79033898,2017-07-08,535.5,0.72,179.1,0.0,1.0,0.0,2.0,5.3,7.4,8.8,15.3,41.8,128.3,0.434,0.423,1,603.3,4.9,1
28.0,94.5,2021-07-14,682.0,1.4,25.7,2e-06,0.0,0.0408,0.12,2.27,0.91,6.73,21.36,32.36,118.18,0.297,0.463,3,76.1,4.67,0
24.37169581,93.70684171,2017-07-10,535.5,0.72,179.1,0.0,1.0,0.0,0.7,2.3,5.4,7.3,8.4,33.2,102.3,0.494,0.493,1,554.2,4.5,1
29.5,97.5,2009-03-29,5098.0,5.59,145.8,-1.2e-05,2.0,0.0,0.66,0.05,2.01,10.22,8.63,4.87,103.62,0.441,0.362,4,428.3,5.1,0
28.5,88.5,2013-05-08,4870.0,1.37,195.2,-1e-06,2.0,0.0,0.82,0.91,3.84,9.25,18.49,18.36,36.33,0.336,0.42,5,46.9,6.18,0
25.4196,94.1054,2010-07-29,535.5,0.72,179.1,0.0,1.0,0.0,1.0,2.3,4.2,7.4,9.3,42.6,101.5,0.469,0.46,1,247.0,4.1,1
26.7324,88.4089,2007-06-13,535.5,0.72,179.1,0.0,1.0,0.0,0.0,0.0,0.0,0.1,0.2,239.9,265.0,0.385,0.389,1,841.2,4.2,1
23.5,95.0,2023-07-29,417.0,0.1,47.2,-1e-06,1.0,0.0,0.22,2.19,4.53,6.09,1.97,54.29,36.55,0.383,0.314,1,372.0,2.89,0
27.478,88.527,2009-07-01,535.5,0.72,179.1,0.0,1.0,0.0,0.2,1.2,6.0,11.9,26.7,120.8,219.5,0.425,0.431,0,500.0,0.0,1
24.5,95.5,2012-12-03,268.0,0.2,209.7,-0.0,2.0,0.0,0.07,2.18,2.71,10.76,9.6,27.98,65.38,0.318,0.487,1,417.5,5.53,0
23.0,92.5,2014-02-18,133.0,0.86,306.2,2e-06,1.0,0.0612,0.87,0.31,1.45,4.79,8.15,24.45,64.54,0.359,0.49,1,424.7,1.69,0
23.0,92.0,2022-04-19,55.0,0.11,308.9,0.0,1.0,0.0,0.16,1.26,3.4,4.9,12.97,9.14,25.71,0.485,0.462,1,208.6,4.55,0
27.0869,93.6086,2014-08-17,535.5,0.72,179.1,0.0,1.0,0.0,0.0,1.5,4.2,6.3,18.1,220.2,356.3,0.511,0.514,1,293.5,5.0,1
27.360364,88.651914,2017-07-10,535.5,0.72,179.1,0.0,1.0,0.0,1.2,26.4,68.5,108.5,131.0,230.2,329.6,0.434,0.435,1,715.5,4.5,1
27.5,96.0,2018-09-27,173.0,1.15,190.0,2e-06,5.0,0.0408,0.0,0.11,0.31,1.34,17.78,10.71,44.11,0.464,0.449,3,281.4,0.65,0
27.0971,90.4032,2007-09-10,535.5,0.72,179.1,0.0,1.0,0.0,3.3,7.0,8.1,12.4,21.4,110.0,527.1,0.432,0.43,1,510.7,4.2,1
22.6205,91.6591,2013-01-30,535.5,0.72,179.1,0.0,1.0,0.0,0.0,0.0,0.0,0.0,0.0,0.0,0.0,0.1,0.132,0,500.0,0.0,1
26.1961,91.7825,2016-06-22,535.5,0.72,179.1,0.0,1.0,0.0,0.4,3.6,5.3,7.3,8.6,23.4,144.8,0.512,0.503,0,500.0,0.0,1
27.5,91.0,2014-01-22,3987.0,2.49,358.2,-8e-06,4.0,0.0,0.82,1.83,3.42,8.53,12.4,43.09,116.97,0.497,0.353,1,491.9,0.48,0
24.0,90.0,2012-11-22,8.0,0.02,12.3,0.0,1.0,0.0,0.83,0.73,0.02,7.58,9.88,60.43,126.38,0.388,0.339,0,210.2,2.89,0
28.8254,96.1509,2013-04-07,535.5,0.72,179.1,0.0,1.0,0.0,0.1,0.2,0.3,2.8,12.1,64.9,117.2,0.39,0.396,0,500.0,0.0,1
24.7459,93.4251,2015-08-11,535.5,0.72,179.1,0.0,1.0,0.0,0.0,0.0,0.0,2.6,11.3,34.3,94.9,0.419,0.425,0,500.0,0.0,1
24.8961,93.4957,2010-08-19,535.5,0.72,179.1,0.0,1.0,0.0,0.2,0.7,1.2,2.5,4.7,33.9,124.0,0.44,0.442,0,500.0,0.0,1
27.0,92.5,2011-05-27,732.0,2.28,11.7,1e-06,0.0,0.0612,0.23,0.51,0.64,9.63,4.9,57.98,41.98,0.365,0.453,0,464.0,5.44,0
25.9611,91.3681,2016-07-07,535.5,0.72,179.1,0.0,1.0,0.0,6.7,13.9,26.3,35.3,77.7,190.7,397.0,0.512,0.506,3,405.4,4.7,1
26.0,91.0,2019-10-28,46.0,0.67,177.3,1e-06,1.0,0.0204,0.16,2.15,3.64,6.51,20.59,42.54,56.04,0.448,0.414,0,392.3,5.99,0
27.5,95.0,2021-07-30,114.0,0.73,358.9,1e-06,5.0,0.0204,0.83,0.06,1.31,5.98,7.58,28.94,37.68,0.367,0.365,5,158.1,6.47,0
27.0,96.0,2010-07-03,1342.0,0.65,235.3,-3e-06,0.0,0.0,0.06,0.68,5.01,4.04,9.11,64.36,133.68,0.478,0.315,1,52.3,1.21,0
28.5,96.0,2011-12-26,4116.0,3.91,339.5,-8e-06,4.0,0.0408,0.59,0.9,0.94,6.07,12.0,51.47,46.09,0.295,0.294,2,236.9,4.67,0
25.0,89.0,2012-10-26,21.0,0.02,13.4,0.0,1.0,0.0,0.28,0.18,0.99,10.17,3.23,3.3,78.35,0.365,0.327,2,441.8,1.11,0
25.0,94.0,2011-01-11,832.0,0.77,354.8,1e-06,0.0,0.551,0.26,1.01,0.86,6.47,21.88,60.18,100.48,0.437,0.347,3,261.5,5.62,0
26.2753,94.6654,2010-08-17,535.5,0.72,179.1,0.0,1.0,0.0,0.0,0.1,0.3,9.3,27.5,84.2,130.5,0.5,0.496,0,500.0,0.0,1
26.5,90.0,2019-08-06,54.0,2.07,359.7,3e-06,1.0,0.0,0.72,2.2,3.28,3.19,17.0,47.37,34.11,0.336,0.42,0,398.8,6.13,0
27.5799,91.8569,2016-04-22,535.5,0.72,179.1,0.0,1.0,0.0,1.0,3.7,8.0,19.0,29.7,57.4,80.9,0.422,0.425,0,500.0,0.0,1
26.8867642,88.28044714,2009-08-16,535.5,0.72,179.1,0.0,1.0,0.0,3.5,9.7,12.6,17.5,26.5,122.7,205.1,0.424,0.425,1,712.4,5.5,1
22.0,91.5,2012-03-26,0.0,0.52,182.6,1e-06,6.0,0.3265,0.37,1.7,0.82,5.31,21.98,25.25,106.29,0.431,0.474,5,431.1,2.47,0
26.5,92.5,2011-03-05,63.0,0.57,358.5,1e-06,1.0,0.0204,0.03,0.03,3.1,1.36,6.37,42.09,75.18,0.338,0.363,1,309.8,0.61,0
29.0,95.0,2022-10-21,1446.0,2.67,347.0,6e-06,0.0,0.0,0.28,0.9,0.87,3.25,11.04,17.51,39.26,0.492,0.345,4,379.2,6.01,0
25.463,92.2121,2015-06-13,535.5,0.72,179.1,0.0,1.0,0.0,1.7,10.6,27.2,58.3,163.0,334.4,391.0,0.514,0.508,1,386.8,4.2,1
25.583,91.893,2015-09-23,535.5,0.72,179.1,0.0,1.0,0.0,1.2,4.6,10.1,31.4,67.0,156.4,211.9,0.515,0.513,4,288.8,4.7,1
23.5,90.0,2023-01-08,7.0,0.0,17.4,-0.0,1.0,0.0204,0.27,1.39,2.65,1.91,21.36,12.83,101.94,0.446,0.42,4,30.2,5.61,0
25.0,91.5,2022-08-27,10.0,1.71,359.8,2e-06,6.0,0.1224,0.38,1.19,2.32,4.0,10.64,21.76,139.57,0.404,0.445,1,159.5,5.58,0
25.08303063,94.23757741,2017-04-06,535.5,0.72,179.1,0.0,1.0,0.0,0.0,0.5,3.0,5.7,7.9,23.5,92.9,0.42,0.42,0,500.0,0.0,1
27.7565,88.632,2012-06-07,535.5,0.72,179.1,0.0,1.0,0.0,0.2,0.3,0.3,0.3,0.5,13.0,27.2,0.425,0.426,1,842.7,4.5,1
26.7225,95.0281,2010-07-06,535.5,0.72,179.1,0.0,1.0,0.0,0.2,0.5,0.8,2.7,7.5,49.7,108.7,0.495,0.497,1,232.8,4.4,1
26.89,88.28,2008-06-29,535.5,0.72,179.1,0.0,1.0,0.0,0.7,2.2,2.6,6.0,12.9,56.2,94.7,0.419,0.419,2,742.6,4.6,1
24.0,94.5,2022-12-24,613.0,0.46,102.0,-1e-06,1.0,0.0,0.59,0.69,3.82,3.87,10.29,42.22,47.01,0.375,0.312,1,266.1,5.91,0
23.7281,92.7175,2013-05-11,535.5,0.72,179.1,0.0,1.0,0.0,0.0,0.0,0.0,0.1,5.9,25.2,78.5,0.396,0.39,1,413.5,4.2,1
27.1667,88.35,2007-09-09,535.5,0.72,179.1,0.0,1.0,0.0,0.5,4.4,8.7,10.5,89.7,375.6,563.1,0.417,0.42,1,637.6,4.2,1
28.0,92.0,2019-07-30,4961.0,0.78,326.9,-1e-06,4.0,0.0,0.02,1.17,1.28,3.33,18.81,28.83,60.33,0.316,0.473,3,489.9,5.52,0
24.5,91.0,2021-10-17,10.0,0.0,168.2,-0.0,1.0,0.0,0.74,1.3,1.88,10.17,19.36,56.44,73.78,0.426,0.479,4,48.3,5.09,0
26.0,88.0,2017-05-20,47.0,0.3,72.6,1e-06,1.0,0.0,0.08,1.07,2.38,9.91,22.48,5.32,142.75,0.306,0.461,5,412.4,0.05,0
25.8509,97.4381,2014-03-20,535.5,0.72,179.1,0.0,1.0,0.0,0.0,0.0,0.0,1.2,1.2,1.2,1.2,0.339,0.376,2,359.0,4.4,1
29.0,94.0,2023-06-19,4628.0,2.93,37.1,-5e-06,2.0,0.0,0.35,1.78,2.04,10.29,5.4,35.49,49.6,0.5,0.427,3,460.5,1.0,0
23.0,90.5,2023-05-03,2.0,0.0,328.0,0.0,5.0,0.0,0.66,0.87,0.06,2.37,15.73,26.05,118.36,0.446,0.299,3,369.0,6.3,0
22.5,91.0,2023-01-11,0.0,0.01,345.0,0.0,1.0,0.0,0.55,1.72,2.59,6.47,8.13,55.25,58.28,0.341,0.329,0,395.3,1.04,0
25.5,96.5,2017-05-10,309.0,0.82,326.9,1e-06,1.0,0.0,0.58,1.52,4.64,0.82,5.37,45.73,123.33,0.503,0.314,2,435.6,0.45,0
22.5,95.5,2018-03-06,93.0,0.05,49.5,0.0,5.0,0.0,0.61,0.36,1.6,2.86,3.51,30.94,65.85,0.389,0.419,4,206.4,3.29,0
25.0,89.0,2023-09-10,21.0,0.02,13.4,0.0,1.0,0.0,0.0,0.41,5.26,8.81,8.02,29.06,92.63,0.403,0.449,0,460.4,3.57,0
27.0,95.5,2019-09-09,680.0,0.99,234.0,-1e-06,0.0,0.0204,0.42,0.35,4.95,0.0,5.71,39.88,57.48,0.488,0.422,0,39.0,2.67,0
26.0,91.5,2017-08-08,50.0,1.67,186.7,3e-06,1.0,1.0,0.69,0.57,1.36,5.38,20.36,10.74,34.96,0.407,0.446,0,399.8,2.16,0
26.0814,94.803,2010-08-14,535.5,0.72,179.1,0.0,1.0,0.0,0.2,0.7,3.3,7.5,12.1,31.6,53.7,0.498,0.496,1,134.2,4.0,1
25.5,95.5,2021-08-23,203.0,1.25,41.2,3e-06,0.0,0.0,0.23,1.64,3.05,6.47,14.89,22.1,112.01,0.3,0.394,1,257.7,5.53,0
23.5,90.0,2011-12-12,7.0,0.0,17.4,-0.0,1.0,0.0204,0.47,0.44,0.19,4.03,20.76,60.66,77.41,0.477,0.492,4,228.0,6.3,0
26.1985,91.7998,2014-09-22,535.5,0.72,179.1,0.0,1.0,0.0,0.4,0.4,0.5,9.3,20.9,106.7,129.1,0.495,0.505,3,349.6,4.5,1
26.99195749,88.42280921,2011-07-17,535.5,0.72,179.1,0.0,1.0,0.0,1.1,2.4,3.1,9.0,96.2,182.5,261.2,0.431,0.42,1,855.4,4.4,1
25.51826286,91.9630294,2017-02-15,535.5,0.72,179.1,0.0,1.0,0.0,0.0,0.0,0.0,0.0,0.0,8.9,8.9,0.361,0.324,1,86.3,4.4,1
26.84850975,88.26181745,2011-06-17,535.5,0.72,179.1,0.0,1.0,0.0,1.3,2.9,4.6,5.8,27.4,50.6,81.7,0.43,0.427,0,500.0,0.0,1
22.6461,88.3403,2007-08-31,535.5,0.72,179.1,0.0,1.0,0.0,0.0,0.0,0.0,1.4,1.7,13.3,43.3,0.38,0.389,1,547.3,3.8,1
23.0,95.5,2016-09-08,126.0,0.13,49.0,0.0,6.0,0.0,0.63,1.2,1.03,0.48,10.28,19.05,76.73,0.343,0.306,0,408.4,1.87,0
24.954,94.2156,2015-08-01,535.5,0.72,179.1,0.0,1.0,0.0,2.7,10.1,14.0,25.1,52.6,120.5,186.0,0.447,0.455,1,403.4,4.4,1
25.318,94.0441,2013-08-09,535.5,0.72,179.1,0.0,1.0,0.0,0.0,0.0,0.0,3.4,11.3,31.4,112.6,0.437,0.443,2,168.5,5.0,1
23.5,96.5,2011-04-18,188.0,1.55,185.8,2e-06,1.0,0.0204,0.47,2.44,1.24,8.53,22.05,25.22,70.42,0.452,0.396,4,40.5,2.71,0
28.5,90.0,2012-11-30,4959.0,1.55,3.2,-0.0,2.0,0.0,0.5,0.86,2.25,5.22,18.1,44.86,41.44,0.433,0.375,5,310.9,1.28,0
27.5003,90.5081,2011-07-21,535.5,0.72,179.1,0.0,1.0,0.0,0.0,0.5,1.7,6.0,8.7,151.2,308.5,0.421,0.42,0,500.0,0.0,1
22.5,96.5,2018-09-01,1047.0,0.69,313.5,-1e-06,0.0,0.0204,0.74,1.21,4.7,11.24,3.46,24.7,40.84,0.415,0.387,5,372.3,6.17,0
27.0,90.0,2011-12-27,2022.0,1.82,31.7,-4e-06,1.0,0.0612,0.65,0.54,1.15,2.16,4.43,61.29,102.01,0.424,0.484,4,432.6,5.15,0
24.0,94.0,2015-09-25,1048.0,0.67,23.5,-2e-06,1.0,0.2041,0.76,2.28,3.53,5.54,14.29,42.71,87.17,0.357,0.336,2,215.6,2.91,0
26.3897,94.9439,2013-08-16,535.5,0.72,179.1,0.0,1.0,0.0,2.1,4.3,6.3,10.3,14.6,32.1,84.6,0.457,0.457,1,161.0,4.3,1
25.0,96.5,2010-01-20,211.0,0.19,29.9,0.0,1.0,0.0,0.84,2.25,1.33,5.97,20.19,64.09,112.15,0.349,0.448,5,96.9,6.16,0
27.0,96.0,2019-03-11,1342.0,0.65,235.3,-3e-06,0.0,0.0,0.5,2.16,4.85,5.67,16.09,30.98,37.66,0.499,0.402,1,374.1,2.6,0
29.5,89.5,2011-01-19,5223.0,3.63,173.2,-8e-06,4.0,0.0,0.57,0.51,1.14,4.58,7.34,17.65,130.58,0.474,0.446,0,459.9,3.98,0
29.5,88.5,2009-10-05,4353.0,3.71,178.0,-3e-06,4.0,0.0,0.29,0.27,1.89,10.18,3.61,34.47,60.69,0.484,0.33,2,160.1,3.03,0
26.7969,89.591,2008-06-07,535.5,0.72,179.1,0.0,1.0,0.0,0.4,1.1,1.5,3.1,5.9,83.6,152.4,0.401,0.398,1,714.4,4.0,1
25.5007,93.9854,2015-07-22,535.5,0.72,179.1,0.0,1.0,0.0,1.1,2.0,3.2,10.9,31.4,81.4,179.3,0.468,0.464,1,166.7,4.2,1
26.5,89.5,2010-11-07,50.0,2.34,0.2,3e-06,6.0,0.0204,0.27,1.3,2.89,0.88,6.28,17.78,32.76,0.37,0.407,2,106.4,2.14,0
24.0,94.5,2009-10-21,613.0,0.46,102.0,-1e-06,1.0,0.0,0.42,0.43,2.47,1.31,20.3,35.78,74.12,0.502,0.411,3,251.6,5.5,0
28.0,93.5,2011-06-08,515.0,1.77,28.3,1e-05,0.0,0.0,0.13,2.0,1.15,7.27,20.7,50.63,30.8,0.31,0.413,2,390.8,0.12,0
25.0,95.5,2017-08-04,182.0,0.14,240.0,0.0,1.0,0.0,0.59,1.49,2.5,1.95,9.15,44.09,104.76,0.379,0.375,2,348.4,0.32,0
25.4976444,94.12901274,2017-07-04,535.5,0.72,179.1,0.0,1.0,0.0,3.5,10.6,17.8,18.4,19.4,54.1,113.6,0.498,0.516,2,139.1,4.9,1
22.0,93.5,2012-05-07,1971.0,1.87,16.4,-5e-06,2.0,0.0,0.58,0.44,4.89,10.64,17.0,47.17,29.42,0.336,0.349,5,260.6,0.37,0
22.0,90.0,2019-08-20,5.0,0.52,180.4,1e-06,1.0,0.0,0.82,1.68,3.17,0.1,5.74,56.67,56.69,0.498,0.428,3,448.8,5.54,0
26.5,92.5,2019-02-16,63.0,0.57,358.5,1e-06,1.0,0.0204,0.62,0.05,4.34,5.73,22.53,41.57,25.88,0.355,0.414,0,360.2,2.95,0
22.97758595,91.80439129,2017-06-18,535.5,0.72,179.1,0.0,1.0,0.0,0.9,1.1,2.5,2.8,8.6,61.8,260.7,0.465,0.476,0,500.0,0.0,1
29.0,88.5,2019-05-07,4067.0,0.57,161.1,4e-06,4.0,0.0,0.58,0.19,3.55,2.83,4.49,41.55,139.43,0.369,0.435,1,59.0,4.03,0
24.7679,93.4108,2010-10-08,535.5,0.72,179.1,0.0,1.0,0.0,1.0,2.4,4.2,8.3,17.4,49.4,60.5,0.43,0.428,0,500.0,0.0,1
24.1293,92.6921,2007-09-29,535.5,0.72,179.1,0.0,1.0,0.0,1.6,2.6,2.6,2.6,4.7,19.8,28.9,0.418,0.409,3,183.0,4.5,1
25.5,91.5,2010-09-05,1648.0,0.59,274.1,-6e-06,0.0,0.2245,0.48,0.63,2.73,6.91,7.09,44.11,87.49,0.482,0.415,2,330.1,0.21,0
23.0,94.0,2013-08-20,147.0,1.17,100.5,3e-06,6.0,0.0204,0.49,1.43,1.43,10.66,18.24,41.11,39.51,0.36,0.483,4,227.4,0.85,0
27.5,91.5,2014-01-25,2019.0,3.55,0.6,9e-06,0.0,0.1224,0.5,0.76,4.52,2.13,1.59,59.09,78.49,0.437,0.328,5,250.9,0.68,0
25.0,91.5,2012-12-21,10.0,1.71,359.8,2e-06,6.0,0.1224,0.44,1.75,4.27,6.25,5.09,51.13,62.92,0.458,0.389,5,338.3,2.59,0
29.0,95.5,2021-07-16,3034.0,1.6,251.1,-4e-06,4.0,0.0204,0.75,0.49,0.08,11.05,12.56,2.84,138.42,0.483,0.369,1,471.0,5.1,0
24.0,96.5,2020-03-11,102.0,0.04,169.7,0.0,1.0,0.0,0.66,0.61,1.28,3.0,5.21,58.68,124.68,0.369,0.458,0,460.9,4.39,0
28.5,90.5,2023-11-22,5037.0,1.02,197.3,0.0,4.0,0.0,0.77,2.35,3.15,1.27,15.56,51.49,20.23,0.5,0.475,5,497.1,2.32,0
23.5,89.0,2015-09-23,11.0,0.0,68.2,0.0,5.0,0.0,0.36,2.56,4.33,9.51,12.41,57.79,104.83,0.475,0.423,3,81.7,0.14,0
23.0,90.5,2022-01-26,2.0,0.0,328.0,0.0,5.0,0.0,0.01,2.56,2.13,1.44,6.68,27.31,87.87,0.306,0.442,2,63.8,1.83,0
27.0,93.0,2010-09-02,391.0,0.72,3.7,1e-06,0.0,0.0408,0.88,0.95,2.63,8.35,9.24,4.21,54.09,0.333,0.309,1,466.4,3.92,0
25.907233,91.881892,2017-05-26,535.5,0.72,179.1,0.0,1.0,0.0,0.0,4.3,4.7,5.1,5.8,17.1,26.3,0.454,0.379,1,246.2,4.4,1
26.191688,91.810079,2016-12-15,535.5,0.72,179.1,0.0,1.0,0.0,0.0,0.0,0.0,0.0,0.0,0.0,0.0,0.291,0.326,2,437.6,4.4,1
26.5,95.5,2015-03-05,688.0,0.71,126.3,1e-06,0.0,0.0,0.57,1.16,0.06,1.32,2.78,45.65,133.92,0.342,0.416,4,245.0,4.51,0
28.9205,95.3429,2014-06-26,535.5,0.72,179.1,0.0,1.0,0.0,0.1,0.2,1.0,4.4,9.2,50.1,151.3,0.411,0.414,2,390.1,4.1,1
22.5,91.5,2014-05-15,6.0,0.02,285.8,0.0,1.0,0.1429,0.45,0.29,2.64,6.71,11.99,68.3,143.96,0.491,0.318,4,216.2,3.55,0
24.5,90.0,2015-04-28,30.0,0.01,7.6,-0.0,6.0,0.0,0.85,1.49,3.87,5.89,18.85,22.31,31.61,0.443,0.472,3,445.6,3.21,0
27.0,92.0,2022-02-12,1102.0,4.06,7.9,3e-06,1.0,0.0408,0.6,1.57,4.2,3.86,2.69,29.96,82.25,0.326,0.396,1,450.9,5.7,0
25.9703,91.8584,2015-09-06,535.5,0.72,179.1,0.0,1.0,0.0,0.6,6.0,7.5,7.5,8.0,70.4,466.5,0.503,0.508,3,99.7,4.5,1
23.5,94.0,2015-05-11,195.0,1.2,38.5,3e-06,1.0,0.0816,0.25,1.11,0.07,8.88,12.02,41.95,62.12,0.43,0.386,5,433.3,5.46,0
28.9986,94.8885,2012-07-05,535.5,0.72,179.1,0.0,1.0,0.0,2.4,3.7,5.0,11.5,36.1,123.5,164.9,0.429,0.427,3,152.0,5.6,1
22.0,95.0,2014-11-30,139.0,0.4,167.1,1e-06,1.0,0.0,0.22,2.51,2.86,3.12,14.07,28.84,36.89,0.312,0.477,0,215.7,0.09,0
25.5,95.5,2019-04-07,203.0,1.25,41.2,3e-06,0.0,0.0,0.59,1.5,2.33,5.45,20.35,16.57,120.59,0.336,0.43,2,365.7,3.74,0
27.5,88.0,2011-06-28,3357.0,4.09,348.8,-5e-06,2.0,0.0408,0.25,1.76,2.57,7.54,1.04,29.07,94.33,0.296,0.354,1,386.0,4.97,0
23.5,93.5,2012-06-13,1427.0,1.08,160.9,-2e-06,0.0,0.0,0.88,2.59,3.0,9.03,20.73,41.1,67.63,0.375,0.495,0,271.9,1.22,0
25.5,92.5,2019-02-20,1071.0,0.93,80.8,-3e-06,0.0,0.0408,0.56,2.08,4.99,9.14,21.34,6.87,131.8,0.391,0.306,1,151.3,6.22,0
23.5,93.0,2016-11-08,737.0,0.89,209.6,1e-06,1.0,0.0816,0.79,2.04,2.65,10.83,12.72,66.68,108.91,0.324,0.448,3,296.8,0.52,0
23.65637182,93.02746602,2017-06-17,535.5,0.72,179.1,0.0,1.0,0.0,0.6,3.4,6.9,7.2,14.1,40.9,177.0,0.43,0.428,0,500.0,0.0,1
26.1001,91.6849,2014-09-22,535.5,0.72,179.1,0.0,1.0,0.0,0.4,0.4,0.4,10.0,22.0,127.8,141.4,0.497,0.505,3,354.0,4.5,1
25.8833,91.2,2010-06-09,535.5,0.72,179.1,0.0,1.0,0.0,0.3,0.8,3.9,27.1,37.5,53.9,175.1,0.501,0.499,0,500.0,0.0,1
27.0,90.5,2022-03-31,816.0,1.92,4.3,3e-06,2.0,0.0408,0.37,1.61,2.89,11.0,8.71,25.39,121.81,0.419,0.459,3,287.9,2.22,0
28.0,93.0,2017-10-23,3033.0,5.29,39.3,-1e-06,2.0,0.0,0.48,2.05,3.43,0.88,0.72,58.49,103.59,0.436,0.366,3,415.5,2.33,0
23.5,95.5,2011-10-10,175.0,0.32,43.1,0.0,5.0,0.0,0.31,0.53,1.5,9.43,17.01,57.85,89.71,0.434,0.335,0,267.7,3.71,0
26.5,92.0,2019-06-06,64.0,0.79,359.8,2e-06,1.0,0.0,0.7,2.58,2.36,4.32,3.57,32.36,57.8,0.491,0.388,1,356.1,2.95,0
26.8781,88.2807,2015-07-01,535.5,0.72,179.1,0.0,1.0,0.0,0.2,6.4,10.0,11.7,15.4,53.4,94.6,0.423,0.423,2,213.1,5.1,1
22.5,92.5,2023-01-15,263.0,0.83,227.1,1e-06,0.0,0.0408,0.73,2.14,1.16,10.91,4.02,67.89,86.4,0.5,0.458,4,62.2,4.85,0
27.3144,89.545,2009-10-15,535.5,0.72,179.1,0.0,1.0,0.0,0.0,0.0,0.0,0.0,0.0,0.0,85.5,0.373,0.382,1,671.6,4.8,1
24.5,89.0,2009-04-27,12.0,0.01,38.0,0.0,1.0,0.0,0.62,0.21,3.42,10.7,0.48,11.19,113.55,0.349,0.432,5,136.0,1.05,0
29.0,92.5,2022-06-06,4045.0,1.18,62.0,4e-06,4.0,0.0,0.37,0.01,3.65,8.53,18.03,39.19,57.66,0.431,0.359,5,246.7,3.61,0
25.0,96.5,2023-04-05,211.0,0.19,29.9,0.0,1.0,0.0,0.3,0.52,5.11,4.93,12.81,69.2,52.26,0.376,0.447,4,197.3,5.24,0
27.0,89.5,2021-07-02,2283.0,3.84,351.6,-3e-06,0.0,0.2245,0.33,2.06,0.07,6.06,10.32,47.76,103.68,0.417,0.467,2,63.1,1.52,0
28.0,94.5,2011-09-06,682.0,1.4,25.7,2e-06,0.0,0.0408,0.3,0.24,2.13,7.92,15.55,56.66,66.4,0.394,0.473,1,57.0,2.31,0
24.0,88.0,2013-11-02,25.0,0.31,91.0,1e-06,6.0,0.0,0.55,1.32,0.39,5.1,7.61,30.62,29.39,0.491,0.44,5,154.0,3.38,0
26.5836,93.0038,2011-07-24,535.5,0.72,179.1,0.0,1.0,0.0,0.3,0.7,1.7,5.7,14.2,90.9,200.5,0.508,0.509,1,246.5,4.0,1
24.0,95.5,2019-07-11,352.0,0.16,53.5,-1e-06,0.0,0.0,0.26,1.76,4.57,0.69,4.21,2.87,40.1,0.336,0.32,4,292.0,1.23,0
24.8628,94.4182,2009-08-30,535.5,0.72,179.1,0.0,1.0,0.0,1.4,2.0,3.4,5.1,5.1,20.3,51.9,0.419,0.412,0,500.0,0.0,1
26.0,90.0,2019-06-07,36.0,0.05,247.6,0.0,1.0,0.0,0.4,1.76,2.7,8.97,21.77,52.02,101.95,0.354,0.433,4,174.2,5.32,0
27.5,92.5,2023-04-04,2205.0,5.52,21.8,3e-06,0.0,0.0204,0.18,2.24,2.54,10.75,8.16,27.89,77.86,0.383,0.421,3,382.6,5.33,0
27.0257,88.4301,2015-06-17,535.5,0.72,179.1,0.0,1.0,0.0,0.8,2.5,3.1,3.1,13.3,38.5,87.6,0.425,0.418,2,786.2,4.3,1
26.2363,94.8133,2010-07-06,535.5,0.72,179.1,0.0,1.0,0.0,0.1,0.2,1.7,2.2,4.2,43.3,98.4,0.497,0.498,1,219.4,4.4,1
27.5,91.0,2022-08-09,3987.0,2.49,358.2,-8e-06,4.0,0.0,0.18,0.38,0.41,9.46,15.5,13.79,69.31,0.34,0.366,2,131.9,1.89,0
29.0,92.5,2009-12-03,4045.0,1.18,62.0,4e-06,4.0,0.0,0.31,1.11,1.96,5.72,7.75,59.67,122.89,0.317,0.497,5,446.9,2.99,0
26.5,97.0,2023-06-24,462.0,1.4,350.9,1e-06,0.0,0.0,0.07,1.49,4.19,3.62,10.45,25.81,129.23,0.495,0.478,4,450.3,5.64,0
22.5,96.5,2013-03-22,1047.0,0.69,313.5,-1e-06,0.0,0.0204,0.72,1.53,3.55,2.45,4.75,63.54,56.4,0.485,0.335,1,481.4,0.76,0
27.0,91.0,2013-10-06,1799.0,4.13,353.0,-1e-06,2.0,0.0,0.15,1.61,2.55,6.63,15.82,68.19,112.94,0.47,0.492,3,283.2,2.98,0
26.1677,94.2442,2016-06-12,535.5,0.72,179.1,0.0,1.0,0.0,0.1,0.3,0.3,0.6,4.9,72.2,103.8,0.489,0.5,2,106.8,4.5,1
26.5,90.0,2021-06-05,54.0,2.07,359.7,3e-06,1.0,0.0,0.52,1.22,5.19,1.47,20.06,6.87,68.57,0.445,0.393,3,386.9,5.35,0
25.0,90.0,2015-11-14,22.0,0.04,7.0,0.0,1.0,0.0,0.6,0.96,2.92,3.88,22.6,39.52,62.63,0.39,0.355,1,69.1,1.25,0
25.5,89.0,2019-12-06,33.0,0.03,8.9,-0.0,1.0,0.0204,0.89,1.7,3.86,10.45,19.51,52.81,26.03,0.499,0.497,4,305.2,1.28,0
26.5,94.0,2023-01-20,102.0,0.7,186.2,2e-06,6.0,0.0,0.48,0.43,3.2,2.12,2.66,55.14,57.06,0.475,0.443,2,212.8,3.23,0
23.5,96.0,2023-01-24,79.0,0.02,325.9,0.0,5.0,0.0,0.65,0.64,0.63,4.48,6.88,42.6,39.66,0.451,0.457,5,332.7,5.06,0
24.5308,92.5121,2016-05-18,535.5,0.72,179.1,0.0,1.0,0.0,1.5,6.9,12.3,26.8,45.0,66.6,110.0,0.46,0.465,2,184.6,4.8,1
25.4379,94.1162,2007-10-19,535.5,0.72,179.1,0.0,1.0,0.0,0.5,0.7,0.9,3.7,5.4,39.0,95.1,0.459,0.458,2,293.1,4.5,1
29.0,89.5,2011-11-09,3966.0,0.46,276.6,6e-06,2.0,0.0,0.17,1.73,2.0,8.45,3.96,40.78,69.58,0.47,0.355,1,220.6,3.77,0
26.0,94.0,2013-09-04,753.0,1.74,212.1,1e-06,0.0,0.1633,0.48,1.72,2.4,9.91,18.4,54.76,30.85,0.455,0.35,0,54.1,0.15,0
22.5,92.0,2013-11-29,34.0,0.17,276.7,0.0,1.0,0.1837,0.35,2.14,5.15,6.84,1.76,49.08,78.72,0.432,0.377,3,90.8,5.22,0
26.0,88.5,2022-02-01,55.0,0.06,358.8,-0.0,5.0,0.0,0.81,1.16,1.79,1.98,6.89,56.49,38.04,0.479,0.324,0,270.8,4.02,0
25.5,94.0,2023-07-14,1521.0,0.51,260.7,-4e-06,0.0,0.5918,0.34,2.47,2.92,6.27,2.81,2.78,93.99,0.407,0.494,2,112.9,4.82,0
27.5509,88.6475,2010-07-21,535.5,0.72,179.1,0.0,1.0,0.0,2.9,8.0,19.2,44.2,64.3,143.6,290.3,0.435,0.438,2,255.4,4.6,1
23.5,89.0,2017-11-08,11.0,0.0,68.2,0.0,5.0,0.0,0.66,2.1,4.26,1.02,16.14,33.07,77.31,0.479,0.316,0,307.2,1.29,0
28.5,93.0,2015-09-20,4718.0,1.38,52.2,-5e-06,4.0,0.0,0.42,1.88,2.34,7.29,0.31,9.94,25.26,0.429,0.42,1,256.6,0.07,0
24.506937,91.588893,2016-11-01,535.5,0.72,179.1,0.0,1.0,0.0,0.0,0.0,0.0,0.2,0.2,5.9,26.7,0.333,0.33,2,201.4,4.9,1
22.5,89.5,2010-06-03,6.0,0.0,39.8,-0.0,1.0,0.0,0.24,0.82,3.72,7.66,17.41,41.29,89.93,0.5,0.434,2,264.4,4.47,0
26.5,92.0,2016-08-16,64.0,0.79,359.8,2e-06,1.0,0.0,0.49,0.49,1.01,9.78,16.54,47.48,77.74,0.359,0.461,2,261.4,6.24,0
28.0,90.5,2017-04-23,5377.0,3.27,358.1,-8e-06,2.0,0.0,0.45,1.98,1.66,11.29,4.33,42.0,23.04,0.369,0.39,3,168.9,5.18,0
26.5,91.0,2014-11-30,42.0,1.83,0.1,2e-06,5.0,0.0,0.39,0.95,4.89,2.65,12.26,7.63,106.35,0.362,0.469,5,131.0,3.5,0
25.0,92.5,2009-04-11,39.0,1.09,342.1,2e-06,1.0,0.1429,0.41,2.22,2.87,0.06,20.02,18.47,92.99,0.394,0.378,0,304.6,0.04,0
24.5,95.0,2014-03-02,182.0,0.24,192.3,0.0,5.0,0.0,0.42,0.55,2.54,8.68,18.48,56.82,65.72,0.379,0.468,0,187.8,0.48,0
27.0,95.5,2014-11-08,680.0,0.99,234.0,-1e-06,0.0,0.0204,0.18,2.31,0.31,2.31,18.53,24.65,114.56,0.486,0.302,3,45.7,6.16,0
27.0,92.0,2012-10-18,1102.0,4.06,7.9,3e-06,1.0,0.0408,0.05,2.5,0.96,8.06,6.77,9.1,35.82,0.482,0.345,0,35.4,1.56,0
29.0,93.0,2009-09-23,3846.0,0.63,305.8,4e-06,4.0,0.0,0.16,0.83,4.27,6.91,14.51,9.46,81.12,0.364,0.306,2,491.4,1.09,0
26.5,93.5,2016-02-18,600.0,0.38,358.5,-2e-06,0.0,0.0204,0.54,2.54,1.29,0.52,13.98,15.18,86.15,0.46,0.36,0,318.4,1.82,0
24.0,89.5,2022-02-26,13.0,0.01,27.5,-0.0,1.0,0.0,0.12,2.49,0.65,9.81,12.54,27.29,57.95,0.446,0.408,5,222.8,2.11,0
27.82743132,93.62407259,2017-05-03,535.5,0.72,179.1,0.0,1.0,0.0,0.6,0.6,0.6,0.6,19.3,88.5,244.5,0.408,0.413,0,500.0,0.0,1
24.5,91.5,2022-09-23,10.0,0.11,181.7,0.0,5.0,0.102,0.05,1.49,5.17,5.98,2.0,51.22,95.03,0.46,0.442,3,308.3,2.06,0
23.5,93.0,2023-02-23,737.0,0.89,209.6,1e-06,1.0,0.0816,0.21,1.84,0.05,5.71,8.47,44.06,102.96,0.424,0.394,3,17.7,3.46,0
25.0,91.5,2010-11-19,10.0,1.71,359.8,2e-06,6.0,0.1224,0.13,1.6,2.5,8.17,12.86,18.1,115.85,0.347,0.357,2,418.8,0.24,0
26.0,88.0,2021-09-10,47.0,0.3,72.6,1e-06,1.0,0.0,0.32,2.5,0.06,9.72,17.23,49.57,24.08,0.362,0.362,5,465.9,5.89,0
27.0674,89.5615,2010-07-22,535.5,0.72,179.1,0.0,1.0,0.0,9.2,24.3,34.3,65.2,160.5,364.0,566.2,0.433,0.435,2,165.9,4.6,1
29.5,95.5,2013-06-24,1509.0,2.66,172.9,6e-06,0.0,0.0,0.08,0.13,2.15,3.46,14.37,18.03,60.63,0.395,0.4,5,35.3,0.72,0
28.0822,96.5316,2016-05-01,535.5,0.72,179.1,0.0,1.0,0.0,0.3,0.8,2.1,4.3,5.5,38.4,123.4,0.403,0.407,0,500.0,0.0,1
29.5,96.5,2020-01-03,4109.0,3.9,199.1,-4e-06,2.0,0.0,0.13,2.5,3.65,10.58,9.6,62.99,118.6,0.446,0.352,3,83.4,0.04,0
27.1675,88.3651,2012-09-16,535.5,0.72,179.1,0.0,1.0,0.0,3.2,10.3,17.9,34.9,73.4,218.7,290.3,0.429,0.43,2,601.1,4.8,1
24.0,90.5,2022-11-16,5.0,0.01,0.0,0.0,1.0,0.0,0.83,1.85,1.51,11.0,19.04,49.11,102.91,0.327,0.341,0,496.9,3.73,0
24.808,93.117,2011-09-06,535.5,0.72,179.1,0.0,1.0,0.0,0.0,0.0,0.4,1.8,11.2,39.3,84.1,0.459,0.456,0,500.0,0.0,1
22.9167,93.6833,2013-08-23,535.5,0.72,179.1,0.0,1.0,0.0,0.0,0.0,0.0,4.1,4.7,30.2,160.9,0.406,0.408,3,212.0,4.2,1
26.0,97.5,2017-07-15,292.0,0.38,351.3,1e-06,0.0,0.0,0.76,0.17,3.92,7.4,18.27,16.9,102.99,0.42,0.317,5,295.9,5.35,0
28.5,94.5,2014-11-23,1320.0,1.78,32.8,2e-06,0.0,0.0408,0.06,0.51,1.07,2.62,21.26,66.71,57.81,0.445,0.326,2,458.8,2.61,0
24.7979,92.9974,2015-07-22,535.5,0.72,179.1,0.0,1.0,0.0,1.2,8.5,17.2,23.3,47.1,117.8,350.7,0.481,0.47,1,111.2,4.2,1
25.5,94.0,2019-03-13,1521.0,0.51,260.7,-4e-06,0.0,0.5918,0.44,1.67,4.81,9.53,21.27,9.37,46.26,0.468,0.319,2,432.1,4.71,0
23.0,91.5,2018-06-02,6.0,0.05,319.4,0.0,1.0,0.0204,0.89,0.29,2.51,11.11,19.42,38.6,34.79,0.421,0.427,2,243.4,5.85,0
27.769793,93.50995626,2017-05-24,535.5,0.72,179.1,0.0,1.0,0.0,1.8,6.2,10.6,15.2,29.4,73.4,203.1,0.429,0.427,1,329.0,4.4,1
27.05957271,93.50102778,2017-07-09,535.5,0.72,179.1,0.0,1.0,0.0,0.9,5.1,13.5,31.4,50.2,61.2,126.8,0.516,0.516,1,307.5,4.5,1
27.5,97.5,2021-03-21,719.0,3.47,22.9,6e-06,0.0,0.0,0.83,1.21,1.08,11.26,20.59,48.11,27.64,0.329,0.371,1,377.7,1.55,0
28.5,89.5,2017-01-06,5172.0,0.67,188.3,-3e-06,4.0,0.0,0.17,1.66,2.08,0.69,19.0,53.0,145.33,0.456,0.333,2,489.2,1.54,0
27.0,88.0,2013-12-26,1961.0,3.37,356.9,-4e-06,2.0,0.9388,0.78,0.51,5.07,10.44,21.2,25.36,38.63,0.311,0.437,2,101.4,4.95,0
26.49349035,91.72137514,2015-09-01,535.5,0.72,179.1,0.0,1.0,0.0,0.2,2.0,3.5,35.5,51.2,103.1,166.9,0.515,0.514,3,250.0,4.2,1
26.1498,94.6055,2013-08-04,535.5,0.72,179.1,0.0,1.0,0.0,0.0,0.0,0.0,3.1,3.8,27.3,67.3,0.499,0.497,1,246.3,5.0,1
22.0,88.0,2023-10-02,3.0,0.61,147.8,1e-06,1.0,0.0,0.78,1.2,0.29,5.86,14.13,36.02,74.18,0.305,0.347,1,464.6,2.85,0
23.5,92.5,2017-01-06,750.0,0.75,326.3,-2e-06,2.0,0.3878,0.15,0.71,2.22,10.31,8.08,21.97,85.4,0.491,0.4,5,99.8,0.61,0
28.5,95.5,2010-03-06,2009.0,3.49,329.3,1e-06,0.0,0.0,0.74,1.78,2.29,5.74,19.26,36.71,104.8,0.304,0.335,3,475.5,5.8,0
27.0,97.5,2017-05-15,583.0,0.83,76.9,2e-06,0.0,0.0,0.16,1.55,2.87,4.31,19.17,48.82,73.6,0.354,0.424,0,497.7,5.24,0
27.5,94.0,2022-12-08,1830.0,2.0,30.0,-5e-06,0.0,0.0612,0.24,1.14,3.93,7.41,11.68,25.17,145.22,0.334,0.363,3,388.3,2.97,0
27.5,95.5,2022-03-01,132.0,0.55,184.0,1e-06,5.0,0.0,0.78,1.25,1.36,4.32,17.89,17.29,107.37,0.463,0.378,2,263.1,0.06,0
25.0,91.5,2013-09-17,10.0,1.71,359.8,2e-06,6.0,0.1224,0.48,0.0,1.83,6.84,8.38,8.05,107.92,0.41,0.446,3,450.2,1.92,0
27.2879,88.2579,2011-06-23,535.5,0.72,179.1,0.0,1.0,0.0,1.7,3.4,4.4,9.4,19.6,48.5,160.6,0.413,0.416,1,497.6,4.4,1
25.5,91.5,2023-07-01,1648.0,0.59,274.1,-6e-06,0.0,0.2245,0.79,1.19,3.7,8.04,6.76,43.74,121.31,0.331,0.343,4,369.3,2.98,0
29.5,94.5,2015-05-20,4324.0,1.86,154.5,-8e-06,2.0,0.0,0.12,1.2,4.5,1.78,17.6,37.13,81.15,0.341,0.35,3,427.6,4.32,0
27.06826195,88.28121204,2007-09-05,535.5,0.72,179.1,0.0,1.0,0.0,1.0,5.0,10.7,16.5,39.8,78.3,136.7,0.431,0.431,1,503.4,4.5,1
24.896,91.9022,2008-08-01,535.5,0.72,179.1,0.0,1.0,0.0,1.6,3.8,8.0,11.4,11.6,39.8,115.8,0.485,0.481,5,138.4,5.2,1
27.6163,88.6586,2015-05-24,535.5,0.72,179.1,0.0,1.0,0.0,0.7,1.3,2.7,10.2,21.1,117.9,184.1,0.413,0.419,1,906.7,4.2,1
26.0,92.0,2018-03-27,343.0,1.59,183.1,1e-06,0.0,0.0,0.62,0.75,4.99,9.19,12.48,33.08,57.85,0.362,0.5,3,433.8,5.36,0
27.5,88.0,2016-04-03,3357.0,4.09,348.8,-5e-06,2.0,0.0408,0.55,1.46,1.13,8.65,21.01,19.56,140.73,0.388,0.375,5,27.0,1.85,0
23.7313,92.7187,2015-09-14,535.5,0.72,179.1,0.0,1.0,0.0,0.4,1.6,4.9,15.0,15.3,30.5,46.1,0.417,0.415,2,347.7,4.2,1
22.5,96.5,2016-03-09,1047.0,0.69,313.5,-1e-06,0.0,0.0204,0.85,0.55,5.03,8.67,5.77,25.38,24.24,0.385,0.408,3,290.3,3.16,0
29.5,90.0,2020-07-08,4704.0,5.22,183.6,-2e-06,4.0,0.0,0.21,2.41,1.71,2.71,4.35,67.94,42.14,0.365,0.436,2,139.3,2.76,0
25.5728,91.885,2010-06-28,535.5,0.72,179.1,0.0,1.0,0.0,1.1,5.2,8.6,18.8,45.8,134.2,288.0,0.509,0.514,1,324.5,4.0,1
26.5,94.0,2009-12-26,102.0,0.7,186.2,2e-06,6.0,0.0,0.27,0.58,4.57,6.59,11.2,50.52,121.11,0.494,0.314,1,78.2,4.81,0
26.9343,88.4486,2016-10-15,535.5,0.72,179.1,0.0,1.0,0.0,0.0,0.0,0.0,0.0,4.0,156.8,241.8,0.392,0.399,3,680.4,4.7,1
27.8385,88.556,2012-09-19,535.5,0.72,179.1,0.0,1.0,0.0,1.2,5.0,8.8,10.1,12.7,79.7,179.0,0.426,0.427,1,57.2,4.6,1
29.0,92.5,2013-08-09,4045.0,1.18,62.0,4e-06,4.0,0.0,0.06,1.99,1.09,2.44,19.73,24.58,36.47,0.484,0.29,1,493.9,3.51,0
27.0,94.5,2012-08-27,89.0,0.63,182.0,1e-06,5.0,0.0,0.13,0.33,3.75,1.46,15.98,60.59,32.69,0.339,0.392,5,86.9,3.63,0
26.0,90.5,2018-09-14,99.0,0.39,181.0,0.0,5.0,0.0,0.76,1.06,0.64,5.86,11.25,37.28,23.14,0.446,0.299,3,270.9,2.06,0
29.0,92.0,2023-04-21,5441.0,0.8,38.2,-4e-06,2.0,0.0,0.02,1.87,3.49,3.2,1.96,32.7,144.71,0.477,0.326,3,304.4,5.17,0
28.8254,96.1517,2012-06-02,535.5,0.72,179.1,0.0,1.0,0.0,0.2,1.3,3.3,5.5,10.5,27.8,28.5,0.428,0.429,2,490.6,4.5,1
26.8042,88.125,2009-08-19,535.5,0.72,179.1,0.0,1.0,0.0,0.1,0.5,1.4,18.8,42.8,99.5,231.5,0.426,0.426,0,500.0,0.0,1
26.5,96.0,2016-05-28,526.0,0.51,38.4,1e-06,0.0,0.0,0.52,2.22,3.19,10.92,16.73,43.93,134.02,0.338,0.289,1,494.7,0.59,0
22.0104,91.9538,2015-06-01,535.5,0.72,179.1,0.0,1.0,0.0,0.0,0.0,0.0,0.6,1.0,4.8,8.1,0.085,0.063,3,129.7,4.5,1
25.5,88.0,2017-04-06,33.0,0.31,86.5,1e-06,6.0,0.0,0.74,1.31,3.35,1.4,0.71,27.53,93.65,0.332,0.478,4,280.2,2.24,0
28.5,89.5,2020-07-06,5172.0,0.67,188.3,-3e-06,4.0,0.0,0.57,2.48,2.82,5.57,22.37,66.46,96.68,0.45,0.491,1,323.3,4.71,0
24.5,92.0,2013-12-31,15.0,0.07,217.0,0.0,1.0,0.0612,0.7,1.43,0.6,9.68,21.56,26.06,119.23,0.392,0.486,5,354.9,4.82,0
27.5,96.0,2022-01-07,173.0,1.15,190.0,2e-06,5.0,0.0408,0.5,2.06,4.73,5.08,18.37,46.35,58.75,0.394,0.322,0,230.8,5.27,0
25.0,97.5,2018-10-11,167.0,0.81,195.7,1e-06,6.0,0.0,0.44,1.01,3.53,9.02,16.43,59.06,135.34,0.5,0.405,3,300.0,4.31,0
24.5,97.5,2020-05-16,928.0,1.34,173.1,-1e-06,0.0,0.0,0.1,1.11,1.42,6.53,13.46,13.49,38.88,0.358,0.418,5,472.0,1.29,0
24.5,88.0,2009-10-25,22.0,0.31,89.2,1e-06,1.0,0.0204,0.88,0.95,4.02,1.02,20.77,8.67,106.62,0.305,0.306,2,232.0,1.91,0
28.0,95.5,2014-08-02,149.0,1.99,10.6,3e-06,1.0,0.0408,0.46,0.98,4.03,5.97,1.47,20.48,37.41,0.308,0.44,4,342.2,4.72,0
26.5,96.0,2009-02-08,526.0,0.51,38.4,1e-06,0.0,0.0,0.03,0.52,1.97,0.16,7.32,58.57,41.98,0.437,0.425,1,120.9,5.7,0
22.5,92.5,2009-02-08,263.0,0.83,227.1,1e-06,0.0,0.0408,0.41,0.54,4.08,6.51,3.61,55.33,117.43,0.322,0.383,3,207.7,6.27,0
22.5,90.5,2015-11-23,3.0,0.0,180.0,-0.0,5.0,0.0,0.74,0.25,3.23,9.44,1.46,57.51,32.2,0.419,0.423,0,404.2,2.77,0
28.5,91.5,2021-10-26,5297.0,0.6,111.1,-2e-06,4.0,0.0,0.58,1.73,1.62,3.36,0.48,61.68,114.45,0.322,0.446,4,221.1,0.68,0
27.0667,89.5833,2007-09-07,535.5,0.72,179.1,0.0,1.0,0.0,4.7,15.7,29.3,48.4,71.3,153.3,249.2,0.432,0.43,1,457.1,4.5,1
25.4786,94.1327,2010-08-27,535.5,0.72,179.1,0.0,1.0,0.0,0.3,4.5,11.2,12.0,13.3,22.2,56.7,0.507,0.508,0,500.0,0.0,1
29.5,90.5,2014-10-01,5724.0,4.11,175.7,-1.2e-05,2.0,0.0,0.07,1.45,0.28,10.52,10.69,26.31,95.23,0.435,0.463,5,376.6,0.3,0
27.0,88.5,2013-10-07,778.0,1.77,17.2,2e-06,1.0,0.4898,0.82,1.74,4.39,7.98,17.31,8.9,34.03,0.455,0.318,2,450.0,5.33,0
25.0,94.5,2014-11-16,1133.0,1.24,21.6,-3e-06,0.0,0.0204,0.38,2.15,1.11,6.05,8.21,6.89,94.77,0.34,0.442,4,62.5,4.17,0
24.5,88.0,2019-01-03,22.0,0.31,89.2,1e-06,1.0,0.0204,0.59,1.42,2.94,5.4,22.02,46.65,92.12,0.319,0.298,1,82.2,0.87,0
27.3721,88.708,2013-06-08,535.5,0.72,179.1,0.0,1.0,0.0,0.5,1.9,5.9,10.8,15.6,49.8,90.4,0.424,0.431,1,68.3,3.9,1
25.5,91.0,2014-03-01,686.0,0.79,273.1,-1e-06,1.0,0.0612,0.55,0.92,3.36,7.02,15.38,51.0,101.99,0.471,0.425,5,326.7,2.01,0
29.5,96.5,2014-05-11,4109.0,3.9,199.1,-4e-06,2.0,0.0,0.29,0.16,5.11,9.26,4.32,48.46,115.64,0.327,0.35,3,324.0,0.72,0
24.7625,93.4341,2013-08-17,535.5,0.72,179.1,0.0,1.0,0.0,0.8,2.7,5.9,10.4,12.5,35.6,78.9,0.429,0.425,1,297.7,4.3,1
27.5,89.5,2011-02-26,3704.0,3.01,36.7,-3e-06,2.0,0.0612,0.12,1.15,1.65,10.56,16.17,33.99,72.34,0.383,0.378,0,457.2,0.17,0
29.0,90.0,2020-06-18,5512.0,0.41,229.6,-5e-06,2.0,0.0,0.08,0.86,4.38,0.25,3.77,63.5,53.23,0.358,0.32,0,312.0,2.79,0
23.73504471,92.71060943,2010-09-13,535.5,0.72,179.1,0.0,1.0,0.0,0.0,0.3,0.3,2.7,4.9,17.1,41.7,0.407,0.41,2,213.4,5.1,1
24.0,93.5,2014-04-12,1021.0,1.01,205.8,-1e-06,1.0,0.0408,0.81,1.04,2.06,2.21,17.45,46.68,20.93,0.424,0.349,0,482.1,0.41,0
25.06657276,93.9310888,2017-06-30,535.5,0.72,179.1,0.0,1.0,0.0,0.3,1.4,2.0,4.7,8.5,26.5,53.2,0.435,0.435,1,145.0,4.4,1
28.5,93.0,2015-07-26,4718.0,1.38,52.2,-5e-06,4.0,0.0,0.31,1.05,3.12,10.29,6.53,19.22,127.22,0.321,0.38,5,306.6,0.01,0
25.73318099,93.99655231,2017-05-16,535.5,0.72,179.1,0.0,1.0,0.0,1.3,4.0,5.4,13.7,21.4,67.2,85.6,0.508,0.506,0,500.0,0.0,1
28.0,89.0,2018-02-17,4952.0,0.72,42.1,-1e-06,2.0,0.0,0.17,0.25,2.28,4.79,10.6,51.55,103.81,0.501,0.31,3,366.8,5.2,0
25.1019,93.3729,2015-08-11,535.5,0.72,179.1,0.0,1.0,0.0,0.0,0.0,0.0,1.3,23.2,33.8,68.6,0.462,0.47,0,500.0,0.0,1
22.479,92.967,2007-07-30,535.5,0.72,179.1,0.0,1.0,0.0,0.0,0.0,0.0,0.0,1.3,11.9,57.2,0.397,0.402,2,73.6,4.8,1
23.0,93.5,2019-05-19,2002.0,1.04,142.6,-4e-06,1.0,0.0204,0.7,2.45,0.5,11.14,0.45,24.57,55.35,0.492,0.437,0,346.5,1.15,0
27.5,89.5,2018-12-28,3704.0,3.01,36.7,-3e-06,2.0,0.0612,0.82,0.23,1.35,2.58,8.32,69.6,78.86,0.33,0.474,5,263.4,3.45,0
27.5,89.0,2023-11-05,4301.0,4.15,341.9,-8e-06,2.0,0.0,0.81,0.39,5.0,2.45,0.39,34.26,52.27,0.336,0.397,1,158.7,6.21,0
26.8727,94.9275,2013-08-16,535.5,0.72,179.1,0.0,1.0,0.0,3.3,7.5,16.0,23.9,30.2,54.8,120.7,0.493,0.511,1,197.8,4.3,1
26.5,88.0,2022-10-16,120.0,2.01,7.6,3e-06,1.0,0.9796,0.9,0.71,5.17,10.71,1.72,45.38,64.1,0.463,0.436,0,80.0,3.95,0
27.0771,88.482,2008-06-30,535.5,0.72,179.1,0.0,1.0,0.0,0.4,2.1,3.0,6.8,10.5,82.1,111.0,0.415,0.42,2,736.0,4.6,1
22.0,94.5,2016-06-09,231.0,0.31,148.4,0.0,0.0,0.0,0.03,1.22,3.88,1.63,9.25,38.78,115.22,0.446,0.326,0,17.3,5.83,0
26.10430759,91.86227824,2017-07-03,535.5,0.72,179.1,0.0,1.0,0.0,0.6,6.5,9.3,18.9,22.3,161.2,266.3,0.515,0.518,3,345.1,4.9,1
27.0816,88.4397,2015-07-07,535.5,0.72,179.1,0.0,1.0,0.0,0.0,0.0,0.1,0.6,16.3,76.1,226.7,0.408,0.417,4,258.0,4.5,1
22.5,89.5,2016-12-27,6.0,0.0,39.8,-0.0,1.0,0.0,0.22,1.66,5.06,6.28,9.4,19.5,19.36,0.481,0.314,3,202.4,1.43,0
26.1963,91.8074,2016-07-14,535.5,0.72,179.1,0.0,1.0,0.0,0.2,0.2,0.2,6.7,10.0,46.2,133.7,0.503,0.506,1,353.1,4.0,1
29.0,91.0,2015-08-24,4544.0,1.27,190.6,1e-06,4.0,0.0,0.68,1.4,2.1,7.86,4.52,8.54,94.15,0.479,0.377,2,81.4,2.21,0
27.5798729,91.85672387,2010-11-22,535.5,0.72,179.1,0.0,1.0,0.0,0.0,0.0,0.0,0.4,3.3,21.1,29.8,0.385,0.384,1,248.0,4.6,1
22.5,88.0,2010-09-19,5.0,0.32,87.0,1e-06,5.0,0.0204,0.29,0.1,3.22,8.18,18.43,9.26,83.23,0.447,0.362,5,377.1,2.75,0
26.0,94.5,2019-03-05,1720.0,0.65,201.1,-4e-06,0.0,0.5714,0.36,1.9,1.65,3.53,5.79,66.67,105.53,0.394,0.309,0,55.7,0.63,0
24.5,96.5,2009-09-20,150.0,0.29,293.0,1e-06,1.0,0.0,0.72,1.04,0.35,10.32,12.87,50.8,44.81,0.399,0.481,5,234.8,1.72,0
22.65620215,93.61589869,2017-05-29,535.5,0.72,179.1,0.0,1.0,0.0,1.1,2.5,11.5,26.3,33.1,71.5,74.6,0.41,0.361,1,641.7,4.4,1
28.0,91.0,2009-06-12,4192.0,1.51,9.1,4e-06,4.0,0.0,0.69,1.11,0.44,10.24,6.82,38.63,88.38,0.331,0.371,2,232.3,2.44,0
28.0,92.0,2011-09-22,4961.0,0.78,326.9,-1e-06,4.0,0.0,0.03,1.64,4.22,8.02,7.06,3.37,69.82,0.342,0.472,0,236.1,0.76,0
27.0,91.5,2010-08-08,1594.0,2.09,12.5,-2e-06,1.0,0.0204,0.07,0.89,1.66,7.38,16.12,43.22,68.22,0.481,0.458,2,376.5,3.39,0
26.4205,94.9731,2013-08-16,535.5,0.72,179.1,0.0,1.0,0.0,2.1,4.3,6.3,10.3,14.6,32.1,84.6,0.457,0.457,1,160.6,4.3,1
25.0,91.0,2022-05-13,5.0,0.7,0.1,1e-06,5.0,0.0204,0.79,0.21,2.36,7.95,1.79,40.44,25.48,0.41,0.399,4,273.0,1.07,0
25.0951,92.3567,2012-06-13,535.5,0.72,179.1,0.0,1.0,0.0,0.7,2.8,4.0,4.1,7.9,108.1,144.8,0.51,0.499,3,250.3,4.7,1
27.3034,93.804,2016-07-16,535.5,0.72,179.1,0.0,1.0,0.0,0.4,3.8,6.5,13.5,23.2,48.3,79.8,0.465,0.469,1,322.9,4.0,1
26.5,97.0,2018-06-22,462.0,1.4,350.9,1e-06,0.0,0.0,0.32,1.05,2.94,8.05,2.71,62.89,132.62,0.419,0.423,5,32.2,4.8,0
22.0,93.0,2021-11-30,1196.0,0.98,300.3,-1e-06,0.0,0.0,0.34,0.02,1.86,8.51,19.36,66.66,71.24,0.452,0.407,4,449.9,3.17,0
29.5,90.5,2020-11-25,5724.0,4.11,175.7,-1.2e-05,2.0,0.0,0.27,1.31,2.27,8.96,2.61,46.54,129.98,0.41,0.477,3,231.3,1.49,0
29.5,92.5,2017-05-03,5352.0,3.69,179.1,-9e-06,4.0,0.0,0.21,0.72,3.09,0.99,2.43,44.85,94.65,0.303,0.499,5,410.5,1.25,0
26.888,88.2796,2016-10-15,535.5,0.72,179.1,0.0,1.0,0.0,0.0,0.0,0.0,0.0,33.0,195.7,327.9,0.407,0.411,3,695.4,4.7,1
23.32140323,93.75079688,2017-03-19,535.5,0.72,179.1,0.0,1.0,0.0,0.0,0.0,0.0,0.0,0.0,0.5,0.7,0.24,0.263,1,537.5,4.4,1
27.1249,93.7706,2014-10-01,535.5,0.72,179.1,0.0,1.0,0.0,0.0,0.0,0.0,0.0,0.0,2.7,64.1,0.443,0.46,0,500.0,0.0,1
26.0,94.0,2022-09-04,753.0,1.74,212.1,1e-06,0.0,0.1633,0.46,1.64,3.42,3.2,10.26,39.2,76.21,0.465,0.487,5,330.9,0.6,0
23.7527,92.694,2010-09-16,535.5,0.72,179.1,0.0,1.0,0.0,0.3,0.3,0.3,3.8,14.1,41.5,65.3,0.421,0.422,2,212.0,5.1,1
22.1306,95.5488,2015-12-17,535.5,0.72,179.1,0.0,1.0,0.0,0.0,0.0,0.0,0.0,0.0,0.2,0.2,0.299,0.324,1,276.8,4.0,1
25.11956675,94.36416626,2017-06-12,535.5,0.72,179.1,0.0,1.0,0.0,2.7,8.7,14.3,16.7,37.0,46.3,53.7,0.456,0.455,1,77.0,4.6,1
25.6566,96.3495,2016-07-12,535.5,0.72,179.1,0.0,1.0,0.0,0.5,1.7,2.4,3.3,8.9,32.1,71.1,0.5,0.51,1,146.3,4.4,1
25.0672,93.4093,2011-05-22,535.5,0.72,179.1,0.0,1.0,0.0,0.6,1.4,2.4,5.9,17.6,56.3,93.5,0.455,0.444,1,341.0,4.2,1
28.0,94.0,2022-10-08,1741.0,1.08,354.2,-1e-06,0.0,0.0204,0.01,2.23,5.06,9.58,8.43,23.69,132.59,0.48,0.414,2,250.5,6.4,0
23.0,88.5,2022-12-01,11.0,0.01,28.7,0.0,1.0,0.0,0.79,1.91,0.29,10.68,15.31,62.25,31.79,0.371,0.423,2,189.6,4.21,0
27.0,96.5,2020-05-30,1495.0,0.36,313.9,-3e-06,0.0,0.0,0.84,0.35,2.63,7.74,15.35,38.31,33.54,0.297,0.33,5,13.6,2.76,0
24.0,92.0,2020-03-18,70.0,0.41,257.8,1e-06,6.0,0.0204,0.77,0.87,3.25,8.36,18.97,17.77,123.7,0.316,0.446,5,209.0,4.04,0
29.5,89.5,2019-07-17,5223.0,3.63,173.2,-8e-06,4.0,0.0,0.86,2.46,4.12,4.41,21.77,50.03,49.57,0.502,0.416,0,59.7,4.16,0
22.0,93.5,2011-11-19,1971.0,1.87,16.4,-5e-06,2.0,0.0,0.73,0.28,0.39,4.22,3.51,56.43,117.32,0.476,0.291,0,370.9,2.22,0
22.1909,92.2135,2015-08-21,535.5,0.72,179.1,0.0,1.0,0.0,2.2,3.1,3.7,10.1,47.2,101.1,127.6,0.429,0.428,2,469.1,4.1,1
27.0,94.5,2009-09-08,89.0,0.63,182.0,1e-06,5.0,0.0,0.58,0.45,1.14,6.35,22.56,17.81,95.28,0.363,0.433,2,328.6,5.84,0
26.1984,94.8158,2010-08-19,535.5,0.72,179.1,0.0,1.0,0.0,3.2,7.8,11.8,15.1,27.7,52.8,135.5,0.512,0.514,0,500.0,0.0,1
25.5,88.5,2012-01-25,31.0,0.03,0.0,0.0,1.0,0.0,0.22,2.02,3.11,1.34,4.13,10.7,121.77,0.306,0.434,2,328.8,3.79,0
24.0,93.5,2017-08-01,1021.0,1.01,205.8,-1e-06,1.0,0.0408,0.54,0.85,1.6,7.04,17.24,46.97,84.16,0.398,0.39,2,334.4,3.19,0
29.5,94.5,2015-05-29,4324.0,1.86,154.5,-8e-06,2.0,0.0,0.62,2.6,1.06,1.53,1.69,14.07,108.93,0.504,0.465,2,337.2,4.61,0
27.0,97.0,2014-03-13,1738.0,2.28,15.1,-2e-06,0.0,0.0,0.79,1.4,4.63,9.58,4.03,48.35,58.36,0.301,0.339,3,480.3,0.15,0
24.0,88.0,2023-10-18,25.0,0.31,91.0,1e-06,6.0,0.0,0.35,1.35,0.95,5.01,15.74,28.44,102.99,0.352,0.451,4,386.9,4.17,0
26.8712,88.3052,2010-07-04,535.5,0.72,179.1,0.0,1.0,0.0,1.0,1.3,1.7,5.5,34.4,111.6,322.7,0.419,0.421,1,860.6,4.4,1
24.8142,93.5444,2012-06-10,535.5,0.72,179.1,0.0,1.0,0.0,1.9,2.1,2.4,5.3,6.0,7.3,41.0,0.401,0.389,1,307.8,4.5,1
24.5,95.5,2012-10-26,268.0,0.2,209.7,-0.0,2.0,0.0,0.08,1.88,4.29,9.22,12.2,2.78,105.71,0.305,0.481,0,64.3,6.16,0
25.5,90.5,2010-06-12,437.0,0.41,282.9,-1e-06,0.0,0.0204,0.06,0.78,3.24,1.06,5.03,46.49,130.34,0.424,0.327,4,186.0,4.94,0
22.0,90.5,2014-11-13,5.0,0.52,179.6,1e-06,1.0,0.0,0.59,1.8,0.33,1.34,6.97,29.75,81.93,0.483,0.442,2,348.2,4.15,0
27.5,96.5,2019-07-21,439.0,1.63,286.5,6e-06,0.0,0.0204,0.15,1.8,2.02,5.84,16.08,52.99,116.59,0.487,0.393,5,305.9,1.4,0
24.0,92.0,2015-10-05,70.0,0.41,257.8,1e-06,6.0,0.0204,0.28,0.48,4.53,4.93,16.43,12.83,88.7,0.457,0.29,1,178.9,3.06,0
28.10756941,94.18315697,2017-06-20,535.5,0.72,179.1,0.0,1.0,0.0,0.3,3.0,9.1,24.6,50.3,95.8,228.6,0.425,0.429,2,387.2,4.6,1
24.0,96.5,2018-06-29,102.0,0.04,169.7,0.0,1.0,0.0,0.67,0.97,1.48,7.39,6.76,4.8,32.95,0.324,0.388,1,69.0,4.14,0
25.6623,94.1072,2010-10-10,535.5,0.72,179.1,0.0,1.0,0.0,0.0,0.0,0.0,0.3,6.0,58.6,99.5,0.491,0.5,0,500.0,0.0,1
25.5,95.5,2020-05-27,203.0,1.25,41.2,3e-06,0.0,0.0,0.51,1.7,2.41,3.85,18.72,57.45,125.7,0.364,0.456,4,241.8,4.27,0
25.5,96.5,2022-12-21,309.0,0.82,326.9,1e-06,1.0,0.0,0.06,1.15,3.57,11.28,8.45,31.08,39.66,0.346,0.393,0,77.1,5.27,0
28.5,92.0,2019-12-06,4563.0,0.59,31.8,3e-06,2.0,0.0,0.13,2.27,2.21,0.1,2.68,69.51,109.77,0.479,0.348,2,311.4,2.42,0
25.1333,93.9667,2007-08-31,535.5,0.72,179.1,0.0,1.0,0.0,0.0,0.0,0.4,4.2,5.1,29.3,127.3,0.436,0.442,1,238.0,3.8,1
25.83762589,93.94633448,2017-06-25,535.5,0.72,179.1,0.0,1.0,0.0,0.4,2.8,4.4,7.7,26.0,63.8,129.0,0.505,0.508,2,134.2,4.6,1
29.5,91.5,2023-05-11,4712.0,4.51,187.7,-5e-06,4.0,0.0,0.73,2.6,4.61,8.08,2.46,16.81,109.75,0.482,0.363,1,31.5,1.65,0
22.0,91.5,2012-03-17,0.0,0.52,182.6,1e-06,6.0,0.3265,0.57,2.17,1.26,4.48,0.28,34.83,127.41,0.334,0.478,4,208.8,6.45,0
25.51614662,94.2341227,2011-06-21,535.5,0.72,179.1,0.0,1.0,0.0,0.0,1.5,2.6,18.8,20.3,46.9,117.9,0.499,0.511,0,500.0,0.0,1
24.2315,92.6755,2013-05-07,535.5,0.72,179.1,0.0,1.0,0.0,1.0,1.5,1.7,1.9,8.9,40.6,50.8,0.396,0.385,1,400.5,4.2,1
27.61790706,93.84196894,2017-04-22,535.5,0.72,179.1,0.0,1.0,0.0,0.8,2.9,6.5,9.7,13.2,79.0,99.8,0.427,0.424,1,359.0,4.5,1
23.7131,92.7362,2015-06-19,535.5,0.72,179.1,0.0,1.0,0.0,0.0,0.4,2.3,3.8,5.5,18.7,51.6,0.386,0.365,2,224.4,4.3,1
25.2269,93.1658,2010-06-15,535.5,0.72,179.1,0.0,1.0,0.0,1.1,2.1,3.2,5.3,6.8,18.7,160.5,0.508,0.496,1,182.1,4.4,1
23.5,92.0,2009-09-15,98.0,0.46,271.9,1e-06,1.0,0.0,0.11,2.37,1.08,7.09,19.96,22.62,105.52,0.327,0.303,1,242.1,0.05,0
23.75406693,92.74128531,2010-09-13,535.5,0.72,179.1,0.0,1.0,0.0,0.6,0.8,2.5,3.7,8.3,19.6,44.8,0.417,0.414,2,216.8,5.1,1
25.5,89.0,2012-03-01,33.0,0.03,8.9,-0.0,1.0,0.0204,0.09,1.44,2.69,1.91,13.58,5.12,131.64,0.407,0.331,3,417.9,0.17,0
24.70412149,92.23034662,2017-06-18,535.5,0.72,179.1,0.0,1.0,0.0,1.1,3.5,8.0,18.4,28.8,105.7,267.9,0.478,0.476,0,500.0,0.0,1
27.0,96.5,2020-12-06,1495.0,0.36,313.9,-3e-06,0.0,0.0,0.34,0.6,2.43,1.75,4.29,61.39,115.61,0.301,0.432,4,385.4,5.74,0
25.5,93.5,2018-05-28,527.0,1.16,229.2,1e-06,0.0,0.2041,0.36,1.77,2.92,3.44,16.85,63.69,18.59,0.353,0.403,1,353.1,2.9,0
27.5,96.0,2020-02-07,173.0,1.15,190.0,2e-06,5.0,0.0408,0.55,1.28,2.86,9.68,13.04,31.84,81.25,0.472,0.471,1,166.9,3.75,0
24.0,88.5,2021-08-07,18.0,0.01,32.0,0.0,5.0,0.0,0.5,1.22,5.19,7.8,20.5,68.19,102.59,0.325,0.385,0,76.4,2.48,0
29.0,91.5,2010-05-08,4803.0,0.84,223.8,1e-06,2.0,0.0,0.54,2.17,4.0,0.08,8.2,18.27,83.43,0.412,0.455,3,89.8,0.89,0
25.5,97.5,2011-11-23,182.0,0.3,64.5,2e-06,5.0,0.0,0.09,1.31,1.62,0.74,1.05,66.33,75.96,0.404,0.403,3,445.1,6.47,0
23.0,88.5,2014-06-10,11.0,0.01,28.7,0.0,1.0,0.0,0.15,1.25,4.9,0.75,7.13,62.34,73.36,0.466,0.322,3,489.4,2.17,0
25.4192,94.108,2011-07-29,535.5,0.72,179.1,0.0,1.0,0.0,0.0,0.0,0.1,7.8,14.8,39.8,106.0,0.464,0.466,1,227.7,4.0,1
22.0,89.5,2019-11-17,0.0,0.51,179.9,1e-06,1.0,0.0,0.56,0.52,0.35,1.73,19.96,37.46,49.23,0.316,0.294,4,227.5,0.36,0
23.3439,93.0748,2010-09-13,535.5,0.72,179.1,0.0,1.0,0.0,0.3,1.5,1.7,4.6,7.7,25.3,45.3,0.418,0.414,2,247.8,5.1,1
22.5,91.5,2018-02-14,6.0,0.02,285.8,0.0,1.0,0.1429,0.19,1.07,4.52,6.31,14.02,55.42,19.75,0.426,0.427,4,100.5,0.42,0
27.0,94.5,2015-09-05,89.0,0.63,182.0,1e-06,5.0,0.0,0.28,1.88,4.0,5.08,18.32,25.44,135.15,0.465,0.335,0,376.0,3.93,0
25.0728,92.3636,2015-08-19,535.5,0.72,179.1,0.0,1.0,0.0,4.4,13.9,21.4,36.4,66.2,158.7,260.9,0.499,0.517,2,256.4,4.5,1
28.5,92.0,2022-01-02,4563.0,0.59,31.8,3e-06,2.0,0.0,0.46,2.41,1.51,4.34,17.18,66.67,22.95,0.493,0.48,5,113.2,3.37,0
27.2298,94.0989,2008-06-15,535.5,0.72,179.1,0.0,1.0,0.0,0.0,0.1,0.1,2.5,38.4,86.1,135.0,0.442,0.448,2,132.5,4.3,1
27.4373,90.4678,2015-08-14,535.5,0.72,179.1,0.0,1.0,0.0,3.1,11.5,20.8,30.5,37.4,49.8,100.6,0.43,0.43,1,538.1,4.5,1
25.0,95.0,2012-09-06,130.0,1.5,24.3,3e-06,6.0,0.0,0.57,1.1,0.78,1.25,3.75,16.18,49.75,0.449,0.481,2,121.7,2.25,0
23.5,97.0,2017-09-27,319.0,1.07,216.6,2e-06,0.0,0.0,0.29,0.28,0.03,3.48,8.17,20.62,34.54,0.334,0.386,4,261.1,0.67,0
27.21962595,89.5187916,2010-05-20,535.5,0.72,179.1,0.0,1.0,0.0,0.0,1.2,1.9,10.0,26.8,34.9,38.0,0.397,0.373,0,500.0,0.0,1
28.5,96.5,2014-02-03,4116.0,2.66,34.6,-6e-06,4.0,0.0,0.89,0.33,3.31,2.35,9.21,61.96,76.56,0.389,0.496,3,188.1,2.12,0
29.0,96.0,2022-05-03,3778.0,1.01,220.4,-1e-06,4.0,0.0,0.04,0.21,3.47,6.39,7.19,20.01,103.34,0.36,0.347,1,339.1,1.95,0
25.5,93.5,2017-03-30,527.0,1.16,229.2,1e-06,0.0,0.2041,0.55,0.57,0.71,1.73,16.96,43.24,70.83,0.41,0.391,4,403.0,5.37,0
22.5,94.5,2015-12-16,249.0,0.18,87.0,0.0,2.0,0.0,0.63,1.9,4.47,0.65,1.97,31.71,75.64,0.422,0.356,5,332.4,1.14,0
26.7914,88.363,2009-08-16,535.5,0.72,179.1,0.0,1.0,0.0,1.6,4.7,10.8,15.7,24.0,116.2,196.5,0.434,0.432,1,700.9,5.5,1
25.0,89.5,2020-11-25,19.0,0.01,356.4,0.0,1.0,0.0,0.01,2.32,3.61,3.18,3.67,6.6,80.83,0.484,0.302,3,49.2,4.97,0
26.9435,88.4445,2010-08-17,535.5,0.72,179.1,0.0,1.0,0.0,2.3,5.3,10.2,18.3,35.8,120.3,202.6,0.438,0.434,0,500.0,0.0,1
22.5,92.5,2011-06-14,263.0,0.83,227.1,1e-06,0.0,0.0408,0.5,2.48,4.92,3.25,22.47,38.46,71.85,0.446,0.456,2,89.6,2.48,0
22.5,97.5,2009-01-18,815.0,0.24,113.4,-0.0,0.0,0.0,0.78,2.54,4.11,1.66,3.36,32.53,119.62,0.5,0.466,0,293.1,6.24,0
26.5,93.5,2023-06-12,600.0,0.38,358.5,-2e-06,0.0,0.0204,0.28,1.02,2.48,6.13,10.27,63.38,139.97,0.477,0.378,1,116.4,3.59,0
25.0,93.0,2011-07-14,532.0,0.69,249.5,-1e-06,0.0,0.2653,0.56,1.11,0.89,8.02,19.63,35.27,54.86,0.404,0.308,5,305.6,3.89,0
25.0,90.5,2017-08-06,11.0,0.44,1.4,1e-06,1.0,0.0408,0.38,1.29,2.82,6.02,18.63,28.35,91.98,0.383,0.414,5,407.5,1.43,0
24.0,97.0,2010-06-02,142.0,0.98,297.0,3e-06,1.0,0.0,0.2,2.29,4.21,9.38,3.82,13.7,70.81,0.317,0.36,4,317.1,4.06,0
23.5,88.5,2021-01-07,12.0,0.01,55.0,0.0,1.0,0.0,0.86,1.79,1.01,8.35,6.28,42.16,114.93,0.42,0.502,1,155.2,2.35,0
25.0,91.0,2023-11-10,5.0,0.7,0.1,1e-06,5.0,0.0204,0.38,0.46,5.05,7.46,7.89,29.26,33.97,0.48,0.471,3,304.5,4.47,0
28.0,88.0,2022-03-10,5818.0,3.28,286.6,-1.3e-05,2.0,0.0,0.02,0.82,3.01,3.64,2.23,35.34,106.05,0.338,0.397,5,176.4,4.0,0
27.0,91.0,2020-02-06,1799.0,4.13,353.0,-1e-06,2.0,0.0,0.68,0.74,4.88,1.77,19.81,29.39,18.0,0.469,0.455,5,94.4,5.9,0
25.7131,94.0885,2013-07-17,535.5,0.72,179.1,0.0,1.0,0.0,3.3,4.3,5.6,6.7,76.5,105.4,155.2,0.493,0.502,2,344.2,4.2,1
22.5,92.0,2017-03-25,34.0,0.17,276.7,0.0,1.0,0.1837,0.37,2.3,5.12,4.72,21.99,28.93,139.75,0.479,0.298,1,353.2,6.04,0
26.5,93.0,2019-11-17,87.0,0.48,312.8,1e-06,1.0,0.0408,0.37,2.39,0.86,2.46,11.42,58.46,119.4,0.412,0.439,4,424.6,4.63,0
25.5718,94.1211,2010-08-21,535.5,0.72,179.1,0.0,1.0,0.0,0.0,1.6,2.7,4.2,4.9,33.8,68.5,0.463,0.468,0,500.0,0.0,1
25.5,96.5,2009-06-28,309.0,0.82,326.9,1e-06,1.0,0.0,0.36,2.12,3.94,6.53,1.04,25.65,25.74,0.503,0.492,0,493.2,3.07,0
22.0,97.5,2022-05-17,824.0,0.33,8.7,-1e-06,0.0,0.0,0.16,1.3,5.02,7.09,17.75,25.87,18.16,0.344,0.314,4,488.6,4.02,0
29.2409,95.9761,2012-06-06,535.5,0.72,179.1,0.0,1.0,0.0,1.2,3.1,4.5,6.1,26.6,89.9,147.7,0.429,0.429,1,532.6,4.5,1
22.0,92.5,2019-04-25,677.0,0.79,251.9,-1e-06,1.0,0.0204,0.83,2.24,3.04,6.48,16.1,30.58,32.32,0.299,0.359,4,235.4,4.48,0
27.583849,91.876945,2017-07-11,535.5,0.72,179.1,0.0,1.0,0.0,1.0,3.3,7.2,12.7,22.6,115.2,157.3,0.428,0.428,1,407.6,4.5,1
29.5,97.5,2015-07-09,5098.0,5.59,145.8,-1.2e-05,2.0,0.0,0.62,2.4,0.7,8.03,22.12,14.42,87.05,0.428,0.443,2,285.5,3.79,0
24.5,92.0,2020-02-05,15.0,0.07,217.0,0.0,1.0,0.0612,0.24,2.15,1.78,6.53,12.85,35.13,61.6,0.438,0.299,0,316.8,5.44,0
26.09748244,91.8744337,2016-07-19,535.5,0.72,179.1,0.0,1.0,0.0,0.3,0.8,0.9,0.9,26.0,109.0,190.7,0.523,0.497,1,341.8,4.0,1
22.0,95.5,2010-11-17,95.0,0.42,179.9,1e-06,1.0,0.0204,0.29,1.97,4.27,6.62,1.89,15.27,139.63,0.315,0.459,4,327.3,0.37,0
27.163,94.0,2008-08-14,535.5,0.72,179.1,0.0,1.0,0.0,0.0,0.0,0.0,1.4,8.4,54.0,141.5,0.435,0.442,2,309.2,4.5,1
26.5,92.5,2021-05-31,63.0,0.57,358.5,1e-06,1.0,0.0204,0.15,0.63,3.07,1.51,17.94,45.03,65.74,0.328,0.48,0,13.1,1.17,0
25.0,91.0,2014-07-24,5.0,0.7,0.1,1e-06,5.0,0.0204,0.29,1.51,4.71,6.69,3.39,41.09,18.23,0.5,0.298,3,369.4,3.28,0
26.0,90.5,2021-12-20,99.0,0.39,181.0,0.0,5.0,0.0,0.13,2.0,1.32,4.7,4.54,22.99,55.65,0.489,0.389,1,194.2,5.69,0
22.0,96.0,2019-01-06,138.0,0.81,236.4,2e-06,1.0,0.0204,0.12,0.89,3.92,5.98,9.93,19.19,136.1,0.451,0.335,2,290.2,2.8,0
26.5,92.0,2015-09-18,64.0,0.79,359.8,2e-06,1.0,0.0,0.12,2.01,3.98,1.5,22.52,12.07,85.51,0.296,0.43,3,182.1,1.38,0
29.0,91.5,2022-05-24,4803.0,0.84,223.8,1e-06,2.0,0.0,0.18,1.88,3.05,1.63,15.07,57.91,111.62,0.468,0.448,0,83.7,2.98,0
25.0,88.0,2015-12-18,29.0,0.31,87.9,1e-06,5.0,0.0204,0.2,0.52,0.13,2.77,10.78,59.68,26.9,0.382,0.426,1,362.0,2.5,0
27.1034,93.6885,2011-08-05,535.5,0.72,179.1,0.0,1.0,0.0,1.4,3.4,6.8,14.6,22.7,42.4,59.1,0.507,0.49,0,500.0,0.0,1
26.5,93.0,2020-04-16,87.0,0.48,312.8,1e-06,1.0,0.0408,0.73,0.65,4.21,7.23,22.53,2.86,133.4,0.407,0.312,4,263.0,2.57,0
29.5,91.5,2016-04-11,4712.0,4.51,187.7,-5e-06,4.0,0.0,0.88,1.81,3.58,10.99,15.74,24.81,98.94,0.48,0.358,5,246.2,2.18,0
27.8776,94.25,2013-06-01,535.5,0.72,179.1,0.0,1.0,0.0,0.6,0.8,1.1,2.8,24.3,91.9,117.5,0.421,0.421,0,500.0,0.0,1
24.5,95.0,2012-03-23,182.0,0.24,192.3,0.0,5.0,0.0,0.77,1.6,4.82,4.43,15.87,47.25,118.59,0.48,0.387,0,42.0,0.73,0
28.5,90.5,2014-06-14,5037.0,1.02,197.3,0.0,4.0,0.0,0.12,0.07,3.57,10.98,3.07,26.98,110.96,0.447,0.301,1,94.9,5.74,0
28.0,96.0,2012-05-19,252.0,4.26,344.1,7e-06,0.0,0.0,0.31,0.06,0.55,4.7,21.81,10.26,138.04,0.324,0.357,3,394.3,3.39,0
25.118398,92.853913,2017-04-04,535.5,0.72,179.1,0.0,1.0,0.0,0.0,0.2,3.4,6.2,6.7,16.8,274.2,0.504,0.508,0,500.0,0.0,1
25.52,91.27,2007-09-11,535.5,0.72,179.1,0.0,1.0,0.0,0.0,0.3,0.4,2.7,16.4,98.5,424.0,0.501,0.506,1,315.3,4.2,1
26.0,97.5,2018-09-05,292.0,0.38,351.3,1e-06,0.0,0.0,0.43,2.03,4.63,2.57,21.12,4.22,117.7,0.336,0.421,3,344.2,4.8,0
29.5,94.0,2014-08-10,5108.0,4.3,175.7,-8e-06,2.0,0.0,0.15,1.63,3.61,10.76,0.53,42.95,118.73,0.376,0.4,1,426.7,1.05,0
25.178619,92.012806,2017-03-16,535.5,0.72,179.1,0.0,1.0,0.0,0.0,0.0,0.1,0.1,0.1,0.1,44.9,0.432,0.45,1,531.6,4.4,1
26.1314,91.7548,2014-09-22,535.5,0.72,179.1,0.0,1.0,0.0,0.4,0.4,0.5,9.3,20.9,106.7,129.1,0.495,0.505,3,349.6,4.5,1
29.5,95.0,2015-03-30,3878.0,2.08,118.3,-1e-05,2.0,0.0,0.71,0.93,0.49,1.99,18.3,39.17,49.63,0.298,0.487,0,496.1,1.05,0
25.5,89.5,2019-06-03,24.0,0.03,300.5,0.0,1.0,0.0204,0.59,2.57,1.8,9.45,13.73,64.37,127.12,0.393,0.395,5,298.9,3.64,0
26.026,97.3715,2009-07-04,535.5,0.72,179.1,0.0,1.0,0.0,1.3,3.0,3.8,6.5,18.0,65.7,299.9,0.504,0.498,0,500.0,0.0,1
25.5125,93.3613,2011-06-29,535.5,0.72,179.1,0.0,1.0,0.0,0.0,0.0,0.0,0.2,1.1,12.5,24.4,0.476,0.472,3,217.6,4.7,1
25.5,92.5,2022-05-23,1071.0,0.93,80.8,-3e-06,0.0,0.0408,0.21,0.02,1.97,4.65,12.72,29.03,38.48,0.449,0.374,3,118.1,0.51,0
28.5,88.5,2015-06-15,4870.0,1.37,195.2,-1e-06,2.0,0.0,0.62,0.12,2.01,4.71,17.88,48.59,141.26,0.306,0.45,1,314.1,5.08,0
24.1988,94.1016,2015-08-01,535.5,0.72,179.1,0.0,1.0,0.0,7.2,25.6,51.5,72.0,164.5,330.8,493.5,0.47,0.47,1,456.5,4.4,1
24.6596,93.9784,2008-06-09,535.5,0.72,179.1,0.0,1.0,0.0,0.4,0.7,1.7,10.1,14.6,39.6,43.4,0.392,0.266,2,161.1,4.2,1
29.0,96.0,2014-10-31,3778.0,1.01,220.4,-1e-06,4.0,0.0,0.29,1.56,2.0,0.09,0.58,46.63,90.88,0.464,0.354,4,132.6,0.31,0
25.2193,90.5549,2015-08-19,535.5,0.72,179.1,0.0,1.0,0.0,3.0,7.0,14.7,26.1,50.5,117.4,168.9,0.482,0.49,1,667.5,4.1,1
29.0,94.0,2016-06-17,4628.0,2.93,37.1,-5e-06,2.0,0.0,0.23,0.66,4.28,8.76,13.87,51.28,40.69,0.388,0.468,4,225.0,1.21,0
25.0,96.0,2023-07-15,310.0,0.11,189.7,-0.0,0.0,0.0,0.06,1.65,2.82,2.77,10.49,20.63,136.09,0.439,0.337,2,423.0,5.04,0
23.5,96.0,2012-08-21,79.0,0.02,325.9,0.0,5.0,0.0,0.78,0.47,3.76,4.74,7.03,54.22,74.73,0.426,0.314,1,480.6,0.02,0
23.0,89.5,2018-09-03,3.0,0.01,68.2,0.0,6.0,0.0,0.38,1.54,2.18,1.47,19.51,38.21,138.62,0.317,0.358,1,415.6,4.45,0
25.5,94.0,2017-02-26,1521.0,0.51,260.7,-4e-06,0.0,0.5918,0.87,0.45,5.16,7.44,5.64,5.55,138.7,0.485,0.353,4,228.0,3.75,0
28.611,94.9829,2013-09-02,535.5,0.72,179.1,0.0,1.0,0.0,1.2,3.1,5.6,12.0,30.1,51.3,117.9,0.429,0.426,1,55.6,4.5,1
26.3335,94.5512,2010-06-15,535.5,0.72,179.1,0.0,1.0,0.0,0.7,3.0,6.9,12.0,13.3,41.0,67.9,0.516,0.515,1,200.0,4.4,1
25.203,90.5573,2016-07-19,535.5,0.72,179.1,0.0,1.0,0.0,0.8,0.8,1.4,3.3,38.9,132.3,159.9,0.472,0.471,1,435.0,4.0,1
27.0136,92.6351,2016-07-01,535.5,0.72,179.1,0.0,1.0,0.0,1.7,4.3,8.0,13.9,22.0,63.3,88.4,0.477,0.477,1,482.1,4.7,1
23.7269,92.7265,2015-08-27,535.5,0.72,179.1,0.0,1.0,0.0,0.3,0.7,0.9,4.4,7.6,24.6,67.5,0.417,0.42,1,355.8,3.9,1
25.0,90.0,2009-03-15,22.0,0.04,7.0,0.0,1.0,0.0,0.87,1.51,3.65,7.78,3.53,54.36,49.43,0.399,0.438,2,466.1,6.48,0
26.5,94.5,2012-01-19,716.0,1.9,206.6,1e-06,0.0,0.0816,0.0,1.2,4.22,7.66,8.97,38.92,69.3,0.405,0.498,4,183.4,3.94,0
29.5,89.0,2021-01-05,5361.0,4.51,187.2,-9e-06,4.0,0.0,0.17,1.01,2.24,8.72,18.09,65.35,33.75,0.434,0.417,0,203.7,3.5,0
29.5,89.5,2022-09-02,5223.0,3.63,173.2,-8e-06,4.0,0.0,0.21,2.13,2.58,5.31,0.45,36.86,29.82,0.452,0.424,0,269.3,3.01,0
24.0,90.0,2022-08-16,8.0,0.02,12.3,0.0,1.0,0.0,0.8,0.41,0.53,2.32,4.32,49.4,110.04,0.448,0.346,2,155.7,0.62,0
28.0,90.5,2014-06-11,5377.0,3.27,358.1,-8e-06,2.0,0.0,0.63,1.83,2.09,2.7,7.3,21.51,77.29,0.431,0.356,2,261.3,3.23,0
22.0,91.5,2016-07-07,0.0,0.52,182.6,1e-06,6.0,0.3265,0.49,1.16,0.55,2.99,12.92,51.78,84.53,0.456,0.327,4,78.0,3.69,0
26.5,93.5,2020-08-22,600.0,0.38,358.5,-2e-06,0.0,0.0204,0.74,1.56,1.77,10.84,22.52,18.73,142.25,0.335,0.429,0,402.7,3.76,0
24.0,89.0,2012-03-20,13.0,0.0,72.3,0.0,1.0,0.0,0.49,0.83,0.59,0.74,11.76,3.62,109.84,0.447,0.359,0,80.3,0.67,0
23.0,96.5,2009-07-24,1584.0,1.04,211.0,-5e-06,0.0,0.0,0.67,0.64,0.74,1.16,16.8,39.18,93.2,0.301,0.309,1,257.6,0.17,0
26.8861,88.1704,2016-10-12,535.5,0.72,179.1,0.0,1.0,0.0,4.7,5.0,8.3,33.3,43.6,113.8,144.6,0.421,0.423,5,460.0,4.7,1
26.5,94.0,2021-01-21,102.0,0.7,186.2,2e-06,6.0,0.0,0.12,1.58,4.49,1.1,4.96,69.27,90.67,0.332,0.323,5,489.7,3.58,0
29.0,89.0,2019-10-25,4805.0,0.58,6.5,-1e-06,2.0,0.0,0.05,1.99,3.67,4.86,9.69,11.72,73.66,0.483,0.502,2,182.4,2.23,0
27.0,96.0,2018-01-09,1342.0,0.65,235.3,-3e-06,0.0,0.0,0.07,1.4,3.25,3.14,7.04,36.88,43.6,0.464,0.405,3,297.4,4.96,0
26.1768,91.7702,2016-07-14,535.5,0.72,179.1,0.0,1.0,0.0,0.2,0.2,0.2,6.7,10.0,46.2,133.7,0.503,0.506,1,355.2,4.0,1
25.132228,93.04681,2017-04-04,535.5,0.72,179.1,0.0,1.0,0.0,0.2,0.5,2.8,5.8,6.2,12.7,320.6,0.505,0.493,0,500.0,0.0,1
29.0,96.5,2011-08-03,4043.0,0.16,92.6,-1e-06,4.0,0.0,0.72,0.33,0.28,8.33,12.11,60.18,89.3,0.377,0.43,5,371.4,0.88,0
28.5,97.0,2017-07-08,1794.0,1.12,347.0,1e-05,0.0,0.0,0.81,1.03,1.82,8.74,3.33,5.28,139.92,0.311,0.49,5,135.7,3.11,0
27.0,94.5,2012-06-17,89.0,0.63,182.0,1e-06,5.0,0.0,0.26,2.27,0.66,0.13,14.71,12.14,130.9,0.433,0.501,1,51.5,4.17,0
24.83507319,93.89896294,2017-07-09,535.5,0.72,179.1,0.0,1.0,0.0,0.3,0.9,1.0,1.6,5.1,25.0,127.8,0.431,0.437,1,499.1,4.5,1
26.3333,91.25,2008-10-29,535.5,0.72,179.1,0.0,1.0,0.0,0.0,0.0,0.0,0.0,0.0,69.4,69.7,0.48,0.489,0,500.0,0.0,1
24.5,91.0,2019-10-13,10.0,0.0,168.2,-0.0,1.0,0.0,0.3,0.01,3.55,10.25,18.95,47.51,36.68,0.313,0.4,5,364.6,5.88,0
22.5,89.5,2009-03-21,6.0,0.0,39.8,-0.0,1.0,0.0,0.77,1.72,0.9,4.04,9.94,44.33,130.08,0.314,0.466,1,65.8,2.6,0
27.0,93.5,2020-08-06,661.0,1.11,10.5,0.0,0.0,0.5102,0.76,0.27,1.2,3.69,4.2,29.02,65.8,0.35,0.381,5,273.8,5.23,0
27.4459,88.6193,2007-04-11,535.5,0.72,179.1,0.0,1.0,0.0,0.1,1.8,2.6,7.2,12.8,75.2,148.0,0.412,0.415,3,716.3,4.5,1
27.05909317,93.54235868,2017-06-04,535.5,0.72,179.1,0.0,1.0,0.0,0.1,0.3,0.5,22.4,74.8,101.9,175.8,0.485,0.482,2,302.4,4.1,1
25.0,93.0,2022-01-28,532.0,0.69,249.5,-1e-06,0.0,0.2653,0.73,1.05,3.16,6.47,21.38,30.78,97.55,0.464,0.478,5,155.2,3.59,0
24.5,95.5,2015-05-01,268.0,0.2,209.7,-0.0,2.0,0.0,0.0,1.16,1.71,4.51,18.55,64.16,52.01,0.424,0.298,4,17.4,5.02,0
27.3702,88.7334,2010-09-04,535.5,0.72,179.1,0.0,1.0,0.0,0.7,1.9,2.9,5.4,15.8,45.6,134.2,0.426,0.42,1,688.2,4.7,1
25.0,89.0,2020-08-03,21.0,0.02,13.4,0.0,1.0,0.0,0.69,2.37,4.26,7.74,6.47,52.48,121.16,0.381,0.474,1,76.9,0.72,0
26.5,91.5,2013-02-15,58.0,1.61,359.5,2e-06,1.0,0.0,0.45,0.55,3.7,4.21,19.38,21.28,40.61,0.322,0.414,1,409.0,4.69,0
23.5,89.5,2017-04-09,8.0,0.01,14.0,0.0,1.0,0.0,0.29,1.07,3.48,7.69,10.06,16.02,98.9,0.338,0.366,5,430.5,4.3,0
28.5,96.0,2013-07-23,4116.0,3.91,339.5,-8e-06,4.0,0.0408,0.29,2.44,1.41,1.38,16.44,33.63,112.81,0.398,0.324,3,152.0,6.12,0
29.0,96.5,2010-08-28,4043.0,0.16,92.6,-1e-06,4.0,0.0,0.43,1.54,0.84,1.66,3.22,18.95,19.17,0.469,0.379,1,240.2,0.91,0
29.0,93.0,2012-02-18,3846.0,0.63,305.8,4e-06,4.0,0.0,0.12,0.87,5.07,10.96,7.02,54.03,120.22,0.391,0.325,0,332.7,1.3,0
22.6368,92.1453,2007-06-11,535.5,0.72,179.1,0.0,1.0,0.0,0.0,0.0,0.0,4.0,15.6,30.1,64.4,0.406,0.403,1,608.1,4.2,1
22.5,95.5,2015-03-14,93.0,0.05,49.5,0.0,5.0,0.0,0.7,2.22,1.79,8.9,6.07,2.62,110.56,0.47,0.415,5,249.9,0.97,0
27.201,88.4883,2007-09-07,535.5,0.72,179.1,0.0,1.0,0.0,4.7,9.7,24.4,67.1,86.0,163.1,250.7,0.435,0.436,1,507.3,4.5,1
22.0,92.0,2013-06-16,36.0,0.66,222.2,1e-06,5.0,0.1429,0.66,0.92,3.17,1.72,19.51,37.81,120.06,0.371,0.339,4,91.7,1.03,0
28.5,90.0,2013-02-06,4959.0,1.55,3.2,-0.0,2.0,0.0,0.14,0.68,2.39,1.02,22.54,7.33,138.16,0.408,0.491,2,13.1,0.43,0
22.0,88.0,2020-04-09,3.0,0.61,147.8,1e-06,1.0,0.0,0.87,2.5,4.11,3.0,9.08,49.37,46.77,0.303,0.384,2,203.6,0.98,0
23.5,95.5,2022-11-11,175.0,0.32,43.1,0.0,5.0,0.0,0.59,0.6,3.46,2.08,11.5,32.1,58.21,0.411,0.338,5,496.1,6.34,0
27.0,97.5,2016-09-02,583.0,0.83,76.9,2e-06,0.0,0.0,0.87,0.77,1.05,10.64,10.93,38.51,117.96,0.497,0.384,5,289.5,5.35,0
27.5,90.0,2009-10-13,1537.0,2.39,29.4,7e-06,0.0,0.0,0.11,0.61,3.41,4.09,21.53,4.63,37.23,0.389,0.369,3,383.9,3.73,0
27.0,95.0,2021-03-12,116.0,1.4,195.9,2e-06,1.0,0.0,0.03,2.52,3.7,9.18,13.47,64.03,31.58,0.347,0.433,1,327.0,0.29,0
25.0477,92.801,2010-07-25,535.5,0.72,179.1,0.0,1.0,0.0,0.0,0.0,1.9,1.9,8.2,34.4,95.5,0.496,0.501,1,295.9,4.5,1
26.0,97.5,2021-08-13,292.0,0.38,351.3,1e-06,0.0,0.0,0.58,1.96,0.31,1.31,8.44,2.51,40.37,0.392,0.464,5,52.2,1.21,0
24.6108,92.562,2015-02-19,535.5,0.72,179.1,0.0,1.0,0.0,0.0,0.0,0.0,0.0,0.7,0.7,2.6,0.253,0.261,2,283.2,4.0,1
26.0,95.5,2019-12-30,1084.0,0.52,11.3,-2e-06,0.0,0.0,0.32,0.49,5.01,10.38,9.16,17.83,110.7,0.322,0.448,4,257.3,0.8,0
27.0,93.5,2023-04-15,661.0,1.11,10.5,0.0,0.0,0.5102,0.4,0.32,2.79,6.53,15.0,68.21,58.8,0.448,0.338,2,385.4,4.62,0
28.5,96.0,2012-11-06,4116.0,3.91,339.5,-8e-06,4.0,0.0408,0.1,1.07,4.44,7.47,14.96,44.93,102.15,0.349,0.473,4,472.4,5.19,0
26.5,93.0,2019-07-09,87.0,0.48,312.8,1e-06,1.0,0.0408,0.86,0.67,2.95,10.05,18.47,24.71,102.73,0.405,0.434,5,299.0,4.44,0
25.0,90.0,2017-05-21,22.0,0.04,7.0,0.0,1.0,0.0,0.62,0.89,0.24,4.38,0.77,29.9,79.93,0.492,0.292,0,204.9,2.79,0
27.5,90.5,2011-10-06,1900.0,5.0,341.4,5e-06,1.0,0.0408,0.75,0.98,2.34,8.41,16.79,28.07,74.8,0.378,0.334,3,299.2,0.81,0
26.5,90.5,2021-08-10,64.0,0.75,0.6,1e-06,5.0,0.0,0.56,1.26,2.0,9.75,21.37,24.36,96.8,0.402,0.457,5,373.5,2.49,0
25.0888,92.8551,2011-05-24,535.5,0.72,179.1,0.0,1.0,0.0,1.0,4.6,10.4,16.2,32.5,138.3,221.0,0.508,0.507,0,500.0,0.0,1
23.73478778,92.72124394,2009-10-05,535.5,0.72,179.1,0.0,1.0,0.0,1.7,4.2,6.8,16.4,19.0,62.2,73.2,0.429,0.43,0,500.0,0.0,1
23.0,90.0,2014-04-11,4.0,0.01,5.1,-0.0,1.0,0.0,0.33,0.53,4.49,4.1,10.76,11.44,31.68,0.486,0.367,1,154.4,0.94,0
24.9849,92.8411,2008-05-20,535.5,0.72,179.1,0.0,1.0,0.0,1.0,3.2,5.3,8.0,24.4,49.6,59.9,0.513,0.415,2,226.2,4.4,1
27.5,92.0,2011-03-20,3933.0,4.02,358.3,-7e-06,4.0,0.0,0.07,1.42,1.81,8.2,22.45,16.05,109.88,0.304,0.331,4,358.7,5.8,0
28.0,91.0,2013-05-04,4192.0,1.51,9.1,4e-06,4.0,0.0,0.17,1.9,3.81,4.8,15.79,20.76,43.12,0.379,0.472,4,287.0,2.32,0
24.0,97.5,2009-09-29,1449.0,0.34,223.1,-4e-06,0.0,0.0,0.35,2.59,5.17,3.67,12.37,58.33,51.74,0.482,0.361,1,441.7,0.08,0
25.5,88.0,2010-05-15,33.0,0.31,86.5,1e-06,6.0,0.0,0.5,1.54,3.88,1.98,15.4,39.88,23.58,0.367,0.429,3,395.0,2.07,0
24.0,97.5,2022-02-01,1449.0,0.34,223.1,-4e-06,0.0,0.0,0.47,2.03,4.05,2.21,1.91,59.66,104.28,0.496,0.501,3,105.3,2.07,0
22.5,96.0,2021-03-08,71.0,0.62,270.3,2e-06,1.0,0.0204,0.42,0.5,4.44,9.23,18.79,10.66,115.95,0.347,0.456,3,131.1,6.46,0
24.0,92.5,2018-11-15,731.0,0.73,195.7,-2e-06,0.0,0.0816,0.06,0.14,1.3,10.18,10.63,37.94,81.31,0.318,0.395,2,77.8,6.18,0
24.5,90.5,2016-02-01,11.0,0.01,64.4,0.0,1.0,0.0,0.37,0.28,2.25,6.61,5.94,38.55,89.89,0.423,0.504,3,379.9,2.69,0
23.0,94.5,2012-09-28,240.0,0.1,290.0,0.0,2.0,0.0,0.71,1.43,2.66,7.43,12.12,42.85,137.13,0.484,0.408,2,424.0,2.68,0
26.0,95.5,2013-12-27,1084.0,0.52,11.3,-2e-06,0.0,0.0,0.62,1.66,2.51,10.63,8.14,22.66,39.34,0.433,0.41,2,57.8,0.83,0
24.0,96.0,2017-05-11,153.0,0.31,31.2,0.0,1.0,0.0,0.35,0.24,0.33,8.19,20.36,21.94,58.47,0.346,0.494,4,260.1,0.31,0
25.5,95.5,2018-06-26,203.0,1.25,41.2,3e-06,0.0,0.0,0.89,0.29,0.32,4.21,14.23,26.32,23.69,0.431,0.316,2,290.5,0.03,0
27.2743,92.9064,2011-07-16,535.5,0.72,179.1,0.0,1.0,0.0,1.6,1.8,3.0,3.4,69.6,135.2,196.4,0.465,0.465,1,411.2,4.4,1
24.5,88.5,2019-10-02,24.0,0.01,34.8,-0.0,5.0,0.0,0.86,2.56,0.63,5.53,11.25,48.36,33.89,0.452,0.458,3,255.9,6.0,0
27.1032,93.6884,2011-07-19,535.5,0.72,179.1,0.0,1.0,0.0,2.5,7.1,13.1,17.1,40.1,83.1,179.1,0.505,0.51,1,333.8,4.4,1
29.5,88.0,2020-03-28,5558.0,5.38,207.7,-1.6e-05,2.0,0.0,0.28,0.97,4.57,5.48,3.85,37.82,40.04,0.483,0.292,0,177.8,2.01,0
23.0,95.5,2017-11-26,126.0,0.13,49.0,0.0,6.0,0.0,0.69,0.52,1.74,3.59,22.6,35.2,107.51,0.395,0.349,0,277.1,6.17,0
25.0,88.0,2017-04-14,29.0,0.31,87.9,1e-06,5.0,0.0204,0.62,1.95,3.02,6.73,20.07,54.98,75.02,0.325,0.313,3,481.6,4.75,0
24.5202,92.7239,2016-05-18,535.5,0.72,179.1,0.0,1.0,0.0,1.9,5.9,10.4,17.4,34.2,48.4,93.7,0.419,0.411,2,163.2,4.8,1
26.1445447,94.24416766,2017-07-01,535.5,0.72,179.1,0.0,1.0,0.0,0.5,1.4,3.9,13.5,19.3,38.1,87.2,0.507,0.511,2,246.0,4.6,1
24.0,89.5,2020-09-11,13.0,0.01,27.5,-0.0,1.0,0.0,0.21,1.48,0.54,11.03,22.35,46.87,81.6,0.377,0.466,4,112.9,1.12,0
25.6269,94.1139,2013-07-12,535.5,0.72,179.1,0.0,1.0,0.0,5.0,7.0,10.2,11.8,14.6,21.7,73.3,0.51,0.496,4,78.3,4.3,1
22.84756674,91.95656252,2017-06-18,535.5,0.72,179.1,0.0,1.0,0.0,0.2,0.2,4.4,5.4,8.4,52.5,273.4,0.427,0.426,0,500.0,0.0,1
25.0,88.0,2012-11-18,29.0,0.31,87.9,1e-06,5.0,0.0204,0.6,0.2,4.91,6.49,11.04,42.33,76.86,0.411,0.467,1,160.9,2.64,0
25.6157,96.3167,2014-07-04,535.5,0.72,179.1,0.0,1.0,0.0,0.6,2.2,4.2,8.9,17.8,68.7,184.4,0.514,0.513,1,226.7,4.3,1
26.0,90.0,2016-08-30,36.0,0.05,247.6,0.0,1.0,0.0,0.19,2.49,1.73,10.33,3.05,64.56,95.54,0.295,0.291,1,212.4,5.82,0
27.0,95.5,2010-12-26,680.0,0.99,234.0,-1e-06,0.0,0.0204,0.68,1.6,1.6,2.74,11.62,11.02,87.15,0.413,0.353,3,71.7,4.36,0
28.0,89.5,2015-01-10,4600.0,1.64,21.6,-1e-06,2.0,0.0,0.81,0.05,4.32,3.42,6.37,35.56,106.73,0.315,0.478,1,157.2,4.83,0
26.0,95.0,2011-07-03,1113.0,0.42,102.6,2e-06,1.0,0.0,0.26,0.41,0.02,8.16,16.33,67.91,115.16,0.401,0.312,5,156.2,4.15,0
27.2644,88.1365,2009-08-19,535.5,0.72,179.1,0.0,1.0,0.0,1.4,4.2,6.0,17.2,33.7,153.1,349.1,0.423,0.427,1,436.8,5.0,1
29.5,89.5,2018-08-20,5223.0,3.63,173.2,-8e-06,4.0,0.0,0.35,1.83,1.09,8.5,18.34,6.66,30.61,0.478,0.329,2,106.6,0.74,0
22.0,95.5,2016-07-07,95.0,0.42,179.9,1e-06,1.0,0.0204,0.73,0.71,0.34,8.05,13.08,7.64,75.87,0.37,0.397,4,91.8,1.02,0
25.5,96.0,2018-02-13,231.0,0.68,354.2,1e-06,1.0,0.2245,0.69,2.2,3.35,0.87,5.46,8.75,91.25,0.312,0.351,3,406.1,0.07,0
26.9282,88.4553,2015-07-04,535.5,0.72,179.1,0.0,1.0,0.0,0.8,1.4,5.8,8.1,18.3,119.0,203.1,0.421,0.425,4,196.7,5.1,1
27.0,88.5,2021-10-28,778.0,1.77,17.2,2e-06,1.0,0.4898,0.49,1.28,0.29,0.04,2.0,57.94,97.63,0.395,0.31,1,93.7,1.9,0
24.5,88.5,2020-09-12,24.0,0.01,34.8,-0.0,5.0,0.0,0.75,0.87,1.25,8.97,1.96,26.98,68.1,0.313,0.353,0,170.1,2.13,0
23.4495,92.8112,2015-08-28,535.5,0.72,179.1,0.0,1.0,0.0,0.0,0.0,0.0,4.9,6.7,21.1,47.7,0.411,0.415,0,500.0,0.0,1
22.2092,92.1868,2015-08-20,535.5,0.72,179.1,0.0,1.0,0.0,3.0,3.9,5.0,9.6,30.1,61.8,90.4,0.429,0.428,1,503.9,4.1,1
28.5,96.5,2010-10-15,4116.0,2.66,34.6,-6e-06,4.0,0.0,0.73,1.43,3.05,7.8,6.75,39.65,55.68,0.483,0.452,0,162.8,5.71,0
28.5,90.5,2019-06-01,5037.0,1.02,197.3,0.0,4.0,0.0,0.16,1.85,2.77,5.46,21.68,34.35,92.0,0.429,0.461,5,27.9,1.43,0
26.0,94.5,2010-11-28,1720.0,0.65,201.1,-4e-06,0.0,0.5714,0.18,1.25,2.97,5.02,3.71,24.79,37.36,0.306,0.439,5,276.4,0.14,0
25.6183,96.2964,2015-03-08,535.5,0.72,179.1,0.0,1.0,0.0,0.0,0.0,0.0,0.0,0.0,0.0,0.6,0.255,0.279,0,500.0,0.0,1
27.0096,88.2548,2007-08-29,535.5,0.72,179.1,0.0,1.0,0.0,0.2,1.0,2.3,5.8,16.9,36.7,113.3,0.407,0.41,1,703.4,3.8,1
25.0,89.0,2017-11-27,21.0,0.02,13.4,0.0,1.0,0.0,0.0,0.12,0.4,9.08,12.15,63.03,137.95,0.298,0.477,5,399.4,4.16,0
25.9702,91.8587,2014-10-05,535.5,0.72,179.1,0.0,1.0,0.0,0.0,0.0,0.0,0.0,0.0,0.6,2.3,0.417,0.436,0,500.0,0.0,1
27.1141,88.4658,2011-07-20,535.5,0.72,179.1,0.0,1.0,0.0,2.1,5.1,8.8,50.0,139.0,168.4,377.9,0.433,0.433,1,850.5,4.4,1
23.5,97.0,2020-03-06,319.0,1.07,216.6,2e-06,0.0,0.0,0.84,0.76,3.72,4.7,10.95,34.25,76.07,0.325,0.33,4,259.0,5.72,0
23.0,88.5,2010-01-08,11.0,0.01,28.7,0.0,1.0,0.0,0.85,2.0,1.4,2.38,12.98,44.08,21.45,0.481,0.407,5,478.8,3.14,0
29.5,90.0,2014-07-03,4704.0,5.22,183.6,-2e-06,4.0,0.0,0.2,0.06,2.55,3.71,11.55,36.05,110.33,0.379,0.496,2,402.8,1.67,0
25.0,92.5,2019-10-18,39.0,1.09,342.1,2e-06,1.0,0.1429,0.57,0.52,4.69,9.76,4.95,10.05,98.63,0.363,0.325,2,296.5,2.57,0
24.9786,93.5027,2010-07-29,535.5,0.72,179.1,0.0,1.0,0.0,1.8,2.3,2.8,4.3,4.6,19.6,53.7,0.448,0.441,1,226.9,4.1,1
25.0604,93.9877,2007-09-08,535.5,0.72,179.1,0.0,1.0,0.0,0.2,0.4,1.2,7.4,29.4,108.5,154.8,0.44,0.444,1,263.0,4.2,1
27.0,94.5,2010-09-22,89.0,0.63,182.0,1e-06,5.0,0.0,0.22,1.3,0.5,3.71,6.46,68.54,33.2,0.373,0.491,0,420.1,1.0,0
25.1718,93.123,2009-08-27,535.5,0.72,179.1,0.0,1.0,0.0,0.0,0.0,0.0,0.5,9.1,21.0,115.7,0.484,0.482,0,500.0,0.0,1
25.5,90.0,2017-12-06,71.0,0.27,273.1,0.0,1.0,0.1429,0.45,0.82,2.06,4.02,2.95,47.89,60.01,0.483,0.398,4,405.7,0.98,0
25.5,97.5,2022-04-17,182.0,0.3,64.5,2e-06,5.0,0.0,0.08,1.79,4.59,1.29,3.86,38.71,22.36,0.433,0.381,4,451.7,1.73,0
23.69461107,92.87641207,2017-06-28,535.5,0.72,179.1,0.0,1.0,0.0,4.5,8.8,14.8,15.6,17.4,43.8,84.8,0.427,0.424,1,189.5,4.4,1
25.0,95.5,2021-06-07,182.0,0.14,240.0,0.0,1.0,0.0,0.44,2.11,3.62,5.26,11.43,60.61,73.71,0.438,0.439,5,355.4,2.42,0
23.0,89.5,2014-07-27,3.0,0.01,68.2,0.0,6.0,0.0,0.11,1.99,3.2,8.94,5.13,37.64,75.27,0.387,0.476,3,159.6,4.04,0
22.5,93.0,2010-05-05,972.0,1.28,266.4,1e-06,1.0,0.0,0.32,0.4,2.83,1.21,11.07,23.78,89.08,0.43,0.364,3,369.3,0.14,0
26.4333,94.8833,2010-06-17,535.5,0.72,179.1,0.0,1.0,0.0,3.7,7.4,12.0,15.0,15.6,43.5,112.9,0.471,0.457,1,209.5,4.4,1
24.416,94.0984,2015-08-01,535.5,0.72,179.1,0.0,1.0,0.0,11.4,36.1,62.9,77.0,140.3,262.6,391.9,0.436,0.433,1,437.8,4.4,1
25.8143,90.5763,2014-09-24,535.5,0.72,179.1,0.0,1.0,0.0,0.7,4.3,7.3,10.0,18.2,102.3,151.5,0.512,0.51,2,484.6,4.5,1
28.5,95.5,2020-12-17,2009.0,3.49,329.3,1e-06,0.0,0.0,0.01,0.17,3.54,8.74,19.62,31.02,30.88,0.407,0.441,5,389.9,4.2,0
27.0502,89.9442,2010-07-21,535.5,0.72,179.1,0.0,1.0,0.0,5.7,7.3,7.8,15.3,105.6,344.7,397.6,0.433,0.433,1,646.7,4.6,1
22.90813548,92.47207294,2017-06-09,535.5,0.72,179.1,0.0,1.0,0.0,0.6,3.5,3.6,3.6,14.1,26.6,41.0,0.411,0.391,2,344.0,4.6,1
29.5,92.0,2011-12-12,5164.0,5.15,184.6,-6e-06,4.0,0.0,0.32,0.25,1.94,2.26,10.11,28.58,51.96,0.421,0.308,3,407.4,3.99,0
25.0,92.5,2020-04-26,39.0,1.09,342.1,2e-06,1.0,0.1429,0.56,0.79,2.08,4.19,21.96,40.13,91.92,0.349,0.398,2,440.2,0.86,0
28.5,93.5,2020-05-01,3146.0,4.65,15.1,0.0,2.0,0.0,0.82,0.06,1.19,1.23,5.49,49.42,84.01,0.469,0.349,5,486.5,3.03,0
23.5,92.0,2016-01-10,98.0,0.46,271.9,1e-06,1.0,0.0,0.11,0.79,0.97,7.84,11.59,30.62,35.23,0.375,0.329,5,273.3,5.97,0
25.3098633,94.48214677,2010-07-29,535.5,0.72,179.1,0.0,1.0,0.0,0.0,0.0,0.0,0.8,27.7,42.9,125.3,0.444,0.451,1,228.0,4.1,1
23.0,91.0,2017-11-26,7.0,0.01,344.5,-0.0,1.0,0.0204,0.85,1.88,0.74,1.26,16.66,65.28,84.42,0.469,0.495,4,133.4,5.75,0
29.5,91.5,2016-05-01,4712.0,4.51,187.7,-5e-06,4.0,0.0,0.53,0.61,0.11,0.2,17.77,41.23,18.17,0.391,0.317,3,28.1,3.47,0
26.0101,94.5282,2016-07-26,535.5,0.72,179.1,0.0,1.0,0.0,0.2,0.2,0.5,1.4,1.5,80.4,112.2,0.487,0.487,1,351.6,4.4,1
25.4916,91.2698,2010-06-28,535.5,0.72,179.1,0.0,1.0,0.0,1.0,8.4,14.4,30.9,82.3,198.6,329.5,0.508,0.517,1,386.7,4.0,1
27.593,88.492,2016-08-16,535.5,0.72,179.1,0.0,1.0,0.0,0.4,1.9,4.4,12.7,20.4,47.6,122.0,0.424,0.424,1,844.4,4.5,1
22.3312,91.8252,2012-06-24,535.5,0.72,179.1,0.0,1.0,0.0,1.6,3.3,6.6,11.6,29.7,60.3,77.5,0.28,0.276,0,500.0,0.0,1
25.5,88.0,2010-11-11,33.0,0.31,86.5,1e-06,6.0,0.0,0.84,1.63,3.37,6.55,2.36,33.37,93.89,0.317,0.35,1,55.5,3.21,0
24.9926,93.4946,2013-05-12,535.5,0.72,179.1,0.0,1.0,0.0,0.3,4.5,13.4,17.3,69.8,261.1,562.5,0.451,0.455,1,306.4,4.2,1
22.6239,91.6743,2016-05-21,535.5,0.72,179.1,0.0,1.0,0.0,1.9,3.3,5.6,9.7,44.3,141.5,162.6,0.274,0.265,2,230.4,4.8,1
22.80452414,91.91261915,2017-06-13,535.5,0.72,179.1,0.0,1.0,0.0,0.8,1.6,4.0,23.9,110.4,204.0,233.7,0.428,0.427,1,425.4,4.6,1
24.3311,91.5642,2015-02-09,535.5,0.72,179.1,0.0,1.0,0.0,0.0,0.0,0.0,0.0,0.0,0.0,0.0,0.172,0.21,0,500.0,0.0,1
25.8877,94.7861,2010-07-06,535.5,0.72,179.1,0.0,1.0,0.0,0.4,0.9,1.8,3.2,4.2,39.2,90.7,0.49,0.495,1,206.9,4.4,1
23.5,95.5,2022-05-07,175.0,0.32,43.1,0.0,5.0,0.0,0.23,2.37,4.83,0.76,8.81,29.21,59.34,0.352,0.388,0,395.4,4.05,0
29.0,90.5,2015-04-20,4445.0,0.95,41.4,4e-06,4.0,0.0204,0.29,0.54,4.31,7.43,16.77,14.31,131.45,0.401,0.389,2,423.6,4.23,0
25.1622,92.0104,2016-02-25,535.5,0.72,179.1,0.0,1.0,0.0,0.0,0.3,5.7,12.0,23.0,23.0,33.6,0.461,0.379,0,500.0,0.0,1
24.5,92.5,2009-01-27,75.0,0.76,199.2,1e-06,1.0,0.1429,0.39,1.28,3.23,8.02,0.89,48.78,96.13,0.427,0.34,2,247.3,4.27,0
29.5,94.0,2019-01-03,5108.0,4.3,175.7,-8e-06,2.0,0.0,0.73,0.17,4.34,2.98,20.04,59.57,139.97,0.324,0.335,0,262.6,5.33,0
25.5,88.5,2012-02-25,31.0,0.03,0.0,0.0,1.0,0.0,0.8,0.32,3.91,10.67,3.46,32.31,103.67,0.454,0.291,0,265.1,3.41,0
25.5,96.5,2020-03-17,309.0,0.82,326.9,1e-06,1.0,0.0,0.48,2.17,2.37,11.25,0.85,6.22,118.46,0.303,0.315,5,337.0,2.98,0
24.5,91.0,2022-03-02,10.0,0.0,168.2,-0.0,1.0,0.0,0.13,2.13,4.33,10.5,6.8,40.43,90.15,0.473,0.436,4,172.5,4.91,0
27.1695,88.3664,2016-10-15,535.5,0.72,179.1,0.0,1.0,0.0,0.0,0.0,0.0,2.6,39.8,155.7,273.5,0.414,0.418,3,695.2,4.7,1
26.0,97.0,2019-09-06,413.0,0.61,141.6,1e-06,2.0,0.0408,0.09,1.88,2.39,0.76,1.03,50.32,20.47,0.367,0.313,1,465.7,4.81,0
29.5,93.0,2023-10-13,5074.0,3.5,174.4,-8e-06,4.0,0.0,0.16,1.84,2.68,7.45,5.89,49.44,92.99,0.416,0.416,3,43.1,0.19,0
24.0,89.0,2018-11-05,13.0,0.0,72.3,0.0,1.0,0.0,0.57,2.29,4.05,4.59,0.78,60.8,123.0,0.492,0.391,3,464.0,2.16,0
23.5,94.0,2019-04-07,195.0,1.2,38.5,3e-06,1.0,0.0816,0.33,1.35,0.41,5.22,10.52,4.11,93.88,0.295,0.385,0,402.6,5.47,0
25.61919207,92.7094701,2017-04-29,535.5,0.72,179.1,0.0,1.0,0.0,0.0,0.2,0.2,0.2,0.6,1.6,116.1,0.448,0.455,1,183.1,4.3,1
29.5,89.0,2021-08-03,5361.0,4.51,187.2,-9e-06,4.0,0.0,0.81,0.64,1.76,2.09,20.83,49.64,30.88,0.465,0.391,5,357.0,1.1,0
25.0634,94.3415,2015-07-31,535.5,0.72,179.1,0.0,1.0,0.0,3.7,10.0,11.8,24.4,52.0,119.9,183.5,0.451,0.454,1,405.0,4.4,1
25.0,95.5,2009-11-10,182.0,0.14,240.0,0.0,1.0,0.0,0.1,1.13,3.85,3.54,13.75,36.89,66.91,0.416,0.344,5,223.7,3.38,0
28.0,91.0,2009-10-13,4192.0,1.51,9.1,4e-06,4.0,0.0,0.23,2.48,0.95,4.5,11.74,9.61,120.82,0.367,0.448,5,432.6,5.22,0
25.6167,96.3167,2010-07-15,535.5,0.72,179.1,0.0,1.0,0.0,0.3,2.4,4.2,4.9,14.8,45.0,185.2,0.507,0.507,0,500.0,0.0,1
26.1699,91.7986,2007-07-19,535.5,0.72,179.1,0.0,1.0,0.0,0.2,0.7,1.4,9.5,10.3,70.3,159.0,0.513,0.498,0,500.0,0.0,1
24.0,97.5,2021-10-16,1449.0,0.34,223.1,-4e-06,0.0,0.0,0.76,0.8,3.69,11.15,19.55,3.83,67.86,0.391,0.454,1,173.7,0.05,0
25.195355,93.172758,2017-04-04,535.5,0.72,179.1,0.0,1.0,0.0,0.2,0.4,2.6,5.3,5.5,17.8,288.3,0.5,0.495,0,500.0,0.0,1
22.0,93.0,2011-06-21,1196.0,0.98,300.3,-1e-06,0.0,0.0,0.74,1.98,3.4,0.49,5.64,8.08,35.84,0.426,0.292,0,479.2,0.69,0
25.5,94.5,2016-03-29,1300.0,0.61,1.5,1e-06,0.0,0.102,0.33,0.99,0.36,4.83,12.49,22.17,34.81,0.44,0.348,4,212.7,1.36,0
25.6278,94.1051,2015-08-19,535.5,0.72,179.1,0.0,1.0,0.0,0.8,7.8,12.0,18.4,20.7,30.3,56.3,0.508,0.502,1,364.1,4.1,1
28.5,92.0,2016-07-10,4563.0,0.59,31.8,3e-06,2.0,0.0,0.06,2.5,3.99,1.0,9.3,64.04,70.66,0.411,0.443,1,107.6,5.41,0
23.5,95.5,2011-02-09,175.0,0.32,43.1,0.0,5.0,0.0,0.09,2.09,1.77,5.54,7.97,39.2,102.53,0.348,0.388,2,157.6,2.17,0
25.0,97.0,2013-07-15,164.0,0.18,9.1,2e-06,1.0,0.0,0.3,0.08,3.0,3.17,2.53,33.8,71.13,0.454,0.337,2,305.8,5.13,0
27.5,90.5034,2010-08-23,535.5,0.72,179.1,0.0,1.0,0.0,8.5,14.5,17.2,18.6,30.5,128.1,269.6,0.43,0.429,0,500.0,0.0,1
26.90298048,88.29518925,2017-07-05,535.5,0.72,179.1,0.0,1.0,0.0,0.0,0.0,0.4,5.4,21.1,51.6,193.9,0.416,0.419,2,701.5,4.9,1
27.3341,88.6083,2010-04-17,535.5,0.72,179.1,0.0,1.0,0.0,0.4,2.0,2.6,3.2,3.2,6.9,25.6,0.287,0.288,0,500.0,0.0,1
25.5212,90.232,2007-07-27,535.5,0.72,179.1,0.0,1.0,0.0,1.1,3.9,8.8,16.9,50.2,131.2,196.5,0.486,0.496,1,466.0,4.3,1
25.5,91.0,2018-03-04,686.0,0.79,273.1,-1e-06,1.0,0.0612,0.16,0.35,3.39,8.24,21.86,27.67,131.72,0.389,0.488,3,194.1,4.44,0
28.0,88.5,2011-10-15,5337.0,3.33,9.7,-5e-06,2.0,0.0,0.59,2.32,2.2,5.56,15.6,18.93,32.86,0.353,0.505,0,303.5,2.35,0
26.7223,95.0243,2016-04-19,535.5,0.72,179.1,0.0,1.0,0.0,1.0,1.1,1.1,4.7,23.1,61.8,83.8,0.509,0.499,2,333.7,6.9,1
22.0,89.5,2013-12-23,0.0,0.51,179.9,1e-06,1.0,0.0,0.63,2.25,0.17,0.66,0.4,26.91,133.49,0.495,0.411,5,231.2,2.75,0
26.0,95.5,2020-12-31,1084.0,0.52,11.3,-2e-06,0.0,0.0,0.7,1.22,2.71,5.3,16.65,30.8,140.59,0.462,0.352,0,350.6,3.88,0
24.5,95.0,2015-08-09,182.0,0.24,192.3,0.0,5.0,0.0,0.7,2.02,2.27,6.37,21.79,6.13,97.26,0.299,0.41,1,205.0,0.77,0
28.5,89.0,2016-02-17,4811.0,0.25,232.1,1e-06,2.0,0.0,0.12,1.29,3.03,3.9,2.76,17.15,27.09,0.435,0.353,2,300.4,4.72,0
25.0,94.5,2021-05-27,1133.0,1.24,21.6,-3e-06,0.0,0.0204,0.14,0.84,0.49,0.29,0.28,54.31,37.18,0.424,0.407,0,290.2,0.16,0
26.5,89.0,2012-06-03,69.0,1.15,1.3,1e-06,6.0,0.0612,0.73,2.42,0.33,10.48,8.34,46.16,101.88,0.304,0.294,1,247.1,4.44,0
23.9939,94.0573,2015-08-01,535.5,0.72,179.1,0.0,1.0,0.0,3.9,20.7,49.3,79.5,209.3,471.8,640.6,0.459,0.458,1,471.7,4.4,1
22.5,92.0,2017-10-11,34.0,0.17,276.7,0.0,1.0,0.1837,0.34,2.46,2.67,2.55,14.23,25.07,109.93,0.3,0.385,1,304.8,1.87,0
23.0,97.5,2015-07-12,732.0,0.48,39.7,1e-06,0.0,0.0,0.08,0.23,3.91,10.59,16.89,10.27,64.67,0.474,0.496,4,371.1,2.02,0
29.0,96.5,2021-02-21,4043.0,0.16,92.6,-1e-06,4.0,0.0,0.62,0.53,0.73,7.78,20.38,63.71,72.65,0.485,0.456,5,467.2,5.96,0
24.5,94.5,2013-07-20,190.0,0.67,35.8,3e-06,5.0,0.0,0.68,0.17,4.9,11.14,19.67,35.45,59.18,0.391,0.342,3,390.3,3.95,0
26.0,97.0,2020-06-06,413.0,0.61,141.6,1e-06,2.0,0.0408,0.64,1.65,1.94,0.65,8.75,31.01,49.18,0.395,0.489,2,319.2,4.4,0
23.5,96.0,2017-08-16,79.0,0.02,325.9,0.0,5.0,0.0,0.77,1.95,0.12,8.65,4.66,47.8,73.49,0.478,0.363,0,254.5,4.0,0
22.5,91.5,2023-06-19,6.0,0.02,285.8,0.0,1.0,0.1429,0.33,0.54,1.33,6.97,20.19,32.97,30.95,0.305,0.406,1,394.9,3.15,0
24.5,88.5,2023-07-30,24.0,0.01,34.8,-0.0,5.0,0.0,0.63,1.09,2.37,3.14,19.72,53.55,38.02,0.383,0.349,1,479.0,2.19,0
27.21782272,89.51924545,2010-07-13,535.5,0.72,179.1,0.0,1.0,0.0,1.8,1.8,2.1,5.0,58.2,243.8,335.3,0.421,0.423,1,315.5,4.3,1
27.8122,89.9019,2010-07-22,535.5,0.72,179.1,0.0,1.0,0.0,1.0,2.0,3.0,8.7,19.9,88.6,162.7,0.429,0.427,2,141.9,4.6,1
27.02149311,88.25902123,2017-07-06,535.5,0.72,179.1,0.0,1.0,0.0,0.6,1.6,2.8,4.9,9.9,52.0,202.9,0.42,0.421,2,709.9,4.9,1
23.0,93.5,2018-07-31,2002.0,1.04,142.6,-4e-06,1.0,0.0204,0.72,1.71,3.09,7.24,5.37,39.53,47.86,0.329,0.431,5,482.4,5.13,0
26.8992,88.1667,2009-08-20,535.5,0.72,179.1,0.0,1.0,0.0,0.7,1.3,5.5,8.9,21.5,130.0,281.6,0.421,0.426,1,429.1,5.0,1
28.0,91.5,2012-12-28,5010.0,3.45,351.7,-5e-06,4.0,0.0,0.82,0.89,0.89,6.5,9.16,42.13,128.78,0.341,0.404,5,191.3,1.45,0
24.768609,92.821182,2016-09-01,535.5,0.72,179.1,0.0,1.0,0.0,1.6,2.9,8.0,13.0,19.4,39.8,83.8,0.47,0.471,0,500.0,0.0,1
25.6320357,94.10065403,2017-07-09,535.5,0.72,179.1,0.0,1.0,0.0,1.2,2.5,3.7,5.0,7.4,49.7,219.7,0.501,0.498,1,409.2,4.5,1
27.0736,88.4779,2009-08-20,535.5,0.72,179.1,0.0,1.0,0.0,0.9,3.6,9.3,12.4,24.5,146.9,499.8,0.423,0.428,1,400.3,5.0,1
23.0,88.5,2022-06-01,11.0,0.01,28.7,0.0,1.0,0.0,0.04,1.12,1.7,2.83,2.08,67.23,124.63,0.415,0.495,5,412.5,3.75,0
25.08734272,91.75063827,2017-01-23,535.5,0.72,179.1,0.0,1.0,0.0,0.0,0.0,0.0,0.0,0.0,0.0,0.0,0.231,0.275,3,290.1,4.5,1
27.6558,88.605,2012-09-19,535.5,0.72,179.1,0.0,1.0,0.0,1.4,4.7,10.0,12.4,13.8,104.8,286.3,0.43,0.412,1,36.4,4.6,1
25.5,92.0,2009-11-03,1584.0,0.51,47.8,-4e-06,0.0,0.0204,0.01,1.48,0.57,11.11,6.46,69.07,87.15,0.398,0.493,4,239.3,1.25,0
23.5,97.0,2013-04-08,319.0,1.07,216.6,2e-06,0.0,0.0,0.31,1.26,4.61,3.51,7.43,54.27,30.16,0.501,0.401,1,110.5,0.24,0
25.6263,94.1057,2015-08-20,535.5,0.72,179.1,0.0,1.0,0.0,0.5,4.2,21.4,38.9,40.9,65.0,92.3,0.511,0.51,1,363.9,4.1,1
23.73354779,92.74744512,2017-06-10,535.5,0.72,179.1,0.0,1.0,0.0,0.0,0.0,0.0,0.7,23.9,50.3,63.3,0.425,0.411,1,294.3,4.6,1
29.5,97.5,2018-01-17,5098.0,5.59,145.8,-1.2e-05,2.0,0.0,0.84,1.46,3.39,2.29,13.45,9.38,45.29,0.332,0.411,1,400.5,3.82,0
24.4136,91.7561,2014-05-10,535.5,0.72,179.1,0.0,1.0,0.0,0.2,0.8,1.9,7.1,13.9,129.7,212.4,0.416,0.418,0,500.0,0.0,1
25.70223725,94.04619681,2010-08-13,535.5,0.72,179.1,0.0,1.0,0.0,0.8,8.9,12.6,13.5,22.7,54.2,87.3,0.515,0.511,2,133.4,4.1,1
28.0,95.0,2012-05-04,812.0,1.36,14.7,-1e-06,0.0,0.0612,0.59,0.0,0.2,4.41,3.45,24.66,67.69,0.295,0.443,3,244.3,2.63,0
26.74452462,88.40011959,2009-08-16,535.5,0.72,179.1,0.0,1.0,0.0,1.0,2.7,5.3,15.0,27.0,144.8,209.1,0.434,0.436,1,695.5,5.5,1
24.9336,93.8275,2008-06-19,535.5,0.72,179.1,0.0,1.0,0.0,0.3,0.7,1.3,2.0,6.9,28.6,60.0,0.413,0.41,2,182.4,4.6,1
22.0,96.0,2014-08-28,138.0,0.81,236.4,2e-06,1.0,0.0204,0.35,2.11,2.45,10.92,17.78,60.54,75.15,0.466,0.451,5,217.0,2.05,0
26.0,94.0,2014-06-01,753.0,1.74,212.1,1e-06,0.0,0.1633,0.54,1.22,1.7,6.24,15.97,32.84,96.17,0.314,0.437,4,432.7,5.08,0
23.5,96.0,2022-08-07,79.0,0.02,325.9,0.0,5.0,0.0,0.8,0.36,4.92,3.6,8.92,43.97,125.48,0.419,0.399,4,270.8,4.61,0
24.0,88.0,2021-01-06,25.0,0.31,91.0,1e-06,6.0,0.0,0.36,1.87,1.53,1.82,8.49,30.29,88.39,0.347,0.292,0,380.0,3.42,0
24.0,95.5,2017-08-02,352.0,0.16,53.5,-1e-06,0.0,0.0,0.18,2.23,2.56,3.81,9.94,26.79,37.97,0.33,0.292,1,295.1,5.91,0
22.5,95.0,2014-09-08,129.0,0.19,32.5,0.0,6.0,0.0,0.41,0.31,4.99,7.48,0.25,42.69,61.52,0.373,0.355,4,298.9,3.11,0
24.4265,94.1913,2015-08-01,535.5,0.72,179.1,0.0,1.0,0.0,3.4,11.9,22.5,34.0,96.4,250.5,446.1,0.43,0.43,1,443.2,4.4,1
27.3765,88.7628,2013-06-27,535.5,0.72,179.1,0.0,1.0,0.0,0.4,2.3,4.8,13.3,24.4,83.6,192.5,0.427,0.427,0,500.0,0.0,1
26.66354481,94.62220277,2017-06-24,535.5,0.72,179.1,0.0,1.0,0.0,0.1,2.2,2.6,9.1,9.1,24.4,114.0,0.494,0.499,2,235.4,4.6,1
26.0,94.0,2015-08-24,753.0,1.74,212.1,1e-06,0.0,0.1633,0.69,0.06,1.41,3.31,9.47,32.54,55.7,0.302,0.313,5,27.9,4.8,0
26.7903,88.11,2016-08-09,535.5,0.72,179.1,0.0,1.0,0.0,0.0,0.0,0.0,0.0,1.0,20.8,47.2,0.398,0.404,0,500.0,0.0,1
25.0,91.5,2012-12-06,10.0,1.71,359.8,2e-06,6.0,0.1224,0.08,0.25,3.84,7.15,9.79,20.95,142.04,0.439,0.342,5,412.0,3.7,0
24.79591421,93.72386429,2017-03-30,535.5,0.72,179.1,0.0,1.0,0.0,12.4,40.9,53.7,62.6,88.2,95.2,102.8,0.438,0.391,2,133.7,4.5,1
25.0,96.5,2021-06-05,211.0,0.19,29.9,0.0,1.0,0.0,0.87,1.76,1.3,6.27,17.81,22.96,69.66,0.312,0.427,1,393.6,0.93,0
28.5,91.0,2016-07-27,5423.0,0.4,335.2,-3e-06,4.0,0.0,0.61,2.58,1.65,0.12,0.21,7.02,70.24,0.405,0.438,2,117.5,1.84,0
24.5,95.5,2015-02-20,268.0,0.2,209.7,-0.0,2.0,0.0,0.01,0.98,5.12,4.28,2.39,64.79,40.08,0.447,0.355,3,56.8,2.27,0
27.04768643,93.61899644,2017-06-30,535.5,0.72,179.1,0.0,1.0,0.0,0.9,2.3,8.1,12.5,15.0,28.1,71.0,0.504,0.515,1,359.0,4.4,1
25.0,94.0,2021-02-11,832.0,0.77,354.8,1e-06,0.0,0.551,0.04,1.23,2.5,1.06,19.11,59.17,66.27,0.312,0.418,0,384.7,4.34,0
27.1761,88.5287,2009-08-20,535.5,0.72,179.1,0.0,1.0,0.0,0.9,3.6,9.3,12.4,24.5,146.9,499.8,0.423,0.428,1,397.0,5.0,1
23.0,91.5,2017-07-10,6.0,0.05,319.4,0.0,1.0,0.0204,0.09,2.2,3.19,9.12,16.55,38.56,142.2,0.374,0.409,5,313.1,5.6,0
27.167,88.3652,2010-08-20,535.5,0.72,179.1,0.0,1.0,0.0,0.1,0.5,1.9,3.8,28.3,99.2,265.2,0.418,0.423,0,500.0,0.0,1
27.5,91.0,2016-08-06,3987.0,2.49,358.2,-8e-06,4.0,0.0,0.62,1.9,4.75,1.58,12.5,23.2,69.01,0.471,0.386,0,169.9,3.95,0
24.4072,94.0644,2015-08-01,535.5,0.72,179.1,0.0,1.0,0.0,11.4,36.1,62.9,77.0,140.3,262.6,391.9,0.436,0.433,1,436.3,4.4,1
29.5,94.5,2014-06-05,4324.0,1.86,154.5,-8e-06,2.0,0.0,0.45,0.18,4.33,8.62,12.0,50.66,141.06,0.331,0.453,0,487.1,0.64,0
28.0,94.0,2018-03-24,1741.0,1.08,354.2,-1e-06,0.0,0.0204,0.89,1.44,5.26,0.86,2.4,54.08,59.33,0.389,0.344,4,31.9,0.17,0
24.0,92.0,2021-06-12,70.0,0.41,257.8,1e-06,6.0,0.0204,0.15,0.75,0.99,9.51,14.05,60.74,139.47,0.396,0.331,3,482.3,3.29,0
29.0,95.5,2021-02-10,3034.0,1.6,251.1,-4e-06,4.0,0.0204,0.43,1.28,4.81,0.87,4.0,53.85,81.79,0.46,0.357,3,29.8,2.83,0
23.7118,90.4077,2011-07-19,535.5,0.72,179.1,0.0,1.0,0.0,0.8,0.8,1.0,4.3,12.5,25.8,39.9,0.432,0.419,1,768.2,4.4,1
27.05880384,93.54136779,2017-06-21,535.5,0.72,179.1,0.0,1.0,0.0,0.0,0.7,2.0,3.1,5.6,18.4,130.9,0.488,0.496,2,273.3,4.6,1
25.4191,94.1079,2011-07-07,535.5,0.72,179.1,0.0,1.0,0.0,0.0,0.5,1.5,6.4,7.5,36.0,122.0,0.457,0.463,0,500.0,0.0,1
25.48,94.1383,2016-07-25,535.5,0.72,179.1,0.0,1.0,0.0,0.9,3.6,6.4,9.1,16.7,43.5,82.9,0.513,0.515,1,296.1,4.4,1
27.54295099,88.59676956,2017-05-26,535.5,0.72,179.1,0.0,1.0,0.0,1.6,2.3,3.4,5.2,8.5,26.2,73.7,0.416,0.411,1,156.3,4.4,1
27.0165,88.2476,2015-06-13,535.5,0.72,179.1,0.0,1.0,0.0,1.2,3.3,5.7,22.9,33.5,108.4,223.6,0.426,0.424,1,800.5,4.2,1
27.0605,88.255,2011-09-25,535.5,0.72,179.1,0.0,1.0,0.0,0.3,2.0,4.3,9.1,25.9,44.3,104.4,0.426,0.427,7,37.9,6.9,1
25.0,94.5,2021-03-02,1133.0,1.24,21.6,-3e-06,0.0,0.0204,0.31,2.24,2.89,10.76,0.73,31.44,134.75,0.375,0.357,3,226.9,0.23,0
27.0,97.0,2017-11-21,1738.0,2.28,15.1,-2e-06,0.0,0.0,0.73,2.08,4.39,0.68,22.45,27.6,90.02,0.504,0.497,2,397.2,3.2,0
25.7902,94.1318,2016-07-10,535.5,0.72,179.1,0.0,1.0,0.0,0.1,0.5,1.0,2.9,3.7,15.7,126.1,0.481,0.486,2,151.3,4.5,1
26.8905,88.2789,2007-08-02,535.5,0.72,179.1,0.0,1.0,0.0,0.6,1.6,2.1,4.1,16.6,44.6,299.6,0.423,0.425,2,609.4,4.8,1
28.5,91.5,2018-05-31,5297.0,0.6,111.1,-2e-06,4.0,0.0,0.1,0.39,2.99,6.58,21.88,9.19,31.1,0.458,0.459,4,441.3,5.71,0
22.0,92.5,2018-11-22,677.0,0.79,251.9,-1e-06,1.0,0.0204,0.28,0.39,3.65,4.64,17.58,64.45,129.35,0.449,0.302,1,264.2,3.65,0
26.89,88.47,2009-06-17,535.5,0.72,179.1,0.0,1.0,0.0,4.1,11.4,16.4,17.7,19.1,24.4,35.2,0.427,0.371,0,500.0,0.0,1
26.8073,88.3162,2010-06-16,535.5,0.72,179.1,0.0,1.0,0.0,1.2,4.3,5.4,9.7,12.1,22.8,64.1,0.427,0.406,1,697.4,4.4,1
29.0,91.0,2017-10-27,4544.0,1.27,190.6,1e-06,4.0,0.0,0.34,1.0,2.51,3.52,11.85,38.19,130.69,0.471,0.496,5,418.5,4.62,0
27.5,96.5,2010-11-30,439.0,1.63,286.5,6e-06,0.0,0.0204,0.12,0.25,2.75,8.66,13.45,34.33,88.47,0.41,0.454,0,316.2,0.21,0
25.3056,93.1265,2012-06-03,535.5,0.72,179.1,0.0,1.0,0.0,0.0,0.3,0.3,1.9,8.3,105.1,134.6,0.491,0.498,2,216.1,4.5,1
29.0,90.5,2010-04-30,4445.0,0.95,41.4,4e-06,4.0,0.0204,0.61,0.25,0.01,11.13,0.3,24.46,56.8,0.463,0.412,2,431.1,6.21,0
25.0,88.0,2021-06-16,29.0,0.31,87.9,1e-06,5.0,0.0204,0.39,0.99,0.77,10.84,3.4,56.71,40.19,0.399,0.505,5,263.3,4.68,0
22.3496,91.8138,2015-09-21,535.5,0.72,179.1,0.0,1.0,0.0,1.0,3.5,7.5,13.7,18.0,53.7,56.0,0.278,0.267,3,243.3,4.7,1
24.819,94.3551,2015-07-31,535.5,0.72,179.1,0.0,1.0,0.0,3.1,10.2,19.3,35.5,69.4,147.0,269.9,0.43,0.43,1,423.9,4.4,1
25.0318,92.4584,2015-03-19,535.5,0.72,179.1,0.0,1.0,0.0,0.0,0.0,0.0,0.0,0.0,0.1,0.1,0.241,0.263,1,238.2,4.3,1
24.5,96.5,2022-02-05,150.0,0.29,293.0,1e-06,1.0,0.0,0.04,1.33,1.78,5.1,9.82,27.2,81.29,0.352,0.294,3,124.6,4.19,0
24.5,95.5,2020-08-26,268.0,0.2,209.7,-0.0,2.0,0.0,0.61,0.02,3.67,9.23,22.41,30.89,34.5,0.309,0.372,5,404.9,0.67,0
28.0,91.0,2015-02-17,4192.0,1.51,9.1,4e-06,4.0,0.0,0.54,2.18,2.01,3.97,14.34,41.86,82.93,0.304,0.449,4,44.3,0.58,0
27.5161,88.5575,2011-09-30,535.5,0.72,179.1,0.0,1.0,0.0,0.0,1.5,2.0,2.9,4.5,7.8,76.0,0.386,0.386,1,650.2,4.4,1
29.0,88.0,2017-06-03,5088.0,2.69,300.2,-8e-06,2.0,0.0,0.55,0.4,4.8,5.42,3.92,36.73,60.05,0.48,0.477,5,57.0,3.34,0
22.0,94.0,2022-11-24,386.0,1.14,95.3,2e-06,1.0,0.0,0.8,1.46,4.83,2.5,1.45,57.94,134.04,0.358,0.378,1,32.2,0.24,0
25.0,90.0,2018-10-26,22.0,0.04,7.0,0.0,1.0,0.0,0.13,2.13,4.44,1.93,0.42,9.22,55.24,0.407,0.374,0,339.0,0.07,0
27.6438,93.871,2016-06-12,535.5,0.72,179.1,0.0,1.0,0.0,0.2,0.3,0.3,11.2,11.6,37.9,139.7,0.415,0.419,2,246.5,4.5,1
26.1028,91.8806,2015-08-22,535.5,0.72,179.1,0.0,1.0,0.0,0.0,0.0,0.0,0.0,1.2,132.9,283.8,0.487,0.501,2,162.2,4.1,1
25.3179,94.0462,2010-10-09,535.5,0.72,179.1,0.0,1.0,0.0,1.9,8.1,12.6,19.7,29.5,65.9,78.1,0.459,0.459,0,500.0,0.0,1
22.0,94.5,2009-08-29,231.0,0.31,148.4,0.0,0.0,0.0,0.53,0.87,2.19,6.21,19.0,37.73,19.26,0.439,0.361,5,354.4,1.72,0
29.5,88.5,2018-06-18,4353.0,3.71,178.0,-3e-06,4.0,0.0,0.04,2.33,4.69,2.44,18.58,35.37,33.24,0.368,0.478,3,245.8,2.01,0
22.0,97.5,2017-06-01,824.0,0.33,8.7,-1e-06,0.0,0.0,0.79,0.67,2.82,0.55,22.56,47.03,101.27,0.299,0.439,3,227.7,0.8,0
28.0,90.5,2010-07-10,5377.0,3.27,358.1,-8e-06,2.0,0.0,0.32,0.5,4.87,1.88,22.5,12.27,108.64,0.351,0.294,1,319.0,2.41,0
28.0,90.0,2020-07-07,4023.0,3.6,351.9,1e-06,4.0,0.0,0.89,0.19,0.87,7.08,9.39,44.58,137.65,0.468,0.377,3,31.0,2.08,0
29.0,95.0,2013-06-09,1446.0,2.67,347.0,6e-06,0.0,0.0,0.14,0.82,1.3,8.34,17.3,35.23,95.74,0.455,0.404,5,439.2,4.4,0
26.0,97.5,2015-12-17,292.0,0.38,351.3,1e-06,0.0,0.0,0.87,1.82,2.07,6.72,21.27,23.3,65.81,0.461,0.465,5,354.4,6.16,0
29.0,88.0,2010-03-17,5088.0,2.69,300.2,-8e-06,2.0,0.0,0.02,1.03,4.04,0.94,5.96,12.9,101.44,0.48,0.356,1,371.4,2.88,0
28.4298,95.8776,2010-05-31,535.5,0.72,179.1,0.0,1.0,0.0,0.6,0.9,1.4,3.0,3.7,13.2,51.9,0.421,0.427,0,500.0,0.0,1
26.1407,91.7645,2014-06-26,535.5,0.72,179.1,0.0,1.0,0.0,2.5,8.5,15.5,22.9,27.8,36.6,216.0,0.514,0.518,2,414.6,4.1,1
24.0,96.0,2022-10-02,153.0,0.31,31.2,0.0,1.0,0.0,0.8,0.36,4.07,3.33,15.59,26.79,87.09,0.362,0.462,4,264.9,0.76,0
27.1748,88.6458,2012-06-07,535.5,0.72,179.1,0.0,1.0,0.0,0.1,0.1,0.4,0.4,1.8,4.7,101.9,0.316,0.309,1,823.2,4.5,1
29.0,95.5,2014-12-26,3034.0,1.6,251.1,-4e-06,4.0,0.0204,0.68,0.34,2.23,7.47,13.15,65.4,21.96,0.485,0.372,0,399.2,6.37,0
24.004,93.9815,2015-08-01,535.5,0.72,179.1,0.0,1.0,0.0,3.9,20.7,49.3,79.5,209.3,471.8,640.6,0.459,0.458,1,466.1,4.4,1
25.5,97.0,2013-08-06,919.0,0.27,17.7,-3e-06,0.0,0.0204,0.85,1.7,4.82,4.62,0.25,57.92,65.87,0.471,0.33,3,134.2,0.07,0
29.5,93.5,2013-06-18,4826.0,4.51,180.3,-5e-06,4.0,0.0,0.14,1.98,2.85,8.8,12.04,2.48,59.09,0.299,0.491,2,127.3,1.57,0
26.19037705,91.77306002,2017-07-10,535.5,0.72,179.1,0.0,1.0,0.0,1.0,3.1,8.7,15.7,24.3,89.6,241.9,0.498,0.516,1,499.4,4.5,1
29.5,89.5,2022-04-21,5223.0,3.63,173.2,-8e-06,4.0,0.0,0.33,1.69,2.0,4.96,11.54,42.06,138.57,0.315,0.353,2,33.7,3.36,0
22.0,92.5,2009-09-03,677.0,0.79,251.9,-1e-06,1.0,0.0204,0.48,1.78,0.64,10.62,18.64,64.39,35.77,0.32,0.369,4,228.9,5.95,0
27.3383,88.6069,2007-05-23,535.5,0.72,179.1,0.0,1.0,0.0,1.3,3.3,5.7,10.1,12.4,27.8,72.7,0.355,0.278,2,36.6,4.9,1
24.30415689,93.18182448,2017-06-27,535.5,0.72,179.1,0.0,1.0,0.0,0.5,2.5,6.3,11.5,15.8,56.0,92.0,0.428,0.421,1,159.8,4.4,1
22.0,95.0,2015-07-12,139.0,0.4,167.1,1e-06,1.0,0.0,0.24,0.56,4.49,4.62,12.76,24.21,104.02,0.381,0.465,3,205.4,5.93,0
24.0,88.5,2021-11-13,18.0,0.01,32.0,0.0,5.0,0.0,0.13,2.12,1.09,7.83,1.87,30.67,31.9,0.4,0.298,0,292.0,1.66,0
23.5397,93.3783,2016-07-28,535.5,0.72,179.1,0.0,1.0,0.0,0.0,0.0,0.0,3.0,3.1,29.2,58.3,0.407,0.409,0,500.0,0.0,1
25.5,91.5,2015-05-06,1648.0,0.59,274.1,-6e-06,0.0,0.2245,0.63,1.18,3.63,10.44,17.87,44.55,102.25,0.491,0.381,4,120.2,0.97,0
26.0,89.0,2023-06-09,49.0,0.04,20.9,-0.0,5.0,0.0,0.71,0.1,4.18,4.69,18.44,53.0,46.9,0.448,0.363,1,274.3,5.89,0
26.5,88.0,2013-11-19,120.0,2.01,7.6,3e-06,1.0,0.9796,0.38,1.56,1.69,4.1,2.41,62.04,140.55,0.454,0.358,4,270.9,1.46,0
26.8826,88.2788,2009-07-22,535.5,0.72,179.1,0.0,1.0,0.0,0.2,0.6,0.6,3.3,8.5,14.5,57.2,0.399,0.396,0,500.0,0.0,1
23.5,92.5,2012-09-07,750.0,0.75,326.3,-2e-06,2.0,0.3878,0.47,2.16,0.05,4.7,3.42,6.96,142.69,0.36,0.33,5,56.0,2.98,0
22.5,95.0,2021-07-30,129.0,0.19,32.5,0.0,6.0,0.0,0.64,0.53,5.18,2.7,2.59,34.67,137.85,0.416,0.497,1,379.1,4.95,0
27.5,90.5,2014-11-04,1900.0,5.0,341.4,5e-06,1.0,0.0408,0.33,0.53,3.73,7.52,22.18,12.41,75.0,0.499,0.405,0,461.0,2.63,0
29.5,90.0,2010-07-08,4704.0,5.22,183.6,-2e-06,4.0,0.0,0.53,2.19,4.78,1.42,11.55,26.38,79.23,0.425,0.329,1,400.5,0.39,0
22.3475,91.8123,2014-02-03,535.5,0.72,179.1,0.0,1.0,0.0,0.0,0.0,0.0,0.0,0.0,0.0,0.0,0.106,0.141,3,269.0,5.1,1
29.0,94.0,2009-06-24,4628.0,2.93,37.1,-5e-06,2.0,0.0,0.6,0.5,4.34,2.65,1.04,14.53,123.52,0.336,0.353,0,334.2,1.47,0
22.5,96.0,2023-02-26,71.0,0.62,270.3,2e-06,1.0,0.0204,0.05,0.18,0.17,3.73,11.67,21.2,79.74,0.408,0.446,4,292.3,1.58,0
23.0,90.0,2016-08-31,4.0,0.01,5.1,-0.0,1.0,0.0,0.17,1.04,0.75,8.89,8.43,28.13,56.26,0.388,0.313,1,16.6,5.66,0
28.5,91.0,2015-09-19,5423.0,0.4,335.2,-3e-06,4.0,0.0,0.51,1.76,2.93,0.21,13.1,24.79,134.91,0.462,0.303,1,147.4,0.2,0
25.5,95.0,2011-09-26,1496.0,1.25,34.9,-4e-06,2.0,0.0,0.04,1.09,4.19,5.17,2.53,63.41,94.0,0.298,0.401,1,362.1,1.89,0
29.5,88.0,2017-06-09,5558.0,5.38,207.7,-1.6e-05,2.0,0.0,0.78,0.57,1.03,5.31,11.0,15.05,81.19,0.322,0.427,0,475.9,5.57,0
25.5,89.5,2014-07-30,24.0,0.03,300.5,0.0,1.0,0.0204,0.33,1.61,3.48,5.37,9.38,15.1,143.87,0.496,0.465,0,320.6,5.68,0
25.0,91.5,2015-03-17,10.0,1.71,359.8,2e-06,6.0,0.1224,0.4,0.12,2.42,11.2,5.98,55.9,44.39,0.456,0.408,2,372.9,4.9,0
23.0,89.5,2023-10-05,3.0,0.01,68.2,0.0,6.0,0.0,0.54,1.78,1.39,2.27,7.69,18.57,34.73,0.497,0.504,3,487.3,1.21,0
25.5098,93.8794,2015-07-22,535.5,0.72,179.1,0.0,1.0,0.0,1.1,2.0,3.2,10.9,31.4,81.4,179.3,0.468,0.464,1,166.2,4.2,1
27.0,92.5,2011-10-02,732.0,2.28,11.7,1e-06,0.0,0.0612,0.84,1.74,3.55,8.24,6.87,50.21,132.27,0.432,0.368,3,103.8,0.43,0
24.0,94.0,2022-06-09,1048.0,0.67,23.5,-2e-06,1.0,0.2041,0.63,0.01,2.36,3.55,0.9,41.18,101.16,0.313,0.345,0,51.5,0.81,0
25.5,89.0,2012-03-31,33.0,0.03,8.9,-0.0,1.0,0.0204,0.08,2.59,0.96,4.35,7.25,30.99,106.38,0.381,0.461,2,77.7,6.14,0
24.8286,93.5935,2011-05-31,535.5,0.72,179.1,0.0,1.0,0.0,0.9,5.8,9.8,17.4,29.2,68.0,100.9,0.427,0.427,1,114.6,4.0,1
27.0,92.0,2022-12-03,1102.0,4.06,7.9,3e-06,1.0,0.0408,0.67,2.41,1.25,1.84,18.14,14.37,70.38,0.332,0.49,3,403.1,5.62,0
29.0,94.0,2015-04-30,4628.0,2.93,37.1,-5e-06,2.0,0.0,0.5,1.58,4.73,1.93,21.47,28.68,61.78,0.45,0.499,4,280.3,5.73,0
29.5,96.5,2020-10-22,4109.0,3.9,199.1,-4e-06,2.0,0.0,0.23,0.92,4.2,0.89,21.76,33.36,48.72,0.441,0.354,0,330.3,5.58,0
26.10035658,91.87351723,2017-07-03,535.5,0.72,179.1,0.0,1.0,0.0,0.6,6.5,9.3,18.9,22.3,161.2,266.3,0.515,0.518,3,344.0,4.9,1
28.5,89.5,2011-02-20,5172.0,0.67,188.3,-3e-06,4.0,0.0,0.12,1.95,2.17,0.67,6.3,46.62,107.4,0.322,0.321,2,416.0,4.95,0
26.5,97.0,2014-05-13,462.0,1.4,350.9,1e-06,0.0,0.0,0.19,1.59,0.4,1.72,14.24,35.96,120.63,0.324,0.478,4,435.1,5.18,0
24.9007,91.8644,2016-02-16,535.5,0.72,179.1,0.0,1.0,0.0,0.0,0.0,0.0,0.0,0.0,0.0,9.3,0.297,0.295,1,357.1,3.7,1
26.0319,94.5466,2015-06-24,535.5,0.72,179.1,0.0,1.0,0.0,0.4,2.3,7.4,24.1,32.9,78.2,111.9,0.5,0.514,0,500.0,0.0,1
23.0,90.5,2023-08-15,2.0,0.0,328.0,0.0,5.0,0.0,0.53,0.74,3.66,8.95,10.8,10.99,35.9,0.351,0.387,1,469.7,3.97,0
25.1416,92.3807,2015-08-19,535.5,0.72,179.1,0.0,1.0,0.0,3.4,10.0,16.7,27.8,57.0,120.7,187.4,0.515,0.516,2,256.3,4.5,1
27.0,95.5,2010-06-12,680.0,0.99,234.0,-1e-06,0.0,0.0204,0.06,0.65,0.2,8.47,10.02,27.66,98.42,0.301,0.327,0,352.4,2.45,0
27.5,97.5,2015-01-04,719.0,3.47,22.9,6e-06,0.0,0.0,0.84,1.39,3.24,8.69,9.85,40.58,97.84,0.404,0.368,1,127.8,4.85,0
26.0,92.5,2009-10-05,182.0,1.06,170.7,1e-06,1.0,0.0,0.86,1.8,1.21,9.51,9.83,50.89,109.37,0.347,0.499,5,73.7,5.74,0
25.0,96.5,2011-01-14,211.0,0.19,29.9,0.0,1.0,0.0,0.46,0.55,1.15,2.95,20.91,37.27,98.4,0.394,0.39,2,192.4,2.46,0
27.0,97.0,2018-01-25,1738.0,2.28,15.1,-2e-06,0.0,0.0,0.39,0.21,0.13,1.18,12.74,43.51,56.75,0.503,0.456,5,352.5,3.43,0
23.5,88.5,2014-08-26,12.0,0.01,55.0,0.0,1.0,0.0,0.76,2.02,2.1,1.68,13.33,54.52,126.4,0.352,0.484,0,417.9,1.07,0
25.7658,93.9413,2013-07-17,535.5,0.72,179.1,0.0,1.0,0.0,3.3,4.3,5.6,6.7,76.5,105.4,155.2,0.493,0.502,2,328.6,4.2,1
26.1049,91.7369,2012-06-25,535.5,0.72,179.1,0.0,1.0,0.0,0.4,2.2,6.2,33.6,36.0,172.8,379.4,0.513,0.511,0,500.0,0.0,1
23.0,90.0,2015-04-04,4.0,0.01,5.1,-0.0,1.0,0.0,0.79,0.63,2.45,6.9,8.6,4.38,126.55,0.333,0.335,2,176.8,5.72,0
26.1062,91.8717,2015-07-25,535.5,0.72,179.1,0.0,1.0,0.0,0.0,0.0,0.0,5.7,17.1,171.4,314.0,0.494,0.504,1,295.4,4.2,1
25.5,89.5,2010-04-25,24.0,0.03,300.5,0.0,1.0,0.0204,0.73,1.23,1.89,6.6,5.29,13.2,49.32,0.345,0.405,5,37.4,6.48,0
24.5204,92.7264,2016-05-18,535.5,0.72,179.1,0.0,1.0,0.0,1.9,5.9,10.4,17.4,34.2,48.4,93.7,0.419,0.411,2,163.0,4.8,1
25.5,94.0,2011-06-05,1521.0,0.51,260.7,-4e-06,0.0,0.5918,0.43,0.87,1.46,3.67,6.29,46.64,139.52,0.431,0.33,4,385.1,5.85,0
27.5,94.5,2015-02-05,111.0,1.28,61.1,3e-06,5.0,0.0,0.75,1.79,2.53,4.77,20.1,13.68,34.55,0.447,0.502,1,60.8,5.92,0
27.0,96.0,2012-10-07,1342.0,0.65,235.3,-3e-06,0.0,0.0,0.21,2.1,1.03,8.05,1.54,9.28,122.24,0.332,0.316,3,281.2,2.4,0
29.0,89.5,2014-07-08,3966.0,0.46,276.6,6e-06,2.0,0.0,0.16,0.06,4.45,10.29,0.49,48.07,66.1,0.46,0.313,1,159.5,1.56,0
26.048,91.8695,2015-09-05,535.5,0.72,179.1,0.0,1.0,0.0,0.0,0.0,0.0,2.6,35.8,151.9,502.1,0.507,0.508,3,338.6,4.5,1
29.5,93.0,2019-10-15,5074.0,3.5,174.4,-8e-06,4.0,0.0,0.06,0.36,2.48,1.75,4.31,3.31,81.7,0.447,0.396,3,470.7,6.31,0
27.0,90.0,2011-01-01,2022.0,1.82,31.7,-4e-06,1.0,0.0612,0.02,0.54,2.05,4.55,14.68,66.73,37.31,0.357,0.463,5,405.1,2.02,0
28.0,91.5,2017-01-18,5010.0,3.45,351.7,-5e-06,4.0,0.0,0.04,1.98,1.22,2.99,5.32,47.48,83.9,0.461,0.373,3,442.0,0.26,0
27.2872,88.2816,2007-09-18,535.5,0.72,179.1,0.0,1.0,0.0,0.0,0.0,0.0,0.7,3.1,19.7,49.9,0.4,0.411,1,757.5,4.6,1
28.0,93.0,2022-10-23,3033.0,5.29,39.3,-1e-06,2.0,0.0,0.37,2.47,0.17,4.19,10.06,66.47,127.13,0.315,0.438,4,451.8,4.19,0
25.0,95.5,2017-03-21,182.0,0.14,240.0,0.0,1.0,0.0,0.24,0.34,4.35,3.92,6.67,35.19,124.51,0.361,0.458,1,11.4,3.76,0
23.0,94.0,2021-11-15,147.0,1.17,100.5,3e-06,6.0,0.0204,0.61,0.3,3.91,0.03,19.48,3.27,23.46,0.371,0.489,1,466.3,5.57,0
24.0,88.0,2010-08-29,25.0,0.31,91.0,1e-06,6.0,0.0,0.4,0.9,3.1,7.22,9.63,19.29,125.83,0.336,0.372,3,62.3,2.48,0
25.1775,93.0123,2012-06-03,535.5,0.72,179.1,0.0,1.0,0.0,0.4,0.9,1.9,2.7,7.7,107.4,149.1,0.493,0.492,2,221.7,4.5,1
25.5,97.0,2021-08-02,919.0,0.27,17.7,-3e-06,0.0,0.0204,0.58,1.67,0.45,10.79,12.3,53.47,140.17,0.404,0.452,4,449.5,0.78,0
23.5,89.0,2019-03-29,11.0,0.0,68.2,0.0,5.0,0.0,0.12,1.21,2.8,6.32,7.21,53.31,74.25,0.466,0.483,3,417.0,3.56,0
27.5,93.5,2022-12-01,1645.0,0.7,257.5,-4e-06,0.0,0.102,0.46,2.03,0.99,3.14,3.74,23.13,128.97,0.431,0.321,0,375.1,1.56,0
22.0,90.5,2013-01-03,5.0,0.52,179.6,1e-06,1.0,0.0,0.59,1.64,4.51,1.32,7.78,25.8,144.99,0.421,0.29,4,373.4,6.02,0
29.0,88.5,2012-12-12,4067.0,0.57,161.1,4e-06,4.0,0.0,0.58,0.11,3.81,8.84,1.27,62.83,57.78,0.357,0.303,3,449.4,4.37,0
26.5,95.0,2016-01-08,1407.0,1.04,179.0,-4e-06,0.0,0.1224,0.35,2.44,3.02,6.06,14.55,49.87,22.51,0.317,0.388,0,440.1,1.6,0
25.6219,96.2887,2016-04-02,535.5,0.72,179.1,0.0,1.0,0.0,0.6,0.7,1.1,1.1,2.8,5.5,11.0,0.317,0.322,1,561.8,4.0,1
29.0,95.5,2013-04-25,3034.0,1.6,251.1,-4e-06,4.0,0.0204,0.63,0.12,1.2,3.27,1.82,18.12,30.51,0.353,0.427,2,89.7,2.31,0
29.0,96.0,2011-07-05,3778.0,1.01,220.4,-1e-06,4.0,0.0,0.65,0.95,3.47,1.6,5.52,34.95,51.45,0.364,0.44,3,450.6,3.2,0
26.8811,88.2779,2015-07-01,535.5,0.72,179.1,0.0,1.0,0.0,0.2,6.4,10.0,11.7,15.4,53.4,94.6,0.423,0.423,2,213.4,5.1,1
25.0,93.0,2019-09-14,532.0,0.69,249.5,-1e-06,0.0,0.2653,0.69,2.37,0.44,6.76,12.34,19.81,18.28,0.451,0.29,4,67.7,0.05,0
22.5,96.5,2011-10-24,1047.0,0.69,313.5,-1e-06,0.0,0.0204,0.88,1.67,2.38,7.69,7.82,61.58,117.5,0.429,0.328,1,222.0,5.92,0
24.0,90.0,2014-10-07,8.0,0.02,12.3,0.0,1.0,0.0,0.82,2.45,5.11,3.34,19.74,56.61,77.55,0.31,0.453,1,431.5,4.71,0
27.5,93.0,2023-03-23,777.0,2.77,7.5,6e-06,0.0,0.0408,0.33,1.36,2.03,8.94,11.61,66.42,66.07,0.374,0.456,2,287.1,4.29,0
24.0,89.0,2011-04-02,13.0,0.0,72.3,0.0,1.0,0.0,0.19,1.04,1.79,6.22,15.81,50.05,38.16,0.497,0.29,0,413.4,3.07,0
22.5,93.0,2015-07-28,972.0,1.28,266.4,1e-06,1.0,0.0,0.73,2.15,3.83,0.45,9.07,64.91,98.16,0.387,0.46,0,81.5,1.71,0
28.0,88.5,2022-08-18,5337.0,3.33,9.7,-5e-06,2.0,0.0,0.57,1.27,2.5,9.89,17.03,56.83,22.47,0.301,0.483,1,355.8,1.15,0
28.5,91.0,2019-07-19,5423.0,0.4,335.2,-3e-06,4.0,0.0,0.78,0.18,2.2,2.94,16.24,10.59,117.03,0.43,0.405,0,224.9,5.38,0
23.0,91.5,2020-01-15,6.0,0.05,319.4,0.0,1.0,0.0204,0.65,2.15,4.87,10.43,22.27,40.53,136.99,0.308,0.458,0,204.7,3.41,0
22.5,88.5,2010-07-30,4.0,0.01,3.6,0.0,1.0,0.0,0.25,1.43,1.42,8.86,21.0,48.7,43.81,0.482,0.412,0,64.6,6.35,0
22.5,94.5,2012-08-31,249.0,0.18,87.0,0.0,2.0,0.0,0.77,0.69,2.55,0.75,10.63,68.53,136.01,0.398,0.306,3,407.7,2.23,0
25.5,95.0,2015-02-27,1496.0,1.25,34.9,-4e-06,2.0,0.0,0.17,1.57,0.73,9.66,16.25,39.03,51.02,0.456,0.35,2,393.7,2.62,0
22.0,88.0,2016-06-10,3.0,0.61,147.8,1e-06,1.0,0.0,0.83,0.52,0.69,8.1,20.84,59.31,59.02,0.299,0.416,1,389.4,5.5,0
26.88,88.28,2011-06-17,535.5,0.72,179.1,0.0,1.0,0.0,1.9,1.9,2.5,4.6,5.5,19.4,60.9,0.413,0.406,0,500.0,0.0,1
23.0,92.0,2019-06-04,55.0,0.11,308.9,0.0,1.0,0.0,0.59,1.48,1.34,2.88,1.87,36.35,32.17,0.433,0.328,1,423.0,0.29,0
22.0,92.0,2014-05-26,36.0,0.66,222.2,1e-06,5.0,0.1429,0.19,0.26,0.18,6.75,15.95,5.72,112.41,0.379,0.34,1,379.6,5.04,0
24.5,95.5,2023-10-15,268.0,0.2,209.7,-0.0,2.0,0.0,0.07,0.25,2.13,10.02,2.4,17.68,41.22,0.433,0.36,3,337.5,3.38,0
27.0,96.0,2022-05-18,1342.0,0.65,235.3,-3e-06,0.0,0.0,0.06,0.99,5.26,5.98,22.02,60.42,19.05,0.446,0.437,4,377.9,5.0,0
26.5,91.0,2023-11-25,42.0,1.83,0.1,2e-06,5.0,0.0,0.03,1.63,5.03,5.73,6.17,67.22,126.0,0.407,0.306,0,228.9,3.4,0
27.08168565,93.60815652,2017-07-01,535.5,0.72,179.1,0.0,1.0,0.0,0.2,1.5,7.0,20.1,43.9,65.5,114.2,0.51,0.508,2,362.9,4.6,1
24.3527,94.3429,2011-07-22,535.5,0.72,179.1,0.0,1.0,0.0,0.0,0.4,1.2,5.7,14.5,94.2,173.0,0.427,0.429,0,500.0,0.0,1
29.0,96.0,2011-02-16,3778.0,1.01,220.4,-1e-06,4.0,0.0,0.53,0.71,2.99,6.0,9.7,25.84,27.39,0.468,0.398,2,222.1,3.51,0
29.5,88.5,2011-10-07,4353.0,3.71,178.0,-3e-06,4.0,0.0,0.69,1.17,3.48,10.8,3.07,36.04,85.5,0.305,0.492,4,246.6,3.3,0
27.0,89.0,2009-08-15,1156.0,4.51,347.5,4e-06,0.0,0.0,0.17,1.89,1.97,5.08,18.97,17.58,133.79,0.395,0.495,4,445.5,4.2,0
26.5,88.0,2012-10-18,120.0,2.01,7.6,3e-06,1.0,0.9796,0.13,1.42,0.97,10.05,22.46,66.92,84.67,0.471,0.305,5,33.8,0.04,0
28.0,94.0,2012-10-28,1741.0,1.08,354.2,-1e-06,0.0,0.0204,0.5,1.72,2.99,7.71,12.82,6.85,34.0,0.308,0.345,4,429.2,5.73,0
23.7705,92.5217,2012-11-11,535.5,0.72,179.1,0.0,1.0,0.0,0.0,0.0,0.0,0.0,0.0,1.7,40.6,0.372,0.379,0,500.0,0.0,1
28.5,97.5,2010-10-19,4505.0,1.59,31.9,-9e-06,2.0,0.0,0.66,0.84,0.87,3.12,19.22,4.46,115.61,0.458,0.457,5,21.9,5.26,0
27.3425,88.2426,2013-09-01,535.5,0.72,179.1,0.0,1.0,0.0,0.5,1.8,9.3,28.1,34.1,51.7,126.5,0.426,0.425,1,629.2,4.5,1
27.337,88.609,2008-08-28,535.5,0.72,179.1,0.0,1.0,0.0,4.1,12.4,25.0,38.3,67.1,181.0,330.4,0.431,0.435,2,337.1,4.7,1
28.0,96.0,2015-03-10,252.0,4.26,344.1,7e-06,0.0,0.0,0.73,1.63,4.64,10.06,18.48,4.43,88.64,0.353,0.322,3,331.9,0.57,0
23.0,88.5,2019-08-16,11.0,0.01,28.7,0.0,1.0,0.0,0.76,0.8,2.1,5.53,15.0,8.58,87.26,0.333,0.481,2,101.4,0.29,0
24.5,96.5,2013-09-28,150.0,0.29,293.0,1e-06,1.0,0.0,0.81,1.8,2.99,3.06,20.96,48.54,53.48,0.409,0.432,1,465.1,2.04,0
28.0,90.0,2023-11-28,4023.0,3.6,351.9,1e-06,4.0,0.0,0.57,0.69,3.11,2.59,2.69,63.38,28.9,0.417,0.313,3,31.6,5.85,0
24.9016,91.8771,2015-06-11,535.5,0.72,179.1,0.0,1.0,0.0,3.4,13.5,25.5,34.9,61.3,135.5,206.7,0.49,0.479,0,500.0,0.0,1
29.0,91.5,2015-04-01,4803.0,0.84,223.8,1e-06,2.0,0.0,0.44,2.36,2.82,2.76,0.41,35.92,67.99,0.373,0.408,0,231.6,3.76,0
27.5,91.5,2018-03-13,2019.0,3.55,0.6,9e-06,0.0,0.1224,0.33,0.92,2.67,10.34,14.82,43.21,75.07,0.382,0.413,1,463.6,1.59,0
26.0,90.0,2014-05-28,36.0,0.05,247.6,0.0,1.0,0.0,0.58,0.32,2.83,10.85,11.63,19.65,86.58,0.376,0.424,4,218.5,3.81,0
27.04040393,89.90633458,2017-07-08,535.5,0.72,179.1,0.0,1.0,0.0,5.5,16.1,32.1,34.7,39.6,67.7,247.8,0.427,0.434,1,565.2,4.9,1
26.9974,88.4314,2015-06-17,535.5,0.72,179.1,0.0,1.0,0.0,0.8,2.5,3.1,3.1,13.3,38.5,87.6,0.425,0.418,2,784.3,4.3,1
25.5,96.5,2009-06-22,309.0,0.82,326.9,1e-06,1.0,0.0,0.58,2.35,0.18,8.36,18.12,6.13,135.07,0.436,0.344,3,161.5,6.23,0
22.65242372,92.15898865,2017-06-13,535.5,0.72,179.1,0.0,1.0,0.0,0.3,1.0,2.5,19.3,92.0,184.3,217.9,0.428,0.427,1,418.4,4.6,1
27.5,90.5,2016-08-23,1900.0,5.0,341.4,5e-06,1.0,0.0408,0.17,0.13,4.97,5.4,18.65,29.43,27.06,0.427,0.301,1,407.5,6.17,0
22.533,92.899,2007-07-30,535.5,0.72,179.1,0.0,1.0,0.0,0.0,0.0,0.0,0.0,1.3,11.9,57.2,0.397,0.402,2,64.5,4.8,1
22.5,97.5,2021-10-09,815.0,0.24,113.4,-0.0,0.0,0.0,0.41,0.98,3.66,2.68,0.52,8.3,72.85,0.442,0.503,3,426.1,4.1,0
29.5,90.5,2022-02-22,5724.0,4.11,175.7,-1.2e-05,2.0,0.0,0.21,1.32,2.66,10.73,6.12,23.89,88.41,0.308,0.295,5,124.5,5.76,0
27.5,93.0,2019-06-15,777.0,2.77,7.5,6e-06,0.0,0.0408,0.28,0.31,1.89,8.7,10.26,33.65,126.75,0.313,0.464,2,414.9,4.53,0
29.5,88.0,2017-07-28,5558.0,5.38,207.7,-1.6e-05,2.0,0.0,0.43,2.26,0.2,1.82,15.48,7.75,97.74,0.495,0.339,1,405.7,4.25,0
23.5,88.5,2019-02-14,12.0,0.01,55.0,0.0,1.0,0.0,0.85,2.3,2.76,8.33,5.3,68.65,142.12,0.373,0.491,4,94.6,5.28,0
24.5,89.0,2017-06-04,12.0,0.01,38.0,0.0,1.0,0.0,0.8,0.19,3.09,0.61,9.89,17.0,95.62,0.332,0.37,3,362.7,4.11,0
24.5,95.0,2009-06-19,182.0,0.24,192.3,0.0,5.0,0.0,0.85,2.4,3.42,7.08,20.57,68.06,42.97,0.442,0.326,3,312.8,3.9,0
23.5,95.5,2020-03-15,175.0,0.32,43.1,0.0,5.0,0.0,0.78,0.3,5.12,4.59,11.82,2.69,75.28,0.469,0.316,3,323.1,3.76,0
27.5,96.5,2022-05-06,439.0,1.63,286.5,6e-06,0.0,0.0204,0.5,2.42,3.74,6.67,8.31,4.33,47.11,0.452,0.303,0,491.5,1.87,0
26.7215,95.0283,2010-07-19,535.5,0.72,179.1,0.0,1.0,0.0,2.4,5.8,11.1,17.0,46.2,67.4,168.4,0.496,0.516,1,515.6,4.6,1
28.1737,94.7596,2015-08-18,535.5,0.72,179.1,0.0,1.0,0.0,1.6,5.9,10.3,17.7,31.0,114.4,144.9,0.429,0.428,2,393.7,4.5,1
26.0,88.5,2018-01-04,55.0,0.06,358.8,-0.0,5.0,0.0,0.88,0.43,0.32,8.58,14.98,45.65,133.16,0.307,0.426,5,401.5,5.69,0
23.19807165,94.29816252,2017-06-05,535.5,0.72,179.1,0.0,1.0,0.0,0.0,0.0,0.0,0.0,0.0,0.0,93.9,0.328,0.339,2,65.1,4.1,1
27.0,88.0,2013-05-14,1961.0,3.37,356.9,-4e-06,2.0,0.9388,0.3,2.29,4.26,11.19,5.13,48.89,140.23,0.487,0.332,2,162.3,4.07,0
29.0,91.0,2016-10-16,4544.0,1.27,190.6,1e-06,4.0,0.0,0.81,1.17,3.79,10.29,1.55,30.67,136.85,0.4,0.294,4,144.3,6.29,0
29.5,88.5,2021-01-10,4353.0,3.71,178.0,-3e-06,4.0,0.0,0.74,0.27,1.02,5.87,22.08,14.0,87.51,0.449,0.396,5,346.5,2.85,0
25.5,90.0,2009-07-22,71.0,0.27,273.1,0.0,1.0,0.1429,0.82,2.14,1.98,9.07,10.11,5.4,132.61,0.335,0.4,0,92.0,6.22,0
26.944,88.4441,2010-06-11,535.5,0.72,179.1,0.0,1.0,0.0,0.0,0.5,1.5,2.9,9.1,36.5,78.5,0.423,0.413,0,500.0,0.0,1
24.5,97.5,2009-02-18,928.0,1.34,173.1,-1e-06,0.0,0.0,0.34,1.46,4.3,8.69,2.73,17.57,98.04,0.413,0.305,5,413.8,3.1,0
23.5,88.0,2022-06-30,27.0,0.32,88.9,1e-06,1.0,0.0204,0.77,0.29,1.95,3.27,11.86,10.38,56.63,0.373,0.353,0,397.7,0.92,0
28.5,96.5,2017-11-11,4116.0,2.66,34.6,-6e-06,4.0,0.0,0.85,0.31,1.13,4.03,3.95,29.53,58.07,0.376,0.389,0,332.4,1.81,0
22.0,90.0,2022-04-29,5.0,0.52,180.4,1e-06,1.0,0.0,0.32,1.23,0.01,9.87,10.73,5.49,19.8,0.437,0.352,1,267.4,1.09,0
27.5,96.5,2011-08-23,439.0,1.63,286.5,6e-06,0.0,0.0204,0.42,2.25,3.08,10.67,1.63,62.35,81.67,0.477,0.372,2,212.4,5.66,0
22.3507,91.8147,2015-07-19,535.5,0.72,179.1,0.0,1.0,0.0,2.7,6.5,8.5,12.6,52.8,123.2,131.7,0.283,0.283,1,659.7,4.5,1
24.0,97.5,2016-02-17,1449.0,0.34,223.1,-4e-06,0.0,0.0,0.44,0.85,3.48,7.84,3.47,40.63,121.01,0.496,0.326,2,130.6,1.44,0
27.0,96.5,2020-11-29,1495.0,0.36,313.9,-3e-06,0.0,0.0,0.35,2.11,3.68,1.11,11.24,8.04,114.02,0.44,0.377,1,75.0,1.92,0
28.5,95.5,2017-11-15,2009.0,3.49,329.3,1e-06,0.0,0.0,0.89,0.1,2.05,8.65,21.83,15.23,73.87,0.48,0.457,2,236.1,2.75,0
26.1097,91.7747,2014-09-22,535.5,0.72,179.1,0.0,1.0,0.0,0.4,0.4,0.4,10.0,22.0,127.8,141.4,0.497,0.505,3,346.7,4.5,1
29.0,92.5,2023-09-29,4045.0,1.18,62.0,4e-06,4.0,0.0,0.36,0.37,3.34,0.35,16.93,16.94,71.34,0.366,0.369,5,168.9,6.12,0
27.6802471,93.62592773,2017-04-22,535.5,0.72,179.1,0.0,1.0,0.0,0.2,1.5,3.3,6.0,6.2,67.9,87.6,0.412,0.412,1,351.9,4.5,1
26.0137,94.5163,2013-08-04,535.5,0.72,179.1,0.0,1.0,0.0,0.0,0.0,0.0,0.7,1.3,21.3,33.5,0.497,0.496,1,231.9,5.0,1
26.5,89.5,2021-11-22,50.0,2.34,0.2,3e-06,6.0,0.0204,0.27,1.82,0.12,9.38,8.99,2.99,128.36,0.458,0.5,4,375.1,5.41,0
27.0,91.5,2009-08-18,1594.0,2.09,12.5,-2e-06,1.0,0.0204,0.34,1.87,1.95,5.28,16.51,64.15,89.77,0.351,0.361,3,206.7,4.63,0
24.0,95.5,2011-01-22,352.0,0.16,53.5,-1e-06,0.0,0.0,0.65,0.24,2.29,7.75,4.78,50.74,67.12,0.426,0.331,1,357.0,3.22,0
23.5,96.0,2010-12-31,79.0,0.02,325.9,0.0,5.0,0.0,0.86,0.44,3.0,0.16,11.93,54.53,136.46,0.468,0.396,1,359.6,1.24,0
29.5,93.0,2016-01-02,5074.0,3.5,174.4,-8e-06,4.0,0.0,0.71,1.11,3.93,3.41,10.42,9.16,141.7,0.416,0.371,3,55.6,6.28,0
25.5,94.0,2011-04-07,1521.0,0.51,260.7,-4e-06,0.0,0.5918,0.11,0.6,3.18,3.74,5.09,65.8,135.69,0.347,0.442,0,437.5,1.03,0
26.0,89.5,2012-09-29,33.0,0.03,17.4,0.0,1.0,0.0,0.05,0.62,1.62,5.07,9.83,5.17,113.62,0.454,0.388,0,173.1,0.2,0
24.0,93.0,2021-12-23,374.0,0.4,208.3,2e-06,0.0,0.102,0.16,2.12,0.55,7.43,13.75,24.12,130.45,0.382,0.421,5,383.6,1.78,0
23.5,89.0,2012-02-19,11.0,0.0,68.2,0.0,5.0,0.0,0.65,2.6,4.64,2.38,11.46,56.47,130.78,0.493,0.427,5,231.8,1.6,0
25.0,88.5,2020-04-03,27.0,0.01,35.5,-0.0,6.0,0.0,0.24,2.41,3.04,0.38,0.87,35.0,64.78,0.416,0.498,0,79.6,4.75,0
22.6461,97.3193,2010-10-06,535.5,0.72,179.1,0.0,1.0,0.0,0.0,0.0,0.0,0.0,0.0,1.1,25.3,0.439,0.45,0,500.0,0.0,1
23.5,90.5,2011-03-03,6.0,0.0,337.4,-0.0,1.0,0.0204,0.88,2.04,2.68,5.38,7.12,56.82,94.94,0.446,0.445,5,488.5,5.34,0
24.3481,94.1146,2015-08-01,535.5,0.72,179.1,0.0,1.0,0.0,7.2,25.6,51.5,72.0,164.5,330.8,493.5,0.47,0.47,1,444.6,4.4,1
29.0,93.5,2011-11-26,4835.0,1.82,343.8,-4e-06,2.0,0.0,0.19,0.13,3.4,3.65,1.27,7.21,139.48,0.375,0.375,1,127.6,5.01,0
23.0,95.0,2018-09-24,292.0,0.31,13.9,-0.0,1.0,0.0,0.48,0.02,0.62,1.94,10.83,49.04,128.84,0.497,0.42,3,158.4,5.29,0
27.0,93.5,2020-01-23,661.0,1.11,10.5,0.0,0.0,0.5102,0.79,0.91,1.98,9.37,17.89,41.38,114.68,0.342,0.387,0,154.5,2.07,0
22.5,96.0,2012-06-13,71.0,0.62,270.3,2e-06,1.0,0.0204,0.02,1.86,0.2,0.83,4.05,19.41,26.6,0.467,0.487,3,200.1,4.1,0
25.0,88.5,2017-05-03,27.0,0.01,35.5,-0.0,6.0,0.0,0.41,2.47,1.14,3.42,2.56,55.31,117.18,0.486,0.385,0,401.5,5.88,0
25.5,94.5,2014-02-22,1300.0,0.61,1.5,1e-06,0.0,0.102,0.9,0.22,3.4,4.4,10.7,66.52,52.76,0.43,0.359,1,425.2,1.15,0
22.0,89.0,2019-11-08,6.0,0.52,179.9,1e-06,5.0,0.0,0.23,1.82,5.22,0.98,11.44,55.33,89.52,0.363,0.353,5,79.0,3.69,0
28.5,92.0,2020-09-02,4563.0,0.59,31.8,3e-06,2.0,0.0,0.4,0.7,4.41,3.31,5.55,18.82,115.88,0.37,0.388,5,486.5,4.5,0
29.0,93.0,2021-08-23,3846.0,0.63,305.8,4e-06,4.0,0.0,0.13,2.47,4.42,9.16,22.01,38.96,40.06,0.302,0.301,4,117.2,3.42,0
29.5,95.0,2022-04-23,3878.0,2.08,118.3,-1e-05,2.0,0.0,0.04,1.28,0.17,3.61,0.72,49.64,127.86,0.375,0.406,0,217.1,3.82,0
25.0,91.0,2015-09-05,5.0,0.7,0.1,1e-06,5.0,0.0204,0.79,0.08,1.39,9.74,1.99,60.73,32.61,0.465,0.334,5,298.1,2.28,0
27.5,90.5,2009-10-01,1900.0,5.0,341.4,5e-06,1.0,0.0408,0.52,1.9,0.48,3.33,16.96,14.28,34.5,0.408,0.5,4,255.9,1.77,0
25.0,96.0,2012-03-11,310.0,0.11,189.7,-0.0,0.0,0.0,0.06,0.43,1.62,8.46,12.92,21.88,33.5,0.439,0.441,2,255.2,3.21,0
28.3036,95.4112,2010-09-09,535.5,0.72,179.1,0.0,1.0,0.0,2.8,5.2,6.7,12.3,37.9,113.5,531.9,0.437,0.436,0,500.0,0.0,1
26.0481,94.4619,2013-08-04,535.5,0.72,179.1,0.0,1.0,0.0,0.0,0.0,0.0,0.7,1.3,21.3,33.5,0.497,0.496,1,236.2,5.0,1
24.75,93.4333,2007-10-21,535.5,0.72,179.1,0.0,1.0,0.0,0.3,0.9,0.9,4.9,11.1,17.5,75.5,0.417,0.415,2,190.2,4.5,1
25.5,94.0,2013-10-22,1521.0,0.51,260.7,-4e-06,0.0,0.5918,0.8,2.13,1.91,0.61,14.21,40.62,130.83,0.347,0.4,2,16.1,5.39,0
25.8782,94.1739,2011-07-01,535.5,0.72,179.1,0.0,1.0,0.0,0.4,1.9,3.9,23.1,26.6,89.9,146.5,0.518,0.51,2,238.6,4.7,1
27.5523,91.752,2016-04-22,535.5,0.72,179.1,0.0,1.0,0.0,1.0,4.2,9.9,20.6,30.5,77.4,104.4,0.427,0.429,1,546.5,4.3,1
23.7327,92.7463,2014-07-14,535.5,0.72,179.1,0.0,1.0,0.0,0.4,0.8,5.2,13.0,19.4,106.3,131.6,0.426,0.422,1,181.8,4.2,1
28.5,92.5,2021-11-25,4821.0,1.69,183.4,-0.0,2.0,0.0,0.9,0.92,0.68,6.36,11.79,45.0,80.65,0.332,0.421,5,152.3,1.26,0
25.5,96.0,2022-06-19,231.0,0.68,354.2,1e-06,1.0,0.2245,0.6,1.29,3.06,6.04,12.53,54.96,127.1,0.489,0.373,5,171.0,3.54,0
22.0,95.5,2014-06-25,95.0,0.42,179.9,1e-06,1.0,0.0204,0.52,1.81,2.27,2.33,2.04,64.46,65.96,0.317,0.348,5,342.6,5.84,0
29.5,93.0,2017-08-04,5074.0,3.5,174.4,-8e-06,4.0,0.0,0.39,1.47,1.97,7.15,1.47,13.71,21.9,0.402,0.416,2,305.9,5.7,0
27.11610665,93.79559574,2017-07-09,535.5,0.72,179.1,0.0,1.0,0.0,1.6,7.0,18.5,34.7,57.5,79.1,144.8,0.504,0.501,1,283.1,4.5,1
24.95178179,94.20340026,2017-07-01,535.5,0.72,179.1,0.0,1.0,0.0,0.8,2.5,3.6,4.3,8.6,28.7,59.8,0.446,0.441,2,120.4,4.6,1
23.5,94.5,2021-01-08,282.0,0.41,339.6,0.0,1.0,0.0,0.18,1.64,1.42,7.15,14.65,50.57,89.76,0.431,0.4,1,215.6,1.0,0
22.0,90.0,2016-07-07,5.0,0.52,180.4,1e-06,1.0,0.0,0.0,1.71,4.48,8.22,2.37,38.13,48.08,0.398,0.302,1,358.7,0.6,0
24.0,92.0,2018-12-12,70.0,0.41,257.8,1e-06,6.0,0.0204,0.04,1.58,3.64,4.62,14.41,59.17,138.1,0.36,0.411,0,177.3,3.69,0
27.0,97.5,2022-05-16,583.0,0.83,76.9,2e-06,0.0,0.0,0.23,0.08,0.64,0.06,4.52,47.64,129.27,0.337,0.376,3,461.8,5.45,0
22.4254,91.8022,2015-07-26,535.5,0.72,179.1,0.0,1.0,0.0,5.7,16.8,29.0,69.7,168.8,255.4,313.9,0.283,0.283,1,262.7,4.2,1
26.9653186,88.2667225,2017-06-05,535.5,0.72,179.1,0.0,1.0,0.0,0.4,9.1,15.8,42.8,60.6,84.5,138.3,0.42,0.422,2,732.8,4.1,1
26.0,88.5,2019-02-16,55.0,0.06,358.8,-0.0,5.0,0.0,0.61,0.08,3.3,1.88,7.98,31.51,145.11,0.299,0.5,4,374.6,6.43,0
26.56636244,93.13195098,2017-07-09,535.5,0.72,179.1,0.0,1.0,0.0,0.9,2.7,6.6,15.7,41.9,85.8,155.9,0.515,0.506,1,372.5,4.5,1
28.5,91.0,2012-02-09,5423.0,0.4,335.2,-3e-06,4.0,0.0,0.59,1.46,0.09,9.25,6.47,2.65,61.72,0.38,0.433,1,452.1,3.68,0
25.5,93.0,2012-08-26,170.0,0.59,143.0,2e-06,6.0,0.0408,0.04,1.56,2.25,7.76,21.97,7.62,79.32,0.347,0.373,5,405.3,5.89,0
25.0,95.0,2014-07-27,130.0,1.5,24.3,3e-06,6.0,0.0,0.26,1.04,3.95,3.86,12.58,14.47,57.77,0.34,0.413,1,474.1,4.44,0
23.5,94.5,2019-10-15,282.0,0.41,339.6,0.0,1.0,0.0,0.74,1.99,4.26,10.75,5.51,55.41,100.32,0.377,0.331,2,44.6,6.26,0
28.0,94.0,2011-08-10,1741.0,1.08,354.2,-1e-06,0.0,0.0204,0.09,2.31,0.72,5.13,15.21,52.5,138.72,0.383,0.45,1,443.9,4.26,0
23.3572,92.7878,2015-08-26,535.5,0.72,179.1,0.0,1.0,0.0,0.0,0.0,0.0,2.4,5.2,19.3,104.7,0.411,0.416,1,390.5,3.9,1
25.0,92.5,2019-08-23,39.0,1.09,342.1,2e-06,1.0,0.1429,0.63,0.53,3.62,0.11,9.55,9.25,84.21,0.425,0.441,3,417.0,0.68,0
25.2745,94.0212,2010-10-08,535.5,0.72,179.1,0.0,1.0,0.0,0.5,1.3,2.5,8.0,19.3,41.2,58.4,0.453,0.45,0,500.0,0.0,1
28.5,96.0,2013-07-06,4116.0,3.91,339.5,-8e-06,4.0,0.0408,0.64,1.04,3.55,4.22,20.4,32.85,49.32,0.308,0.293,4,122.8,1.43,0
26.0,95.5,2010-11-22,1084.0,0.52,11.3,-2e-06,0.0,0.0,0.45,0.45,1.31,4.95,9.97,37.65,37.9,0.373,0.35,3,389.5,4.41,0
27.5,89.0,2016-08-28,4301.0,4.15,341.9,-8e-06,2.0,0.0,0.03,2.09,4.14,4.59,17.31,39.12,36.35,0.433,0.309,4,197.4,2.46,0
28.0,89.0,2019-02-24,4952.0,0.72,42.1,-1e-06,2.0,0.0,0.32,1.32,1.55,7.97,9.11,56.8,47.69,0.501,0.356,2,113.2,3.0,0
26.0,89.0,2023-01-22,49.0,0.04,20.9,-0.0,5.0,0.0,0.65,1.97,4.61,0.41,1.57,44.96,135.51,0.504,0.451,3,489.4,4.94,0
26.1226,91.7162,2012-06-22,535.5,0.72,179.1,0.0,1.0,0.0,2.5,5.3,9.0,22.5,87.7,160.9,193.4,0.491,0.514,0,500.0,0.0,1
23.0,91.0,2009-05-11,7.0,0.01,344.5,-0.0,1.0,0.0204,0.43,0.79,3.71,9.69,16.95,4.09,75.82,0.457,0.479,3,100.6,5.67,0
27.0,93.0,2009-04-08,391.0,0.72,3.7,1e-06,0.0,0.0408,0.02,1.88,2.83,3.24,11.4,49.45,72.72,0.492,0.328,0,266.9,1.57,0
24.0,95.5,2009-06-28,352.0,0.16,53.5,-1e-06,0.0,0.0,0.4,1.6,3.13,7.85,16.58,34.34,48.77,0.446,0.419,3,342.5,1.95,0
27.21668161,93.63051815,2017-07-11,535.5,0.72,179.1,0.0,1.0,0.0,1.3,2.6,3.8,15.3,36.9,177.4,238.8,0.466,0.467,1,286.0,4.5,1
27.15977181,88.63411246,2009-08-16,535.5,0.72,179.1,0.0,1.0,0.0,3.7,11.6,21.3,51.6,138.3,318.4,404.4,0.433,0.439,1,692.7,5.5,1
27.44,92.2833,2011-08-12,535.5,0.72,179.1,0.0,1.0,0.0,0.0,0.0,0.0,1.7,3.1,21.6,158.1,0.447,0.45,3,410.0,4.4,1
27.0,89.5,2023-03-11,2283.0,3.84,351.6,-3e-06,0.0,0.2245,0.3,1.58,1.21,0.61,15.76,47.93,38.1,0.334,0.327,2,98.7,4.95,0
29.0,90.5,2019-10-28,4445.0,0.95,41.4,4e-06,4.0,0.0204,0.16,1.45,2.55,11.17,13.11,54.59,68.56,0.323,0.476,0,376.4,2.9,0
27.02856666,89.57220662,2017-07-08,535.5,0.72,179.1,0.0,1.0,0.0,4.1,14.3,25.7,31.6,38.3,76.9,223.4,0.431,0.434,1,593.3,4.9,1
29.5,96.5,2010-11-27,4109.0,3.9,199.1,-4e-06,2.0,0.0,0.41,2.34,2.1,2.33,15.08,45.89,104.47,0.329,0.326,1,435.1,3.61,0
25.1553,93.028,2010-04-01,535.5,0.72,179.1,0.0,1.0,0.0,2.0,3.2,9.0,12.1,20.4,116.3,124.3,0.498,0.506,0,500.0,0.0,1
28.0,94.5,2018-03-06,682.0,1.4,25.7,2e-06,0.0,0.0408,0.62,1.08,4.43,5.52,1.89,4.52,115.04,0.356,0.349,4,151.4,5.07,0
28.0,89.0,2010-10-06,4952.0,0.72,42.1,-1e-06,2.0,0.0,0.38,1.89,1.2,6.73,17.08,39.84,68.15,0.383,0.343,5,327.3,0.65,0
23.5,95.0,2013-06-01,417.0,0.1,47.2,-1e-06,1.0,0.0,0.76,0.2,0.74,2.19,21.2,68.77,54.13,0.407,0.455,5,488.8,4.43,0
25.5,92.0,2016-05-11,1584.0,0.51,47.8,-4e-06,0.0,0.0204,0.11,1.29,2.27,1.46,12.09,17.94,89.13,0.435,0.366,3,432.3,0.27,0
27.2319,88.497,2010-08-26,535.5,0.72,179.1,0.0,1.0,0.0,0.2,0.7,1.0,3.2,9.8,152.2,340.8,0.425,0.417,0,500.0,0.0,1
25.5,93.0,2022-08-14,170.0,0.59,143.0,2e-06,6.0,0.0408,0.18,0.37,2.75,6.46,19.43,36.43,33.95,0.462,0.354,5,498.2,6.42,0
26.5,95.5,2023-09-01,688.0,0.71,126.3,1e-06,0.0,0.0,0.23,1.63,3.19,2.33,10.04,24.29,43.69,0.427,0.475,3,86.3,1.51,0
22.35037081,91.83258101,2017-06-13,535.5,0.72,179.1,0.0,1.0,0.0,1.5,3.8,12.2,37.1,105.4,201.2,209.5,0.281,0.281,1,465.9,4.6,1
25.7713,93.8067,2011-08-13,535.5,0.72,179.1,0.0,1.0,0.0,1.9,3.7,8.0,11.5,28.5,57.9,237.5,0.501,0.506,2,337.1,4.4,1
27.3746,88.7648,2009-08-26,535.5,0.72,179.1,0.0,1.0,0.0,0.7,5.3,11.3,13.8,16.9,73.0,173.6,0.426,0.423,1,378.3,5.0,1
25.5,89.5,2019-06-06,24.0,0.03,300.5,0.0,1.0,0.0204,0.47,1.36,3.22,2.77,14.31,47.15,103.21,0.438,0.406,4,163.1,0.34,0
23.5,90.0,2020-09-03,7.0,0.0,17.4,-0.0,1.0,0.0204,0.89,0.74,0.49,6.24,11.83,53.44,38.07,0.3,0.462,4,136.8,5.41,0
26.0,89.0,2014-07-09,49.0,0.04,20.9,-0.0,5.0,0.0,0.28,2.14,1.55,9.7,1.26,22.67,141.04,0.323,0.345,3,499.6,1.82,0
27.0,90.0,2016-05-13,2022.0,1.82,31.7,-4e-06,1.0,0.0612,0.25,0.18,4.08,3.97,11.56,48.21,125.62,0.364,0.295,2,97.5,6.26,0
29.5,96.0,2010-07-31,3374.0,3.81,206.4,-5e-06,2.0,0.0,0.14,1.63,4.6,5.21,19.81,55.39,31.13,0.32,0.442,1,459.8,6.02,0
27.0,90.0,2015-03-13,2022.0,1.82,31.7,-4e-06,1.0,0.0612,0.69,0.23,0.85,5.83,12.35,37.26,121.61,0.435,0.386,1,300.4,5.64,0
25.0,91.5,2014-12-26,10.0,1.71,359.8,2e-06,6.0,0.1224,0.14,1.82,2.02,0.44,10.68,15.89,135.2,0.368,0.467,1,119.2,4.29,0
29.5,94.0,2023-03-12,5108.0,4.3,175.7,-8e-06,2.0,0.0,0.39,1.6,4.14,9.19,18.27,40.84,85.74,0.42,0.325,5,153.4,3.72,0
26.1475,91.7356,2012-06-02,535.5,0.72,179.1,0.0,1.0,0.0,0.0,0.0,0.0,1.4,11.5,56.7,77.2,0.491,0.498,2,74.0,4.5,1
27.5,90.5,2019-06-07,1900.0,5.0,341.4,5e-06,1.0,0.0408,0.24,2.18,2.98,1.71,15.8,8.96,103.14,0.464,0.379,4,121.5,0.4,0
26.5,90.5,2014-05-31,64.0,0.75,0.6,1e-06,5.0,0.0,0.78,1.73,4.42,10.88,9.57,45.42,128.37,0.353,0.446,2,453.3,4.16,0
25.4788,94.1399,2010-10-09,535.5,0.72,179.1,0.0,1.0,0.0,1.5,6.1,9.8,15.7,25.0,69.3,93.0,0.516,0.517,0,500.0,0.0,1
24.3069,93.125,2010-09-16,535.5,0.72,179.1,0.0,1.0,0.0,0.9,2.6,8.9,12.1,21.8,44.2,82.8,0.429,0.428,2,271.0,5.1,1
27.0,88.5,2018-10-19,778.0,1.77,17.2,2e-06,1.0,0.4898,0.74,0.21,3.09,5.93,18.84,49.56,78.41,0.301,0.502,3,213.3,0.65,0
22.5,90.5,2011-06-12,3.0,0.0,180.0,-0.0,5.0,0.0,0.38,0.46,3.55,6.91,15.69,42.52,118.4,0.332,0.388,4,186.5,0.23,0
25.606,96.275,2008-07-30,535.5,0.72,179.1,0.0,1.0,0.0,1.0,3.7,6.4,7.2,12.9,39.8,128.1,0.516,0.511,5,279.6,5.2,1
23.0,90.0,2020-03-11,4.0,0.01,5.1,-0.0,1.0,0.0,0.08,0.82,4.93,1.82,6.36,26.92,29.0,0.332,0.456,2,493.2,6.36,0
22.5,88.5,2016-02-29,4.0,0.01,3.6,0.0,1.0,0.0,0.49,0.39,2.65,2.5,1.16,51.72,67.89,0.388,0.418,4,54.1,2.81,0
27.0,94.0,2010-03-13,82.0,1.84,11.7,3e-06,6.0,0.0612,0.36,0.97,2.04,0.92,5.1,23.91,30.26,0.445,0.362,1,77.4,1.86,0
23.0,93.5,2017-02-17,2002.0,1.04,142.6,-4e-06,1.0,0.0204,0.1,2.53,4.06,3.6,2.82,41.27,92.14,0.311,0.3,2,422.3,3.58,0
22.5,91.0,2023-02-25,0.0,0.01,345.0,0.0,1.0,0.0,0.58,0.17,0.5,7.67,6.46,51.19,101.66,0.485,0.478,2,49.9,4.31,0
24.0,94.5,2021-10-03,613.0,0.46,102.0,-1e-06,1.0,0.0,0.09,1.82,0.23,10.01,3.59,61.89,86.44,0.435,0.303,5,364.0,1.41,0
22.0,93.5,2016-08-16,1971.0,1.87,16.4,-5e-06,2.0,0.0,0.39,1.08,4.54,3.59,5.84,10.17,30.3,0.33,0.32,2,386.5,1.0,0
28.0,96.0,2017-12-04,252.0,4.26,344.1,7e-06,0.0,0.0,0.71,0.11,1.49,0.27,14.33,48.79,21.9,0.452,0.465,3,331.1,0.85,0
25.5,96.0,2022-07-25,231.0,0.68,354.2,1e-06,1.0,0.2245,0.69,1.86,3.0,3.88,6.87,43.16,39.0,0.334,0.473,3,76.0,5.73,0
27.0678,88.456,2015-07-01,535.5,0.72,179.1,0.0,1.0,0.0,2.6,6.4,13.3,14.7,28.7,64.5,94.2,0.432,0.431,2,199.6,5.1,1
26.11613908,94.24222574,2017-07-01,535.5,0.72,179.1,0.0,1.0,0.0,1.4,4.0,6.1,13.2,17.8,53.2,100.9,0.503,0.511,2,242.9,4.6,1
25.6237,94.1136,2015-08-12,535.5,0.72,179.1,0.0,1.0,0.0,0.9,0.9,2.0,3.0,12.2,90.8,181.2,0.46,0.465,0,500.0,0.0,1
27.5,97.5,2012-10-08,719.0,3.47,22.9,6e-06,0.0,0.0,0.81,2.48,2.55,6.11,5.53,13.92,138.5,0.442,0.312,5,24.3,6.04,0
25.5,92.0,2015-05-01,1584.0,0.51,47.8,-4e-06,0.0,0.0204,0.44,1.98,1.31,1.72,11.6,19.25,115.77,0.476,0.505,1,336.5,2.79,0
24.0,96.0,2023-11-23,153.0,0.31,31.2,0.0,1.0,0.0,0.43,1.24,0.52,4.38,14.37,38.91,120.52,0.325,0.316,4,81.2,4.94,0
22.344,91.8188,2008-08-23,535.5,0.72,179.1,0.0,1.0,0.0,0.0,0.0,0.0,0.1,0.1,6.2,96.2,0.243,0.251,1,74.7,4.7,1
26.8843,88.1835,2015-06-30,535.5,0.72,179.1,0.0,1.0,0.0,3.6,8.4,10.5,12.1,15.6,54.0,94.8,0.426,0.421,2,222.7,5.1,1
22.202,92.2217,2015-02-08,535.5,0.72,179.1,0.0,1.0,0.0,0.0,0.0,0.0,0.0,0.0,0.0,0.0,0.168,0.22,2,482.5,4.2,1
23.899,94.1434,2015-08-01,535.5,0.72,179.1,0.0,1.0,0.0,2.7,15.1,34.5,65.4,193.0,512.5,745.6,0.502,0.501,1,485.3,4.4,1
25.0,94.0,2021-07-16,832.0,0.77,354.8,1e-06,0.0,0.551,0.69,0.48,3.59,3.79,2.04,26.38,112.88,0.359,0.46,2,192.1,3.81,0
22.0,95.5,2021-06-11,95.0,0.42,179.9,1e-06,1.0,0.0204,0.1,0.76,1.03,6.62,17.37,5.4,21.38,0.336,0.327,2,362.2,2.21,0
24.5,89.5,2013-01-18,14.0,0.01,298.1,0.0,1.0,0.0,0.38,2.0,3.33,8.04,18.15,27.57,17.93,0.396,0.468,4,108.8,0.96,0
22.0,92.0,2020-08-11,36.0,0.66,222.2,1e-06,5.0,0.1429,0.12,2.31,0.03,11.12,4.88,23.66,116.38,0.493,0.467,4,260.5,3.71,0
29.5,94.0,2018-01-17,5108.0,4.3,175.7,-8e-06,2.0,0.0,0.2,0.48,2.47,3.35,22.02,55.23,110.85,0.386,0.403,1,175.3,5.97,0
23.591,92.9296,2010-09-13,535.5,0.72,179.1,0.0,1.0,0.0,0.2,0.9,1.0,5.6,6.7,26.8,61.7,0.424,0.425,2,233.6,5.1,1
24.0,96.5,2013-05-02,102.0,0.04,169.7,0.0,1.0,0.0,0.47,0.65,3.3,2.02,17.0,30.41,31.09,0.429,0.367,3,354.2,2.78,0
28.0,92.0,2013-01-21,4961.0,0.78,326.9,-1e-06,4.0,0.0,0.72,2.24,1.81,0.95,3.3,65.35,37.32,0.399,0.505,3,126.6,2.86,0
23.0,97.5,2010-08-04,732.0,0.48,39.7,1e-06,0.0,0.0,0.81,1.88,3.13,3.68,4.52,48.03,59.28,0.458,0.36,0,126.2,2.68,0
29.0,88.0,2012-06-23,5088.0,2.69,300.2,-8e-06,2.0,0.0,0.6,0.71,2.61,9.42,22.3,18.97,46.5,0.431,0.336,0,155.4,6.27,0
23.5,97.0,2018-03-19,319.0,1.07,216.6,2e-06,0.0,0.0,0.11,1.27,0.82,7.42,5.14,29.07,55.9,0.384,0.328,2,63.3,2.85,0
27.0,90.0,2014-06-22,2022.0,1.82,31.7,-4e-06,1.0,0.0612,0.13,1.79,4.71,9.72,20.08,54.88,45.6,0.463,0.44,3,34.6,1.62,0
25.5,90.5,2022-05-16,437.0,0.41,282.9,-1e-06,0.0,0.0204,0.11,1.88,2.19,0.03,14.09,16.84,64.69,0.461,0.318,0,47.4,3.92,0
24.5,97.5,2011-01-09,928.0,1.34,173.1,-1e-06,0.0,0.0,0.14,1.28,1.81,3.52,18.13,69.66,76.96,0.461,0.361,1,37.5,5.04,0
26.284,94.5808,2013-08-04,535.5,0.72,179.1,0.0,1.0,0.0,0.0,0.0,0.0,3.1,3.8,27.3,67.3,0.499,0.497,1,261.3,5.0,1
27.5,96.5,2023-03-17,439.0,1.63,286.5,6e-06,0.0,0.0204,0.0,1.63,2.03,7.81,12.05,22.42,113.99,0.441,0.422,4,399.3,5.12,0
23.5,95.5,2021-06-13,175.0,0.32,43.1,0.0,5.0,0.0,0.2,2.04,4.65,2.81,20.53,64.82,106.89,0.401,0.378,3,215.5,2.15,0
27.5,91.5,2019-05-20,2019.0,3.55,0.6,9e-06,0.0,0.1224,0.41,1.5,2.11,3.66,4.28,33.97,31.85,0.486,0.429,0,463.3,4.09,0
26.0,91.5,2021-12-16,50.0,1.67,186.7,3e-06,1.0,1.0,0.65,0.49,0.84,11.25,10.6,61.66,81.27,0.313,0.374,3,483.7,1.4,0
25.3908,94.0926,2015-07-22,535.5,0.72,179.1,0.0,1.0,0.0,1.1,2.0,3.2,10.9,31.4,81.4,179.3,0.468,0.464,1,157.1,4.2,1
22.0,92.5,2021-02-05,677.0,0.79,251.9,-1e-06,1.0,0.0204,0.05,2.47,1.18,0.78,21.71,5.16,21.55,0.346,0.471,4,84.7,0.82,0
24.0,93.0,2009-03-11,374.0,0.4,208.3,2e-06,0.0,0.102,0.11,0.96,1.02,0.11,16.86,53.53,104.73,0.443,0.33,4,316.4,5.25,0
24.5,93.0,2022-04-10,400.0,0.35,297.7,-0.0,0.0,0.1837,0.32,0.33,3.29,0.84,5.79,28.16,133.3,0.379,0.307,2,341.5,6.11,0
24.0,92.5,2022-01-06,731.0,0.73,195.7,-2e-06,0.0,0.0816,0.36,1.22,1.83,3.3,18.47,53.07,80.9,0.408,0.367,3,52.4,1.65,0
24.0,92.0,2022-04-17,70.0,0.41,257.8,1e-06,6.0,0.0204,0.49,2.07,1.08,5.73,9.68,33.9,38.6,0.336,0.381,4,132.0,1.85,0
25.6703,94.1095,2011-07-11,535.5,0.72,179.1,0.0,1.0,0.0,1.0,1.2,1.2,2.3,4.5,10.1,55.9,0.471,0.472,0,500.0,0.0,1
25.7055,94.0132,2007-10-16,535.5,0.72,179.1,0.0,1.0,0.0,2.1,5.7,8.6,14.4,27.7,54.4,160.5,0.518,0.514,1,391.9,4.5,1
24.5,89.0,2018-04-18,12.0,0.01,38.0,0.0,1.0,0.0,0.36,1.62,2.39,8.63,4.11,3.7,107.65,0.476,0.414,1,333.8,5.36,0
24.0,90.5,2021-03-13,5.0,0.01,0.0,0.0,1.0,0.0,0.29,0.82,4.46,9.04,6.17,49.46,64.0,0.407,0.365,1,16.3,3.37,0
28.0,88.5,2011-04-04,5337.0,3.33,9.7,-5e-06,2.0,0.0,0.61,0.36,5.09,11.05,3.59,46.42,130.36,0.394,0.43,2,167.4,4.2,0
27.0087,88.443,2015-06-17,535.5,0.72,179.1,0.0,1.0,0.0,0.8,2.5,3.1,3.1,13.3,38.5,87.6,0.425,0.418,2,784.0,4.3,1
27.104022,93.61156568,2017-04-26,535.5,0.72,179.1,0.0,1.0,0.0,0.2,1.0,2.9,8.2,36.5,121.3,156.7,0.502,0.5,1,317.6,4.3,1
23.0,92.0,2010-05-16,55.0,0.11,308.9,0.0,1.0,0.0,0.56,1.55,0.35,7.19,20.04,25.68,19.38,0.335,0.351,3,296.4,1.99,0
22.5,93.5,2016-08-16,2221.0,0.37,85.0,-5e-06,0.0,0.0408,0.03,1.79,0.3,9.64,5.43,64.17,44.33,0.455,0.366,4,136.3,2.05,0
29.0,91.5,2010-12-22,4803.0,0.84,223.8,1e-06,2.0,0.0,0.39,0.85,2.89,7.47,12.63,57.49,105.88,0.324,0.456,5,358.6,2.04,0
26.5,90.5,2011-09-27,64.0,0.75,0.6,1e-06,5.0,0.0,0.48,0.61,2.34,0.09,21.79,64.92,135.13,0.358,0.492,1,155.7,5.59,0
26.5,88.0,2010-02-03,120.0,2.01,7.6,3e-06,1.0,0.9796,0.05,1.29,4.66,7.39,10.68,38.59,126.07,0.385,0.48,5,189.2,2.62,0
25.6682,94.1099,2011-06-28,535.5,0.72,179.1,0.0,1.0,0.0,2.9,8.3,11.3,16.5,31.6,66.2,111.4,0.51,0.515,3,215.6,4.7,1
22.5,93.5,2017-12-06,2221.0,0.37,85.0,-5e-06,0.0,0.0408,0.25,2.52,5.01,9.31,2.09,16.73,99.47,0.498,0.3,2,129.3,0.82,0
25.5,92.5,2023-04-29,1071.0,0.93,80.8,-3e-06,0.0,0.0408,0.22,1.56,3.34,3.81,20.13,56.97,65.6,0.377,0.445,4,234.9,2.22,0
23.0,91.0,2017-03-12,7.0,0.01,344.5,-0.0,1.0,0.0204,0.48,2.5,0.42,5.19,17.39,46.08,40.19,0.303,0.372,1,156.4,2.54,0
23.5,93.5,2010-10-05,1427.0,1.08,160.9,-2e-06,0.0,0.0,0.45,2.53,0.28,4.94,19.02,25.39,116.06,0.495,0.375,2,24.5,1.78,0
25.5242,92.9914,2010-10-09,535.5,0.72,179.1,0.0,1.0,0.0,2.0,7.7,18.2,35.8,51.7,96.6,108.0,0.509,0.516,0,500.0,0.0,1
26.2632687,94.81481951,2017-07-10,535.5,0.72,179.1,0.0,1.0,0.0,1.6,5.5,10.2,19.0,31.3,64.4,198.6,0.516,0.515,1,319.4,4.5,1
27.5,97.5,2018-04-08,719.0,3.47,22.9,6e-06,0.0,0.0,0.53,1.49,4.57,4.66,3.0,19.76,140.08,0.455,0.379,5,53.2,4.06,0
25.61953667,96.3086022,2017-02-09,535.5,0.72,179.1,0.0,1.0,0.0,0.0,0.0,0.0,0.0,0.0,0.0,0.0,0.322,0.366,1,376.6,4.5,1
24.7543,93.5039,2010-06-07,535.5,0.72,179.1,0.0,1.0,0.0,0.0,0.0,1.0,1.8,1.8,23.1,47.1,0.408,0.409,1,304.0,4.6,1
27.059,88.4694,2014-07-15,535.5,0.72,179.1,0.0,1.0,0.0,0.7,2.4,2.4,3.4,15.0,25.8,83.4,0.423,0.417,1,683.0,4.2,1
25.06466676,94.27420555,2017-07-08,535.5,0.72,179.1,0.0,1.0,0.0,0.6,0.8,1.6,4.4,8.6,21.9,109.0,0.44,0.447,1,89.5,4.9,1
26.0,95.5,2015-08-07,1084.0,0.52,11.3,-2e-06,0.0,0.0,0.41,0.35,2.18,7.91,16.98,22.58,107.41,0.475,0.443,4,320.0,1.31,0
23.5,97.0,2013-05-27,319.0,1.07,216.6,2e-06,0.0,0.0,0.3,0.99,4.4,5.64,14.85,48.57,50.53,0.467,0.499,5,372.4,3.0,0
22.0,91.0,2012-01-30,0.0,0.52,179.6,1e-06,1.0,0.0,0.63,0.43,5.03,5.91,17.76,50.99,38.96,0.321,0.458,2,369.1,0.77,0
22.59420297,92.16404889,2017-06-12,535.5,0.72,179.1,0.0,1.0,0.0,5.1,13.9,34.4,71.0,86.1,103.9,124.8,0.43,0.428,1,422.7,4.6,1
25.5,89.5,2017-10-24,24.0,0.03,300.5,0.0,1.0,0.0204,0.09,2.06,3.1,1.87,4.68,51.08,73.09,0.388,0.418,2,409.8,4.05,0
25.5,94.5,2017-05-19,1300.0,0.61,1.5,1e-06,0.0,0.102,0.02,1.27,3.96,2.44,17.58,52.98,75.2,0.418,0.454,1,328.0,1.96,0
28.5,96.0,2012-12-21,4116.0,3.91,339.5,-8e-06,4.0,0.0408,0.53,1.19,3.95,9.91,9.87,45.54,85.93,0.485,0.393,1,404.3,2.87,0
22.5,88.0,2013-10-28,5.0,0.32,87.0,1e-06,5.0,0.0204,0.75,0.85,0.48,2.8,8.08,37.03,104.3,0.349,0.504,0,476.5,5.55,0
26.5,88.0,2021-03-31,120.0,2.01,7.6,3e-06,1.0,0.9796,0.3,1.67,4.38,7.74,22.25,34.68,40.92,0.323,0.444,3,28.1,1.31,0
25.0,88.5,2010-08-21,27.0,0.01,35.5,-0.0,6.0,0.0,0.7,1.61,4.03,7.07,13.14,8.21,25.35,0.301,0.357,5,41.9,0.83,0
23.5,90.5,2010-06-23,6.0,0.0,337.4,-0.0,1.0,0.0204,0.28,0.83,3.5,10.68,2.73,4.23,56.14,0.498,0.439,0,386.9,1.41,0
26.324724,94.514651,2016-09-05,535.5,0.72,179.1,0.0,1.0,0.0,0.2,0.2,1.1,8.6,23.9,66.7,126.9,0.498,0.505,3,249.5,4.6,1
29.5,91.0,2021-06-09,4228.0,4.26,171.1,-2e-06,2.0,0.0,0.14,1.38,2.37,9.26,12.29,33.03,116.94,0.401,0.448,0,313.7,2.37,0
29.0,97.0,2010-11-06,3527.0,3.73,350.8,3e-06,4.0,0.0,0.89,1.6,4.34,2.17,3.87,28.77,144.81,0.317,0.418,4,420.1,0.47,0
25.8376,94.5234,2013-08-04,535.5,0.72,179.1,0.0,1.0,0.0,0.0,0.0,0.0,1.1,1.2,18.7,23.2,0.483,0.483,1,212.3,5.0,1
24.0,90.0,2023-03-30,8.0,0.02,12.3,0.0,1.0,0.0,0.57,1.61,4.45,8.49,3.46,65.91,95.65,0.475,0.349,3,155.3,5.86,0
28.0,94.0,2009-11-09,1741.0,1.08,354.2,-1e-06,0.0,0.0204,0.71,1.38,3.6,0.01,14.6,48.4,119.05,0.372,0.44,0,335.1,5.64,0
27.4885,88.4451,2011-06-17,535.5,0.72,179.1,0.0,1.0,0.0,1.3,8.4,22.1,40.0,53.6,84.8,113.9,0.424,0.431,0,500.0,0.0,1
26.5,94.5,2017-01-13,716.0,1.9,206.6,1e-06,0.0,0.0816,0.65,0.65,0.21,7.98,12.69,39.0,80.34,0.414,0.407,2,368.9,1.79,0
24.0,89.0,2010-08-30,13.0,0.0,72.3,0.0,1.0,0.0,0.25,0.16,2.05,11.25,5.87,57.19,40.36,0.309,0.502,1,309.0,1.16,0
27.0,88.5,2017-03-10,778.0,1.77,17.2,2e-06,1.0,0.4898,0.1,1.47,3.13,6.17,15.47,39.5,139.62,0.391,0.443,3,400.9,5.4,0
28.0,97.0,2020-02-21,2477.0,1.38,233.9,0.0,0.0,0.0,0.68,0.85,2.06,5.22,11.36,29.87,88.34,0.476,0.483,0,456.6,1.36,0
25.426,94.6024,2013-10-13,535.5,0.72,179.1,0.0,1.0,0.0,0.0,0.0,0.0,0.0,0.0,0.1,28.1,0.427,0.445,2,192.0,4.4,1
23.5,90.5,2023-04-10,6.0,0.0,337.4,-0.0,1.0,0.0204,0.35,1.89,2.13,3.59,3.61,18.0,108.5,0.321,0.315,4,394.3,5.48,0
22.0,90.0,2011-11-15,5.0,0.52,180.4,1e-06,1.0,0.0,0.47,0.36,2.48,0.44,13.53,16.58,112.32,0.356,0.423,1,215.4,1.14,0
25.5576,91.8506,2007-08-26,535.5,0.72,179.1,0.0,1.0,0.0,0.0,0.0,0.1,1.2,4.2,25.5,58.6,0.486,0.492,0,500.0,0.0,1
27.174,95.8011,2012-06-25,535.5,0.72,179.1,0.0,1.0,0.0,3.8,14.8,25.5,30.2,43.4,109.8,224.1,0.501,0.518,0,500.0,0.0,1
27.0,92.5,2014-09-15,732.0,2.28,11.7,1e-06,0.0,0.0612,0.78,0.15,2.82,7.91,2.58,39.2,78.39,0.346,0.349,1,187.9,4.65,0
24.5,94.5,2014-04-04,190.0,0.67,35.8,3e-06,5.0,0.0,0.88,2.51,0.19,5.57,15.97,43.26,18.49,0.501,0.428,0,436.3,3.7,0
25.63961883,94.11112157,2010-09-12,535.5,0.72,179.1,0.0,1.0,0.0,1.1,1.6,1.6,5.7,10.7,28.1,65.6,0.496,0.502,2,391.5,5.1,1
22.65242372,92.15898865,2017-06-13,535.5,0.72,179.1,0.0,1.0,0.0,0.3,1.0,2.5,19.3,92.0,184.3,217.9,0.428,0.427,1,418.4,4.6,1
22.5,95.5,2016-05-06,93.0,0.05,49.5,0.0,5.0,0.0,0.78,2.41,3.48,2.28,3.72,69.19,47.41,0.488,0.457,0,77.3,5.84,0
26.5,95.5,2017-08-29,688.0,0.71,126.3,1e-06,0.0,0.0,0.89,2.06,3.44,1.72,21.88,10.95,141.2,0.364,0.311,3,58.9,5.92,0
23.0,90.5,2016-12-09,2.0,0.0,328.0,0.0,5.0,0.0,0.5,1.55,4.14,9.76,0.29,30.32,117.36,0.447,0.41,1,290.3,1.1,0
22.5,97.0,2021-11-15,840.0,0.43,20.4,0.0,1.0,0.0204,0.8,1.1,3.99,3.59,7.27,15.72,120.38,0.399,0.504,3,68.4,2.94,0
25.5,92.0,2021-06-04,1584.0,0.51,47.8,-4e-06,0.0,0.0204,0.44,2.14,1.59,6.61,11.21,52.28,46.33,0.461,0.322,2,478.5,5.42,0
23.0,88.5,2019-04-29,11.0,0.01,28.7,0.0,1.0,0.0,0.75,1.71,2.4,10.79,13.48,2.84,141.77,0.432,0.495,2,474.2,6.5,0
25.682,94.1076,2010-10-09,535.5,0.72,179.1,0.0,1.0,0.0,1.3,5.6,10.0,17.7,27.2,65.8,84.5,0.517,0.516,0,500.0,0.0,1
29.5,91.5,2018-10-07,4712.0,4.51,187.7,-5e-06,4.0,0.0,0.08,0.68,1.96,6.88,16.44,65.13,68.88,0.432,0.351,4,38.2,5.03,0
23.725943,92.7178,2016-09-17,535.5,0.72,179.1,0.0,1.0,0.0,0.3,1.0,2.4,11.3,19.1,41.0,81.2,0.426,0.427,1,141.0,4.3,1
27.8837,93.0515,2013-08-01,535.5,0.72,179.1,0.0,1.0,0.0,0.7,0.8,2.6,5.4,7.9,22.0,137.7,0.423,0.411,0,500.0,0.0,1
22.3421,91.8242,2008-08-18,535.5,0.72,179.1,0.0,1.0,0.0,1.2,4.1,6.2,12.3,33.8,77.0,154.8,0.282,0.282,1,727.2,4.5,1
27.0375,88.2627,2010-08-06,535.5,0.72,179.1,0.0,1.0,0.0,0.3,0.9,2.3,5.8,13.9,42.8,169.1,0.413,0.415,3,862.2,4.6,1
22.74955141,92.22099982,2017-06-13,535.5,0.72,179.1,0.0,1.0,0.0,0.2,1.5,8.6,28.4,97.3,184.2,216.9,0.427,0.428,1,406.3,4.6,1
28.5,97.0,2015-10-15,1794.0,1.12,347.0,1e-05,0.0,0.0,0.55,2.57,3.45,0.09,18.53,22.61,102.53,0.492,0.318,0,446.0,4.83,0
23.86469956,91.8949662,2017-06-03,535.5,0.72,179.1,0.0,1.0,0.0,0.1,0.8,2.7,3.2,4.7,21.8,111.9,0.408,0.399,2,318.1,4.1,1
26.0,90.0,2015-01-17,36.0,0.05,247.6,0.0,1.0,0.0,0.66,1.57,0.47,4.99,20.72,29.87,79.62,0.403,0.37,0,262.5,1.03,0
22.0,96.0,2011-02-05,138.0,0.81,236.4,2e-06,1.0,0.0204,0.36,0.98,2.51,7.2,15.94,8.01,125.83,0.43,0.361,0,448.4,5.97,0
27.0,97.0,2009-05-28,1738.0,2.28,15.1,-2e-06,0.0,0.0,0.84,2.45,4.62,0.63,20.07,26.78,68.52,0.422,0.467,0,199.3,4.45,0
25.6115,96.2907,2015-03-30,535.5,0.72,179.1,0.0,1.0,0.0,0.0,0.0,0.0,0.0,0.1,5.5,17.5,0.355,0.307,0,500.0,0.0,1
29.5,96.0,2011-08-23,3374.0,3.81,206.4,-5e-06,2.0,0.0,0.25,2.04,2.63,6.88,17.65,58.45,142.2,0.37,0.378,1,29.3,3.23,0
23.9278,94.0906,2015-08-01,535.5,0.72,179.1,0.0,1.0,0.0,3.9,20.7,49.3,79.5,209.3,471.8,640.6,0.459,0.458,1,479.6,4.4,1
25.5,95.5,2015-03-01,203.0,1.25,41.2,3e-06,0.0,0.0,0.53,0.92,0.39,5.22,0.87,27.28,54.34,0.43,0.501,0,311.4,3.3,0
22.5,90.5,2011-06-26,3.0,0.0,180.0,-0.0,5.0,0.0,0.11,0.35,3.16,2.04,19.16,55.05,144.96,0.346,0.491,5,31.8,0.74,0
22.0,95.5,2014-04-12,95.0,0.42,179.9,1e-06,1.0,0.0204,0.39,1.53,3.3,8.04,9.22,31.76,44.62,0.331,0.319,4,198.5,6.01,0
27.5,93.5,2016-07-30,1645.0,0.7,257.5,-4e-06,0.0,0.102,0.7,1.24,3.8,6.84,17.28,36.44,76.6,0.389,0.386,5,169.4,5.2,0
24.7339,93.9161,2010-03-27,535.5,0.72,179.1,0.0,1.0,0.0,0.0,0.0,0.4,2.4,2.4,2.4,2.4,0.199,0.203,1,147.8,4.4,1
23.0,92.5,2013-07-26,133.0,0.86,306.2,2e-06,1.0,0.0612,0.03,0.37,0.03,8.75,12.9,60.67,61.21,0.438,0.497,5,324.7,3.23,0
26.0,88.0,2011-10-10,47.0,0.3,72.6,1e-06,1.0,0.0,0.42,1.35,2.62,4.08,6.55,51.08,28.11,0.398,0.372,3,304.2,2.03,0
22.5,92.0,2011-10-15,34.0,0.17,276.7,0.0,1.0,0.1837,0.47,0.79,0.86,10.56,5.13,66.26,84.03,0.354,0.306,1,321.2,3.58,0
26.0,90.0,2023-05-31,36.0,0.05,247.6,0.0,1.0,0.0,0.33,2.34,0.19,2.13,12.96,3.6,102.68,0.373,0.362,5,420.4,6.3,0
26.8692,88.4695,2016-10-12,535.5,0.72,179.1,0.0,1.0,0.0,18.9,20.5,21.4,38.6,46.0,93.7,116.3,0.425,0.426,5,430.3,4.7,1
26.149,91.7351,2012-06-20,535.5,0.72,179.1,0.0,1.0,0.0,4.8,14.6,23.6,32.9,35.2,54.0,114.0,0.51,0.511,0,500.0,0.0,1
25.5,89.5,2013-09-29,24.0,0.03,300.5,0.0,1.0,0.0204,0.14,0.41,3.18,9.23,15.0,30.37,59.87,0.318,0.435,3,113.2,1.05,0
27.0,88.5,2019-12-24,778.0,1.77,17.2,2e-06,1.0,0.4898,0.13,1.64,3.31,4.24,1.73,55.97,116.04,0.379,0.452,5,468.8,2.4,0
26.5,97.5,2011-12-13,539.0,0.3,355.3,-0.0,0.0,0.0,0.1,0.28,0.11,1.76,11.35,54.13,47.86,0.437,0.363,4,371.3,2.82,0
24.27173018,93.28039349,2017-07-09,535.5,0.72,179.1,0.0,1.0,0.0,2.7,3.8,4.0,4.0,6.7,29.9,96.4,0.419,0.416,1,580.8,4.5,1
23.5,97.5,2015-02-10,1167.0,0.76,351.0,-2e-06,0.0,0.0,0.25,0.55,1.81,7.77,19.35,36.49,49.73,0.485,0.3,5,217.6,1.8,0
25.0,93.5,2011-11-17,1025.0,0.2,261.2,-2e-06,0.0,0.1429,0.29,1.4,5.05,7.55,2.2,35.64,124.01,0.414,0.316,4,73.6,6.12,0
26.1468,91.6469,2015-02-14,535.5,0.72,179.1,0.0,1.0,0.0,0.0,0.0,0.0,0.1,0.4,0.4,0.5,0.293,0.334,2,331.1,4.8,1
25.5,97.5,2016-01-23,182.0,0.3,64.5,2e-06,5.0,0.0,0.38,0.95,3.99,3.84,20.24,40.92,117.79,0.359,0.358,1,104.2,3.29,0
26.1061808,91.85158907,2017-07-03,535.5,0.72,179.1,0.0,1.0,0.0,0.6,6.5,9.3,18.9,22.3,161.2,266.3,0.515,0.518,3,346.1,4.9,1
27.0713,88.4308,2007-08-25,535.5,0.72,179.1,0.0,1.0,0.0,0.4,1.4,1.5,1.9,31.1,56.4,70.5,0.432,0.418,1,767.9,4.3,1
24.0,89.0,2020-04-02,13.0,0.0,72.3,0.0,1.0,0.0,0.46,1.89,3.44,10.51,7.75,55.34,60.99,0.37,0.475,3,29.6,4.63,0
24.5,95.0,2021-12-02,182.0,0.24,192.3,0.0,5.0,0.0,0.69,1.56,3.4,4.26,16.28,52.02,66.45,0.429,0.411,3,406.1,1.45,0
24.0,95.5,2010-12-20,352.0,0.16,53.5,-1e-06,0.0,0.0,0.15,1.92,4.07,3.52,8.97,18.0,125.55,0.382,0.463,1,400.7,5.75,0
29.5,96.0,2011-02-20,3374.0,3.81,206.4,-5e-06,2.0,0.0,0.39,1.89,2.54,7.5,14.55,12.46,123.41,0.482,0.422,0,325.3,1.02,0
28.5,88.5,2015-04-15,4870.0,1.37,195.2,-1e-06,2.0,0.0,0.36,1.95,0.68,5.94,9.61,65.74,21.75,0.367,0.476,1,234.0,0.78,0
24.0,89.0,2023-03-13,13.0,0.0,72.3,0.0,1.0,0.0,0.31,0.03,2.6,11.13,7.11,11.2,67.67,0.355,0.389,2,100.0,0.4,0
27.0599,88.4674,2013-09-16,535.5,0.72,179.1,0.0,1.0,0.0,0.0,0.0,0.0,0.0,0.0,1.7,13.4,0.328,0.337,0,500.0,0.0,1
26.5,91.0,2018-10-12,42.0,1.83,0.1,2e-06,5.0,0.0,0.18,1.65,5.14,0.85,19.29,16.86,51.53,0.357,0.413,1,316.0,6.23,0
26.5,91.5,2018-03-31,58.0,1.61,359.5,2e-06,1.0,0.0,0.23,0.79,0.0,9.21,19.23,25.61,77.66,0.296,0.489,3,156.8,4.98,0
22.0,94.0,2018-02-09,386.0,1.14,95.3,2e-06,1.0,0.0,0.65,0.96,1.23,9.24,21.14,49.5,28.22,0.332,0.289,0,336.8,1.18,0
27.5,93.5,2009-08-25,1645.0,0.7,257.5,-4e-06,0.0,0.102,0.4,2.52,3.55,8.7,4.65,10.04,67.19,0.317,0.491,1,108.1,3.71,0
25.43807422,91.79904872,2017-06-17,535.5,0.72,179.1,0.0,1.0,0.0,0.1,0.5,11.2,38.5,79.4,177.3,372.9,0.498,0.509,0,500.0,0.0,1
24.4638,92.4943,2016-05-18,535.5,0.72,179.1,0.0,1.0,0.0,1.5,6.9,12.3,26.8,45.0,66.6,110.0,0.46,0.465,2,185.4,4.8,1
27.5205,89.7466,2012-09-14,535.5,0.72,179.1,0.0,1.0,0.0,2.1,4.4,7.1,17.2,34.0,64.5,65.9,0.429,0.425,2,512.5,4.8,1
25.1122,94.3591,2015-08-01,535.5,0.72,179.1,0.0,1.0,0.0,2.7,10.1,14.0,25.1,52.6,120.5,186.0,0.447,0.455,1,403.0,4.4,1
26.5,96.0,2013-07-23,526.0,0.51,38.4,1e-06,0.0,0.0,0.49,0.05,0.85,6.46,13.93,68.05,121.25,0.321,0.342,3,118.3,2.99,0
25.0,90.5,2012-03-11,11.0,0.44,1.4,1e-06,1.0,0.0408,0.01,0.59,2.32,5.5,10.58,33.78,130.58,0.392,0.379,0,130.2,0.95,0
22.0,95.5,2019-09-09,95.0,0.42,179.9,1e-06,1.0,0.0204,0.16,0.29,3.83,5.14,20.11,49.25,52.55,0.299,0.411,0,368.4,1.0,0
23.0,97.0,2018-02-05,967.0,0.78,134.4,-1e-06,0.0,0.0,0.53,1.94,3.65,6.52,18.47,41.52,141.44,0.347,0.443,1,499.1,4.84,0
22.3605,91.8236,2015-09-27,535.5,0.72,179.1,0.0,1.0,0.0,0.0,0.0,0.0,0.0,0.0,45.5,145.8,0.255,0.261,3,277.3,4.7,1
23.5,88.0,2010-12-26,27.0,0.32,88.9,1e-06,1.0,0.0204,0.27,0.38,1.14,4.64,3.13,58.27,61.57,0.432,0.44,2,340.0,0.66,0
25.5,89.0,2014-08-27,33.0,0.03,8.9,-0.0,1.0,0.0204,0.12,0.73,4.53,0.16,2.54,14.21,93.36,0.326,0.386,1,138.0,4.56,0
22.9,96.48,2008-08-16,535.5,0.72,179.1,0.0,1.0,0.0,0.0,0.2,0.8,2.4,4.7,43.6,172.9,0.496,0.498,1,437.5,4.5,1
27.7276,88.0446,2010-08-29,535.5,0.72,179.1,0.0,1.0,0.0,0.0,0.0,0.0,2.9,4.2,10.8,59.3,0.397,0.401,0,500.0,0.0,1
22.5,95.5,2017-09-22,93.0,0.05,49.5,0.0,5.0,0.0,0.86,2.25,0.69,2.32,9.81,50.24,78.38,0.421,0.493,4,109.5,4.66,0
28.0,89.5,2013-10-26,4600.0,1.64,21.6,-1e-06,2.0,0.0,0.4,0.96,2.78,6.65,11.78,29.04,51.34,0.399,0.381,3,347.6,6.16,0
26.22247247,91.92053028,2017-07-03,535.5,0.72,179.1,0.0,1.0,0.0,1.4,4.6,17.7,23.4,30.8,209.8,300.9,0.517,0.516,3,347.9,4.9,1
26.5,93.5,2009-07-13,600.0,0.38,358.5,-2e-06,0.0,0.0204,0.29,2.06,1.72,6.33,4.54,16.92,81.98,0.474,0.312,1,88.6,4.7,0
26.5,97.5,2019-08-24,539.0,0.3,355.3,-0.0,0.0,0.0,0.24,1.38,2.3,3.26,18.09,28.17,58.0,0.406,0.496,0,459.7,4.14,0
28.0,93.0,2009-02-05,3033.0,5.29,39.3,-1e-06,2.0,0.0,0.62,1.47,2.29,8.73,11.42,16.69,65.14,0.41,0.307,4,441.6,3.7,0
25.83,94.13,2011-08-18,535.5,0.72,179.1,0.0,1.0,0.0,0.0,0.5,0.5,3.0,4.2,32.6,79.8,0.496,0.496,0,500.0,0.0,1
26.5,90.0,2019-01-01,54.0,2.07,359.7,3e-06,1.0,0.0,0.67,0.56,1.7,2.57,8.22,15.85,141.98,0.349,0.42,0,78.7,4.17,0
27.16009861,91.6036289,2017-07-08,535.5,0.72,179.1,0.0,1.0,0.0,1.1,4.6,14.3,17.6,26.7,52.1,281.4,0.427,0.428,1,439.5,4.9,1
23.0,89.5,2017-04-19,3.0,0.01,68.2,0.0,6.0,0.0,0.06,0.35,1.58,4.45,3.4,69.32,118.87,0.435,0.498,2,153.3,5.15,0
26.5,93.5,2012-07-01,600.0,0.38,358.5,-2e-06,0.0,0.0204,0.68,2.22,0.59,0.62,21.52,64.86,128.83,0.467,0.292,5,404.1,1.98,0
22.5,94.5,2017-12-01,249.0,0.18,87.0,0.0,2.0,0.0,0.61,0.08,2.63,9.38,9.36,67.98,91.44,0.304,0.303,2,357.9,4.67,0
22.0,93.5,2013-02-15,1971.0,1.87,16.4,-5e-06,2.0,0.0,0.86,0.67,3.45,9.98,18.98,31.64,32.49,0.335,0.346,2,311.6,3.5,0
26.0,90.5,2011-04-26,99.0,0.39,181.0,0.0,5.0,0.0,0.63,1.36,4.38,9.43,5.98,39.11,39.84,0.432,0.368,5,450.1,0.51,0
29.0,89.0,2010-07-11,4805.0,0.58,6.5,-1e-06,2.0,0.0,0.74,1.46,3.7,7.99,15.8,41.12,57.92,0.435,0.443,2,394.4,0.27,0
26.1807,94.5497,2013-08-04,535.5,0.72,179.1,0.0,1.0,0.0,0.0,0.0,0.0,3.1,3.8,27.3,67.3,0.499,0.497,1,250.1,5.0,1
28.0,90.0,2020-10-14,4023.0,3.6,351.9,1e-06,4.0,0.0,0.34,2.49,2.43,6.02,12.4,47.97,128.69,0.437,0.463,2,308.9,1.25,0
23.0,89.0,2016-12-15,12.0,0.01,35.5,-0.0,1.0,0.0,0.54,2.08,0.08,10.07,9.48,13.83,126.59,0.335,0.35,4,453.1,0.15,0
27.3773,88.559,2010-07-21,535.5,0.72,179.1,0.0,1.0,0.0,2.9,8.0,19.2,44.2,64.3,143.6,290.3,0.435,0.438,2,262.9,4.6,1
26.3312531,94.55427723,2017-07-01,535.5,0.72,179.1,0.0,1.0,0.0,0.5,2.3,4.2,11.6,20.9,75.3,169.0,0.512,0.509,2,262.6,4.6,1
24.0,92.0,2022-09-14,70.0,0.41,257.8,1e-06,6.0,0.0204,0.75,1.16,1.67,6.85,21.01,56.21,124.59,0.336,0.353,4,237.8,0.59,0
24.042,92.6724,2015-08-27,535.5,0.72,179.1,0.0,1.0,0.0,0.3,0.7,0.8,4.3,10.5,22.1,72.0,0.423,0.426,1,327.4,3.9,1
28.5,89.5,2012-03-03,5172.0,0.67,188.3,-3e-06,4.0,0.0,0.88,0.53,1.64,6.08,4.85,54.34,116.63,0.302,0.361,1,182.4,3.65,0
25.0,97.5,2017-04-18,167.0,0.81,195.7,1e-06,6.0,0.0,0.09,1.69,3.86,4.78,6.68,29.57,93.65,0.406,0.396,3,63.5,0.32,0
23.74182634,92.7141905,2010-09-13,535.5,0.72,179.1,0.0,1.0,0.0,0.0,0.3,0.3,2.7,4.9,17.1,41.7,0.407,0.41,2,213.8,5.1,1
22.59420297,92.16404889,2017-06-12,535.5,0.72,179.1,0.0,1.0,0.0,5.1,13.9,34.4,71.0,86.1,103.9,124.8,0.43,0.428,1,422.7,4.6,1
29.5,97.0,2022-10-06,5338.0,3.22,191.5,-1.1e-05,2.0,0.0,0.61,1.45,3.22,7.43,15.73,4.4,52.57,0.455,0.489,2,13.0,5.65,0
26.0,94.5,2019-09-30,1720.0,0.65,201.1,-4e-06,0.0,0.5714,0.82,2.07,3.41,5.44,14.23,62.53,86.34,0.365,0.459,3,464.6,0.36,0
25.5,95.5,2019-12-03,203.0,1.25,41.2,3e-06,0.0,0.0,0.26,2.08,0.08,0.46,6.43,42.39,24.39,0.359,0.382,5,418.7,0.32,0
27.0875,88.4572,2007-09-20,535.5,0.72,179.1,0.0,1.0,0.0,0.0,0.0,0.0,0.0,0.0,6.1,36.9,0.371,0.388,1,336.6,4.3,1
29.5,91.0,2011-01-05,4228.0,4.26,171.1,-2e-06,2.0,0.0,0.37,2.3,3.62,8.39,10.66,27.91,95.45,0.475,0.323,5,478.3,1.42,0
23.5,92.5,2022-10-28,750.0,0.75,326.3,-2e-06,2.0,0.3878,0.83,0.73,3.58,10.82,20.95,33.2,114.17,0.504,0.41,4,231.1,5.57,0
29.0,97.0,2021-05-24,3527.0,3.73,350.8,3e-06,4.0,0.0,0.13,0.33,1.63,10.16,18.06,60.42,132.7,0.339,0.343,0,183.3,3.64,0
22.5,97.0,2012-07-03,840.0,0.43,20.4,0.0,1.0,0.0204,0.02,2.57,4.91,4.77,8.22,13.35,47.13,0.398,0.302,4,313.5,2.88,0
23.438189,91.125374,2017-03-16,535.5,0.72,179.1,0.0,1.0,0.0,0.0,0.0,0.0,0.0,0.0,0.0,54.2,0.375,0.401,1,712.8,4.4,1
26.0,96.5,2023-09-08,871.0,0.37,107.6,-2e-06,0.0,0.0,0.62,1.53,2.32,10.06,7.72,31.95,23.19,0.47,0.311,3,355.1,5.49,0
23.0,92.5,2009-08-17,133.0,0.86,306.2,2e-06,1.0,0.0612,0.43,2.1,3.13,7.08,7.59,19.31,31.39,0.345,0.363,0,412.6,3.38,0
25.0,88.0,2022-11-09,29.0,0.31,87.9,1e-06,5.0,0.0204,0.41,0.65,3.08,7.31,1.96,34.03,129.18,0.499,0.375,1,359.5,4.6,0
29.0,94.5,2021-06-25,2114.0,3.75,33.5,4e-06,0.0,0.0,0.18,0.66,2.31,3.23,4.58,13.36,121.8,0.464,0.331,4,21.9,6.24,0
22.5,94.0,2011-12-22,400.0,1.31,101.0,2e-06,0.0,0.0,0.47,0.16,1.2,6.62,13.19,33.72,86.34,0.459,0.358,5,45.8,3.11,0
25.0,89.0,2010-06-25,21.0,0.02,13.4,0.0,1.0,0.0,0.7,2.07,4.99,10.91,2.58,32.84,33.13,0.455,0.458,3,260.3,3.13,0
27.0,91.0,2019-09-12,1799.0,4.13,353.0,-1e-06,2.0,0.0,0.53,0.67,3.63,8.06,14.92,12.05,90.26,0.351,0.488,5,487.5,4.6,0
29.5,88.5,2021-03-20,4353.0,3.71,178.0,-3e-06,4.0,0.0,0.65,1.11,3.59,11.24,10.3,49.6,69.14,0.492,0.34,3,264.0,5.25,0
24.5,89.5,2021-01-30,14.0,0.01,298.1,0.0,1.0,0.0,0.24,1.46,1.43,1.23,16.81,18.56,24.08,0.485,0.338,1,35.7,2.69,0
22.5,88.5,2023-11-14,4.0,0.01,3.6,0.0,1.0,0.0,0.84,1.99,1.0,2.38,7.22,40.76,139.06,0.366,0.495,1,181.6,1.3,0
24.9037,93.487,2013-09-01,535.5,0.72,179.1,0.0,1.0,0.0,0.0,0.0,0.0,0.0,1.0,4.8,81.7,0.421,0.427,1,441.3,4.5,1
25.0,94.5,2021-03-11,1133.0,1.24,21.6,-3e-06,0.0,0.0204,0.8,1.4,3.45,1.68,8.91,62.49,93.08,0.475,0.318,4,260.1,2.58,0
22.0,89.5,2014-07-03,0.0,0.51,179.9,1e-06,1.0,0.0,0.75,1.23,1.51,1.94,6.04,50.62,70.72,0.427,0.342,4,216.6,1.48,0
23.0,93.0,2019-07-14,1118.0,1.24,258.6,-1e-06,2.0,0.0204,0.69,0.83,1.07,3.54,1.05,60.65,112.5,0.298,0.409,4,293.8,2.71,0
27.0,88.0,2009-04-02,1961.0,3.37,356.9,-4e-06,2.0,0.9388,0.33,1.33,0.06,5.93,6.04,38.18,56.42,0.465,0.358,1,431.7,5.21,0
29.0,90.0,2021-05-04,5512.0,0.41,229.6,-5e-06,2.0,0.0,0.22,1.2,4.24,1.58,0.29,58.37,143.41,0.322,0.468,2,346.3,6.09,0
23.5,96.5,2012-01-31,188.0,1.55,185.8,2e-06,1.0,0.0204,0.89,0.89,5.21,10.09,22.38,12.09,128.02,0.332,0.306,2,319.2,1.15,0
25.4477,94.0489,2015-07-22,535.5,0.72,179.1,0.0,1.0,0.0,1.1,2.0,3.2,10.9,31.4,81.4,179.3,0.468,0.464,1,162.2,4.2,1
25.5,91.5,2014-11-14,1648.0,0.59,274.1,-6e-06,0.0,0.2245,0.2,0.5,3.32,1.36,15.32,36.95,91.46,0.489,0.313,3,303.5,1.07,0
29.5,92.5,2009-07-31,5352.0,3.69,179.1,-9e-06,4.0,0.0,0.65,2.57,1.65,7.6,18.03,36.39,54.7,0.356,0.323,4,408.3,3.9,0
22.1334,96.4669,2015-10-13,535.5,0.72,179.1,0.0,1.0,0.0,0.6,0.6,2.8,9.6,17.8,42.8,96.4,0.502,0.512,2,240.3,4.5,1
29.0,94.0,2019-07-16,4628.0,2.93,37.1,-5e-06,2.0,0.0,0.43,2.22,2.68,4.42,11.23,67.84,96.58,0.369,0.501,2,40.1,3.84,0
25.0,97.5,2012-06-11,167.0,0.81,195.7,1e-06,6.0,0.0,0.4,0.46,3.77,10.09,12.08,32.22,23.69,0.428,0.402,5,361.0,5.83,0
24.5,89.5,2014-12-30,14.0,0.01,298.1,0.0,1.0,0.0,0.02,0.71,4.6,2.65,10.17,2.58,100.84,0.478,0.47,3,283.9,4.57,0
27.0076,88.251,2015-06-27,535.5,0.72,179.1,0.0,1.0,0.0,1.2,2.5,4.6,13.7,22.2,51.7,120.9,0.42,0.42,0,500.0,0.0,1
26.5,88.5,2019-01-26,90.0,0.75,2.5,1e-06,1.0,0.0204,0.82,1.64,3.91,4.92,17.19,49.6,111.5,0.447,0.417,4,51.1,5.82,0
22.0,91.5,2012-09-28,0.0,0.52,182.6,1e-06,6.0,0.3265,0.11,0.68,2.93,10.51,16.85,10.96,21.94,0.385,0.439,0,74.9,5.63,0
25.4749,93.1477,2010-10-09,535.5,0.72,179.1,0.0,1.0,0.0,0.8,5.6,13.4,24.4,36.9,80.4,92.5,0.508,0.516,0,500.0,0.0,1
26.5,93.5,2009-10-15,600.0,0.38,358.5,-2e-06,0.0,0.0204,0.48,1.78,4.71,1.23,17.34,16.71,37.26,0.317,0.339,1,140.4,3.38,0
25.5,94.5,2018-10-07,1300.0,0.61,1.5,1e-06,0.0,0.102,0.37,2.24,4.81,7.16,19.19,20.42,54.34,0.328,0.438,1,208.9,0.74,0
25.660517,94.104931,2016-08-25,535.5,0.72,179.1,0.0,1.0,0.0,0.5,2.2,3.3,3.6,3.6,9.5,36.5,0.51,0.479,2,205.0,5.0,1
24.7505,93.4221,2010-08-27,535.5,0.72,179.1,0.0,1.0,0.0,0.3,0.7,1.1,3.6,6.0,31.9,59.1,0.412,0.412,0,500.0,0.0,1
27.7,92.8,2009-08-12,535.5,0.72,179.1,0.0,1.0,0.0,5.9,19.1,32.9,40.5,60.6,143.1,244.5,0.429,0.429,2,425.0,5.5,1
24.5,92.0,2012-01-20,15.0,0.07,217.0,0.0,1.0,0.0612,0.25,2.25,5.24,5.69,20.86,43.6,131.22,0.48,0.35,0,53.6,3.38,0
25.1472,91.7483,2015-02-22,535.5,0.72,179.1,0.0,1.0,0.0,0.0,0.0,0.0,0.1,5.1,5.7,12.4,0.315,0.275,2,358.4,4.0,1
25.5,97.5,2012-05-27,182.0,0.3,64.5,2e-06,5.0,0.0,0.06,0.03,2.96,1.15,3.24,68.54,63.11,0.454,0.468,3,144.9,3.55,0
24.0,92.0,2015-11-01,70.0,0.41,257.8,1e-06,6.0,0.0204,0.03,2.12,1.17,9.68,3.24,17.71,33.63,0.322,0.306,5,383.9,0.73,0
28.5,88.0,2014-05-09,4258.0,2.94,255.0,-1e-06,4.0,0.0,0.89,0.01,2.76,3.09,18.03,54.73,41.59,0.409,0.302,1,310.5,2.52,0
26.092493,94.257523,2016-09-05,535.5,0.72,179.1,0.0,1.0,0.0,0.4,1.9,3.3,13.1,15.4,46.2,74.7,0.502,0.507,3,283.8,4.6,1
26.0,93.5,2016-10-21,297.0,0.44,279.8,1e-06,0.0,0.0,0.79,1.13,4.91,1.36,17.48,52.8,126.36,0.49,0.427,5,197.4,1.98,0
27.0,92.0,2009-12-18,1102.0,4.06,7.9,3e-06,1.0,0.0408,0.75,1.64,4.11,3.81,11.17,29.08,73.33,0.461,0.299,5,57.0,4.85,0
23.5,96.0,2019-02-28,79.0,0.02,325.9,0.0,5.0,0.0,0.48,1.01,3.05,2.21,15.46,23.77,90.61,0.486,0.355,3,361.7,5.95,0
27.36,93.0385,2015-07-15,535.5,0.72,179.1,0.0,1.0,0.0,6.1,18.7,38.2,73.4,84.4,129.5,188.1,0.476,0.475,3,109.5,4.5,1
23.8986,91.7599,2010-06-03,535.5,0.72,179.1,0.0,1.0,0.0,0.3,1.4,1.9,3.1,4.6,19.6,130.3,0.411,0.409,1,496.5,4.6,1
24.0,93.0,2017-11-04,374.0,0.4,208.3,2e-06,0.0,0.102,0.62,0.49,0.76,4.82,10.33,45.9,69.12,0.447,0.319,0,305.6,2.46,0
26.5,97.0,2020-09-20,462.0,1.4,350.9,1e-06,0.0,0.0,0.38,1.39,4.58,5.37,20.0,34.52,27.69,0.484,0.444,4,289.9,3.36,0
29.5,89.0,2013-12-31,5361.0,4.51,187.2,-9e-06,4.0,0.0,0.4,0.78,3.44,0.44,5.22,63.36,50.12,0.35,0.404,0,118.7,5.34,0
29.5,96.5,2022-11-03,4109.0,3.9,199.1,-4e-06,2.0,0.0,0.22,0.77,2.18,6.22,1.4,21.29,35.15,0.336,0.481,4,132.1,6.46,0
22.5,88.5,2013-03-21,4.0,0.01,3.6,0.0,1.0,0.0,0.85,0.8,3.1,10.17,12.32,45.62,112.25,0.407,0.299,2,198.6,2.29,0
28.5,95.5,2020-04-18,2009.0,3.49,329.3,1e-06,0.0,0.0,0.56,2.51,4.9,5.74,18.49,59.79,141.86,0.489,0.483,2,272.2,1.04,0
23.33501164,92.85410625,2017-06-12,535.5,0.72,179.1,0.0,1.0,0.0,6.1,16.7,44.9,70.9,81.6,136.8,178.3,0.43,0.429,1,314.5,4.6,1
26.88405686,88.28087032,2009-08-20,535.5,0.72,179.1,0.0,1.0,0.0,4.2,10.0,13.3,62.0,91.4,143.7,358.9,0.43,0.431,1,417.6,5.0,1
26.5,92.5,2011-08-27,63.0,0.57,358.5,1e-06,1.0,0.0204,0.28,1.26,5.27,10.48,9.0,16.86,72.66,0.344,0.342,1,174.7,3.89,0
26.1662,91.7138,2013-05-11,535.5,0.72,179.1,0.0,1.0,0.0,0.1,0.1,0.5,12.2,13.0,44.3,69.4,0.499,0.502,1,499.2,4.2,1
29.5,93.5,2015-06-29,4826.0,4.51,180.3,-5e-06,4.0,0.0,0.13,1.35,2.61,2.45,11.13,66.89,98.45,0.366,0.356,4,220.2,0.79,0
26.5,97.5,2017-12-28,539.0,0.3,355.3,-0.0,0.0,0.0,0.55,0.54,0.02,6.46,13.44,3.04,136.5,0.402,0.398,5,267.3,1.97,0
29.5,89.0,2009-07-29,5361.0,4.51,187.2,-9e-06,4.0,0.0,0.1,0.55,1.65,8.09,16.83,55.22,108.86,0.492,0.371,4,26.0,4.72,0
28.4659,95.86,2012-04-08,535.5,0.72,179.1,0.0,1.0,0.0,1.2,3.1,4.6,9.1,25.9,118.2,122.1,0.433,0.429,0,500.0,0.0,1
23.7348,92.7187,2015-09-14,535.5,0.72,179.1,0.0,1.0,0.0,0.4,1.9,3.9,6.8,16.8,32.0,47.6,0.424,0.417,2,347.8,4.2,1
26.96437841,92.78260587,2017-06-18,535.5,0.72,179.1,0.0,1.0,0.0,1.4,3.3,5.5,7.5,19.0,123.0,277.6,0.471,0.467,0,500.0,0.0,1
23.0,89.5,2021-10-17,3.0,0.01,68.2,0.0,6.0,0.0,0.46,1.02,1.91,3.43,6.52,53.84,50.2,0.432,0.385,3,201.8,1.28,0
29.5,94.0,2022-08-28,5108.0,4.3,175.7,-8e-06,2.0,0.0,0.45,2.1,1.57,9.38,18.64,65.04,68.16,0.422,0.504,5,119.6,0.42,0
24.7992,93.948,2011-07-22,535.5,0.72,179.1,0.0,1.0,0.0,0.0,0.1,0.6,4.3,11.5,67.7,122.7,0.436,0.437,0,500.0,0.0,1
27.5,96.5,2022-03-29,439.0,1.63,286.5,6e-06,0.0,0.0204,0.4,0.31,2.19,6.81,17.01,9.32,133.87,0.495,0.321,3,150.5,0.32,0
28.0,88.0,2020-02-14,5818.0,3.28,286.6,-1.3e-05,2.0,0.0,0.78,0.19,2.6,2.72,22.0,5.84,46.1,0.43,0.376,1,48.6,2.89,0
22.0,92.3333,2010-06-15,535.5,0.72,179.1,0.0,1.0,0.0,6.1,21.7,48.3,77.9,119.2,193.4,208.7,0.43,0.43,1,380.0,4.4,1
24.0,97.0,2022-09-22,142.0,0.98,297.0,3e-06,1.0,0.0,0.3,2.52,4.51,0.54,1.52,38.0,95.96,0.353,0.353,4,45.8,4.8,0
23.0,88.0,2019-09-18,19.0,0.32,85.9,1e-06,1.0,0.0,0.27,2.56,3.61,3.39,5.65,31.25,90.38,0.41,0.488,4,62.7,2.76,0
27.0765,88.4808,2010-06-16,535.5,0.72,179.1,0.0,1.0,0.0,0.5,1.9,2.3,4.9,6.4,14.0,62.0,0.416,0.385,1,692.9,4.4,1
24.0,93.5,2012-06-05,1021.0,1.01,205.8,-1e-06,1.0,0.0408,0.48,0.49,4.15,3.68,3.91,20.79,121.73,0.4,0.483,3,76.1,0.31,0
27.5,89.0,2017-07-06,4301.0,4.15,341.9,-8e-06,2.0,0.0,0.1,2.37,2.68,7.13,15.23,40.04,120.29,0.395,0.373,0,278.4,5.32,0
22.7176,92.8416,2010-09-13,535.5,0.72,179.1,0.0,1.0,0.0,0.3,1.3,1.8,6.5,10.8,33.5,60.0,0.425,0.423,2,237.2,5.1,1
27.5,89.5,2015-03-17,3704.0,3.01,36.7,-3e-06,2.0,0.0612,0.76,0.35,3.87,9.92,10.51,26.61,56.7,0.41,0.327,4,50.2,1.82,0
28.5,93.5,2015-03-08,3146.0,4.65,15.1,0.0,2.0,0.0,0.44,0.52,2.12,1.29,4.47,3.62,73.3,0.368,0.475,5,184.1,2.77,0
24.82767572,93.51825,2017-07-09,535.5,0.72,179.1,0.0,1.0,0.0,0.5,1.2,1.9,3.9,13.5,45.0,175.5,0.423,0.424,1,514.6,4.5,1
25.5,88.0,2019-10-21,33.0,0.31,86.5,1e-06,6.0,0.0,0.18,0.24,3.74,7.37,10.6,56.94,73.42,0.493,0.489,2,94.8,4.47,0
26.7103,94.693,2013-08-11,535.5,0.72,179.1,0.0,1.0,0.0,0.9,2.9,4.5,11.4,26.4,50.8,105.7,0.514,0.51,1,730.3,4.5,1
27.5,91.0,2023-08-03,3987.0,2.49,358.2,-8e-06,4.0,0.0,0.83,2.44,5.13,5.52,8.25,21.75,69.96,0.425,0.437,3,189.7,5.49,0
27.044,89.5744,2009-08-18,535.5,0.72,179.1,0.0,1.0,0.0,0.7,3.3,4.8,6.3,16.5,333.5,597.9,0.431,0.429,1,604.1,5.5,1
25.0,88.5,2022-06-15,27.0,0.01,35.5,-0.0,6.0,0.0,0.11,2.1,1.74,6.6,8.85,52.85,47.79,0.383,0.32,1,114.9,1.78,0
23.5,95.0,2010-04-15,417.0,0.1,47.2,-1e-06,1.0,0.0,0.21,2.13,2.95,0.62,7.81,68.22,99.61,0.337,0.304,1,337.3,4.52,0
26.16066111,91.85294885,2017-04-05,535.5,0.72,179.1,0.0,1.0,0.0,0.0,0.0,0.0,0.0,3.5,49.0,122.6,0.472,0.476,0,500.0,0.0,1
28.0791,96.5242,2011-03-22,535.5,0.72,179.1,0.0,1.0,0.0,3.0,15.4,24.9,33.5,97.7,203.3,232.0,0.434,0.435,1,618.6,4.7,1
29.5,90.5,2010-11-27,5724.0,4.11,175.7,-1.2e-05,2.0,0.0,0.8,0.4,3.98,0.56,1.86,32.29,71.88,0.422,0.379,1,379.9,0.74,0
27.0,94.5,2009-02-16,89.0,0.63,182.0,1e-06,5.0,0.0,0.69,1.05,5.11,4.0,18.27,68.12,115.81,0.299,0.442,1,334.4,1.66,0
28.5,90.5,2019-04-27,5037.0,1.02,197.3,0.0,4.0,0.0,0.28,0.02,3.56,4.29,2.3,26.8,127.95,0.334,0.346,2,241.0,3.99,0
27.2333,94.1167,2008-10-29,535.5,0.72,179.1,0.0,1.0,0.0,0.0,0.0,0.0,0.0,0.7,45.6,45.7,0.403,0.397,0,500.0,0.0,1
29.0,88.5,2015-03-25,4067.0,0.57,161.1,4e-06,4.0,0.0,0.2,1.26,3.82,4.89,21.49,13.21,141.68,0.307,0.498,0,476.9,4.59,0
24.5,94.0,2021-11-30,781.0,0.33,133.4,-1e-06,2.0,0.102,0.76,2.07,1.87,9.48,19.17,14.31,93.46,0.464,0.44,4,23.8,4.55,0
26.1295,91.7056,2014-09-22,535.5,0.72,179.1,0.0,1.0,0.0,0.4,0.4,0.5,9.3,20.9,106.7,129.1,0.495,0.505,3,353.8,4.5,1
26.159,91.8178,2014-09-22,535.5,0.72,179.1,0.0,1.0,0.0,0.4,0.4,0.5,9.3,20.9,106.7,129.1,0.495,0.505,3,345.7,4.5,1
22.0,91.5,2017-03-10,0.0,0.52,182.6,1e-06,6.0,0.3265,0.69,0.98,0.76,7.45,3.89,17.53,62.31,0.436,0.308,3,342.6,4.29,0
27.05374234,88.42572376,2011-07-19,535.5,0.72,179.1,0.0,1.0,0.0,3.3,4.9,7.3,10.3,10.7,125.6,253.1,0.435,0.417,1,854.7,4.4,1
24.3083,91.7333,2009-05-18,535.5,0.72,179.1,0.0,1.0,0.0,2.1,3.1,4.2,15.3,16.9,43.7,93.2,0.424,0.41,1,287.2,4.7,1
28.5,96.0,2012-10-09,4116.0,3.91,339.5,-8e-06,4.0,0.0408,0.7,1.4,2.24,10.3,10.25,2.51,77.08,0.469,0.352,1,10.3,6.07,0
26.1666,91.7042,2015-09-23,535.5,0.72,179.1,0.0,1.0,0.0,2.0,7.1,9.1,13.0,24.2,131.4,153.8,0.51,0.513,4,345.0,4.7,1
25.0,97.0,2010-11-27,164.0,0.18,9.1,2e-06,1.0,0.0,0.07,1.31,3.71,8.28,0.47,52.47,86.95,0.488,0.31,4,398.4,1.26,0
29.5,95.5,2013-05-21,1509.0,2.66,172.9,6e-06,0.0,0.0,0.41,0.35,0.04,4.47,19.09,28.03,127.99,0.387,0.382,5,487.4,0.88,0
22.344,91.8161,2011-07-01,535.5,0.72,179.1,0.0,1.0,0.0,2.5,6.8,11.2,14.7,24.3,107.0,261.3,0.283,0.283,2,293.9,4.7,1
26.5,95.5,2023-07-25,688.0,0.71,126.3,1e-06,0.0,0.0,0.07,0.2,4.94,2.54,11.43,41.14,87.78,0.382,0.448,4,401.1,3.95,0
22.5,96.0,2017-11-08,71.0,0.62,270.3,2e-06,1.0,0.0204,0.12,0.57,5.07,6.49,14.79,50.75,123.87,0.297,0.312,1,229.1,0.96,0
25.0,94.0,2022-05-03,832.0,0.77,354.8,1e-06,0.0,0.551,0.48,1.96,3.33,6.18,21.69,51.58,128.52,0.391,0.409,0,143.0,2.88,0
27.0,88.5,2013-12-10,778.0,1.77,17.2,2e-06,1.0,0.4898,0.04,0.79,5.03,2.2,12.92,30.57,123.35,0.326,0.408,2,495.3,1.37,0
26.0,92.5,2023-01-23,182.0,1.06,170.7,1e-06,1.0,0.0,0.53,1.96,4.2,0.57,13.35,47.34,33.5,0.347,0.293,5,138.7,1.53,0
27.5,91.5,2023-05-19,2019.0,3.55,0.6,9e-06,0.0,0.1224,0.12,1.04,3.32,3.55,1.88,13.08,83.7,0.498,0.469,1,425.0,4.46,0
29.0,88.5,2023-11-28,4067.0,0.57,161.1,4e-06,4.0,0.0,0.85,1.92,3.61,8.9,11.1,24.37,124.7,0.373,0.492,4,331.9,2.55,0
28.5,97.0,2013-08-14,1794.0,1.12,347.0,1e-05,0.0,0.0,0.45,1.91,1.88,10.34,5.01,50.48,138.14,0.458,0.352,5,129.7,5.8,0
25.1604,93.6795,2012-03-04,535.5,0.72,179.1,0.0,1.0,0.0,0.0,0.0,0.0,0.3,0.7,10.2,23.3,0.324,0.294,2,160.0,4.6,1
23.0,95.0,2013-11-10,292.0,0.31,13.9,-0.0,1.0,0.0,0.66,0.95,4.68,9.24,10.8,59.42,84.75,0.344,0.381,2,32.4,6.24,0
28.0,92.5,2016-05-05,5668.0,3.0,24.7,-1e-05,2.0,0.0,0.52,2.26,4.47,1.05,22.05,45.2,106.87,0.473,0.462,3,116.7,2.79,0
24.0,96.0,2023-04-12,153.0,0.31,31.2,0.0,1.0,0.0,0.56,0.47,1.15,3.9,19.78,63.91,94.38,0.415,0.482,5,424.5,5.02,0
28.1193,95.1645,2013-02-18,535.5,0.72,179.1,0.0,1.0,0.0,0.8,4.4,8.9,11.4,12.0,12.1,12.1,0.367,0.294,0,500.0,0.0,1
26.95223279,93.85748748,2017-07-10,535.5,0.72,179.1,0.0,1.0,0.0,0.9,4.6,17.1,23.7,34.2,104.3,166.9,0.502,0.498,1,293.3,4.5,1
26.8572,88.3143,2009-07-22,535.5,0.72,179.1,0.0,1.0,0.0,2.7,5.5,6.0,11.8,20.1,32.1,74.7,0.428,0.419,0,500.0,0.0,1
26.1548,91.7351,2011-09-23,535.5,0.72,179.1,0.0,1.0,0.0,0.0,0.2,0.2,2.1,27.4,65.0,145.7,0.505,0.494,6,71.0,6.9,1
24.0,88.5,2019-08-25,18.0,0.01,32.0,0.0,5.0,0.0,0.41,1.95,4.43,3.13,17.64,35.09,48.21,0.387,0.444,1,143.1,2.08,0
29.5,88.5,2017-08-28,4353.0,3.71,178.0,-3e-06,4.0,0.0,0.78,1.38,2.44,3.96,18.58,13.81,143.51,0.494,0.327,1,70.5,3.62,0
26.0,96.0,2013-10-01,958.0,0.34,24.3,-1e-06,1.0,0.0,0.37,1.68,2.71,1.82,5.02,58.67,42.46,0.333,0.463,0,427.2,6.06,0
22.0,89.5,2023-01-29,0.0,0.51,179.9,1e-06,1.0,0.0,0.67,0.73,2.94,5.77,3.64,16.02,95.39,0.365,0.36,2,202.4,4.23,0
26.0,88.0,2023-03-21,47.0,0.3,72.6,1e-06,1.0,0.0,0.82,2.53,4.15,6.27,13.1,24.74,42.47,0.321,0.359,5,290.4,5.92,0
23.0,91.5,2023-10-04,6.0,0.05,319.4,0.0,1.0,0.0204,0.3,1.93,0.72,1.07,21.43,2.72,131.73,0.303,0.465,3,275.6,1.72,0
26.5,88.5,2012-02-16,90.0,0.75,2.5,1e-06,1.0,0.0204,0.42,1.88,1.46,11.09,8.12,60.09,82.02,0.368,0.442,3,261.4,1.13,0
23.0,95.0,2019-05-29,292.0,0.31,13.9,-0.0,1.0,0.0,0.38,1.1,0.15,5.17,12.8,3.19,56.35,0.43,0.483,4,227.8,5.9,0
27.0,94.5,2015-01-16,89.0,0.63,182.0,1e-06,5.0,0.0,0.21,0.68,4.93,9.43,8.42,23.07,110.64,0.469,0.357,2,218.4,2.56,0
27.0,88.5,2021-06-22,778.0,1.77,17.2,2e-06,1.0,0.4898,0.74,2.04,2.8,0.72,18.99,38.75,122.44,0.431,0.452,1,483.2,5.83,0
27.0,92.0,2023-02-20,1102.0,4.06,7.9,3e-06,1.0,0.0408,0.07,2.16,0.08,5.45,9.67,47.71,105.39,0.325,0.33,4,163.7,2.19,0
26.4205,94.9731,2013-08-30,535.5,0.72,179.1,0.0,1.0,0.0,0.0,0.1,0.2,1.9,5.0,36.6,109.6,0.453,0.454,0,500.0,0.0,1
25.0,90.5,2014-10-31,11.0,0.44,1.4,1e-06,1.0,0.0408,0.31,1.79,1.75,5.09,5.86,20.99,22.15,0.324,0.402,0,118.3,2.41,0
23.5,90.5,2017-03-21,6.0,0.0,337.4,-0.0,1.0,0.0204,0.31,1.93,0.14,10.07,7.75,9.0,61.78,0.37,0.365,5,129.7,1.53,0
22.0,88.5,2019-07-28,1.0,0.52,180.2,1e-06,6.0,0.0,0.16,0.35,5.19,4.14,15.56,58.13,63.33,0.415,0.298,2,171.8,0.25,0
29.5,93.5,2022-02-14,4826.0,4.51,180.3,-5e-06,4.0,0.0,0.4,1.33,3.92,5.69,15.99,3.34,20.29,0.454,0.316,1,371.6,4.92,0
23.5,88.0,2019-04-30,27.0,0.32,88.9,1e-06,1.0,0.0204,0.37,1.96,0.74,1.3,17.5,47.8,32.42,0.375,0.312,1,30.5,4.01,0
27.0,91.0,2019-05-27,1799.0,4.13,353.0,-1e-06,2.0,0.0,0.78,1.21,0.81,8.34,8.75,66.41,129.42,0.46,0.372,5,83.2,2.38,0
27.5,89.5,2015-04-01,3704.0,3.01,36.7,-3e-06,2.0,0.0612,0.78,0.48,2.16,1.88,1.53,61.17,97.1,0.415,0.459,5,96.2,3.56,0
27.5,88.5,2019-03-17,1718.0,4.78,352.6,9e-06,1.0,0.2041,0.51,2.06,1.83,1.25,0.2,64.9,36.42,0.438,0.402,2,315.7,4.32,0
26.181606,91.772042,2016-12-15,535.5,0.72,179.1,0.0,1.0,0.0,0.0,0.0,0.0,0.0,0.0,0.0,0.0,0.294,0.328,4,358.8,4.6,1
28.0,97.0,2011-05-21,2477.0,1.38,233.9,0.0,0.0,0.0,0.5,1.02,1.93,10.75,11.11,20.15,67.04,0.473,0.359,4,167.0,3.17,0
29.5,96.5,2010-10-13,4109.0,3.9,199.1,-4e-06,2.0,0.0,0.05,0.97,1.57,1.71,4.65,5.0,135.83,0.42,0.494,5,439.9,0.87,0
25.0,94.5,2016-06-13,1133.0,1.24,21.6,-3e-06,0.0,0.0204,0.49,2.15,0.23,5.54,19.01,11.86,118.75,0.441,0.308,1,316.2,0.46,0
27.0,91.5,2014-08-22,1594.0,2.09,12.5,-2e-06,1.0,0.0204,0.47,1.06,2.66,5.65,18.26,16.38,94.39,0.372,0.354,4,453.0,2.49,0
27.1954,88.6115,2009-09-17,535.5,0.72,179.1,0.0,1.0,0.0,0.3,0.6,0.7,4.1,7.6,17.5,117.3,0.409,0.411,0,500.0,0.0,1
24.33197035,91.8008536,2017-06-19,535.5,0.72,179.1,0.0,1.0,0.0,0.1,1.0,2.3,3.4,7.3,38.2,126.2,0.418,0.422,1,221.7,4.6,1
27.0,92.5,2010-04-25,732.0,2.28,11.7,1e-06,0.0,0.0612,0.52,0.21,4.74,6.23,21.62,32.11,50.62,0.46,0.345,3,72.3,4.1,0
26.5,92.0,2014-09-10,64.0,0.79,359.8,2e-06,1.0,0.0,0.45,0.03,1.44,7.31,14.56,29.27,145.09,0.442,0.348,0,485.9,5.35,0
25.5,88.5,2021-06-20,31.0,0.03,0.0,0.0,1.0,0.0,0.01,2.46,0.45,8.14,11.09,53.51,106.02,0.43,0.395,0,55.6,1.44,0
22.5,97.0,2014-12-01,840.0,0.43,20.4,0.0,1.0,0.0204,0.3,1.59,4.29,3.05,3.88,11.72,76.57,0.321,0.476,4,445.0,6.28,0
27.5,95.5,2016-02-02,132.0,0.55,184.0,1e-06,5.0,0.0,0.13,2.45,4.42,5.65,10.35,42.96,36.26,0.434,0.463,5,26.8,2.08,0
24.0,92.5,2023-05-13,731.0,0.73,195.7,-2e-06,0.0,0.0816,0.44,0.03,4.49,10.52,11.76,15.56,117.97,0.402,0.441,4,93.0,0.23,0
25.69111465,94.09483333,2017-07-12,535.5,0.72,179.1,0.0,1.0,0.0,1.5,2.1,4.3,7.8,9.6,54.8,149.7,0.512,0.504,1,403.4,4.5,1
22.64753,92.15455,2017-03-16,535.5,0.72,179.1,0.0,1.0,0.0,0.0,0.0,0.0,0.0,0.0,0.0,94.1,0.317,0.34,1,696.9,4.4,1
23.5,88.0,2015-07-05,27.0,0.32,88.9,1e-06,1.0,0.0204,0.27,0.76,1.12,8.34,12.91,17.09,56.61,0.49,0.428,0,468.4,5.8,0
24.5,94.0,2009-09-21,781.0,0.33,133.4,-1e-06,2.0,0.102,0.43,0.92,4.29,7.2,9.59,67.57,30.14,0.349,0.354,2,94.9,2.83,0
23.5,94.0,2023-09-30,195.0,1.2,38.5,3e-06,1.0,0.0816,0.22,1.33,3.69,2.26,10.9,21.94,30.38,0.418,0.369,2,201.7,4.53,0
27.5,96.0,2017-07-20,173.0,1.15,190.0,2e-06,5.0,0.0408,0.31,1.04,1.03,0.43,5.69,50.21,35.05,0.435,0.39,3,43.4,3.56,0
22.5,91.5,2018-12-29,6.0,0.02,285.8,0.0,1.0,0.1429,0.73,2.41,3.72,4.45,10.19,25.05,27.83,0.496,0.324,4,99.6,5.36,0
29.5,97.5,2017-04-11,5098.0,5.59,145.8,-1.2e-05,2.0,0.0,0.04,2.3,2.17,8.67,11.34,69.16,108.83,0.461,0.489,4,94.0,6.23,0
29.5,91.0,2017-12-06,4228.0,4.26,171.1,-2e-06,2.0,0.0,0.82,1.68,0.73,2.12,4.8,31.77,61.06,0.432,0.381,2,162.4,4.39,0
24.0,97.0,2022-08-06,142.0,0.98,297.0,3e-06,1.0,0.0,0.03,0.06,2.7,1.72,19.66,10.18,45.36,0.363,0.337,5,348.9,0.82,0
29.5,95.0,2019-03-27,3878.0,2.08,118.3,-1e-05,2.0,0.0,0.89,0.65,2.15,3.06,14.32,24.58,79.47,0.354,0.429,2,435.0,1.62,0
22.5,96.0,2015-11-17,71.0,0.62,270.3,2e-06,1.0,0.0204,0.22,1.06,4.36,6.12,2.2,57.31,20.59,0.301,0.315,1,415.6,4.42,0
27.0,96.0,2015-01-20,1342.0,0.65,235.3,-3e-06,0.0,0.0,0.23,0.46,0.75,3.1,1.87,61.3,75.39,0.383,0.335,2,100.2,0.35,0
24.5,97.5,2009-10-26,928.0,1.34,173.1,-1e-06,0.0,0.0,0.73,2.24,5.21,6.11,21.85,50.3,39.99,0.322,0.333,4,327.9,3.85,0
22.0,96.0,2013-05-03,138.0,0.81,236.4,2e-06,1.0,0.0204,0.63,0.71,4.16,4.71,19.17,34.1,112.39,0.483,0.491,0,388.5,0.82,0
24.0,93.5,2016-04-29,1021.0,1.01,205.8,-1e-06,1.0,0.0408,0.55,1.98,3.4,3.66,17.16,5.1,83.11,0.446,0.444,3,41.3,0.44,0
22.5,94.0,2011-11-01,400.0,1.31,101.0,2e-06,0.0,0.0,0.18,0.37,4.44,0.08,6.92,8.68,65.88,0.296,0.308,1,213.5,3.18,0
29.0,96.0,2021-12-15,3778.0,1.01,220.4,-1e-06,4.0,0.0,0.2,0.13,2.54,5.92,16.36,54.62,66.26,0.467,0.341,4,474.6,0.71,0
25.64319355,89.45570226,2017-02-07,535.5,0.72,179.1,0.0,1.0,0.0,0.0,0.0,0.0,0.0,0.0,0.0,0.3,0.178,0.225,0,500.0,0.0,1
29.0,94.0,2012-06-21,4628.0,2.93,37.1,-5e-06,2.0,0.0,0.08,1.2,0.82,2.99,20.18,19.27,50.39,0.358,0.413,4,459.8,4.77,0
25.0,96.0,2012-05-11,310.0,0.11,189.7,-0.0,0.0,0.0,0.63,1.67,0.58,10.74,17.98,4.82,62.89,0.39,0.423,0,351.1,3.4,0
25.1796,93.0083,2010-10-09,535.5,0.72,179.1,0.0,1.0,0.0,1.9,9.7,22.2,40.2,54.4,85.8,94.9,0.51,0.516,0,500.0,0.0,1
29.0,97.5,2019-09-11,4957.0,2.06,72.6,-8e-06,2.0,0.0,0.45,2.22,0.83,10.86,1.83,14.96,93.78,0.436,0.34,0,471.4,3.7,0
26.8342,88.2798,2009-09-18,535.5,0.72,179.1,0.0,1.0,0.0,0.3,0.7,1.7,4.8,8.9,20.5,47.7,0.405,0.404,0,500.0,0.0,1
28.0,95.5,2012-04-05,149.0,1.99,10.6,3e-06,1.0,0.0408,0.85,2.41,0.82,10.96,12.39,36.62,100.46,0.357,0.483,4,336.8,5.2,0
23.5,95.5,2014-11-11,175.0,0.32,43.1,0.0,5.0,0.0,0.54,2.46,0.78,2.8,13.12,47.07,38.25,0.319,0.309,5,459.3,2.58,0
29.0,93.0,2013-02-16,3846.0,0.63,305.8,4e-06,4.0,0.0,0.01,2.04,5.04,4.7,11.05,69.02,36.55,0.48,0.341,4,252.7,1.81,0
24.5,96.0,2011-09-16,337.0,0.18,25.2,-1e-06,1.0,0.0,0.51,1.26,5.25,8.87,17.45,54.31,88.91,0.483,0.474,4,306.1,0.68,0
26.8352,88.1881,2015-07-01,535.5,0.72,179.1,0.0,1.0,0.0,0.7,5.0,11.2,14.1,19.8,59.5,110.3,0.425,0.429,2,221.7,5.1,1
29.5,91.0,2011-06-10,4228.0,4.26,171.1,-2e-06,2.0,0.0,0.62,1.55,4.33,3.7,14.63,6.59,45.44,0.324,0.415,5,406.8,4.92,0
27.0161,88.2478,2015-06-29,535.5,0.72,179.1,0.0,1.0,0.0,1.6,6.8,12.1,16.8,50.1,85.0,166.2,0.43,0.431,1,218.6,5.1,1
26.5,94.5,2020-08-28,716.0,1.9,206.6,1e-06,0.0,0.0816,0.66,0.27,2.73,2.18,17.66,33.05,36.34,0.384,0.378,0,40.5,5.78,0
24.0,88.0,2014-06-01,25.0,0.31,91.0,1e-06,6.0,0.0,0.54,0.75,4.08,4.89,0.72,6.91,28.44,0.482,0.321,5,29.6,1.8,0
25.5,97.5,2016-11-20,182.0,0.3,64.5,2e-06,5.0,0.0,0.09,1.32,0.82,5.45,19.22,26.03,88.81,0.319,0.349,1,405.5,5.49,0
29.0,89.5,2014-05-30,3966.0,0.46,276.6,6e-06,2.0,0.0,0.66,1.02,2.9,2.05,9.98,10.59,77.61,0.308,0.438,1,227.0,4.66,0
26.0,97.0,2009-08-01,413.0,0.61,141.6,1e-06,2.0,0.0408,0.82,1.96,1.78,9.36,5.97,53.18,45.31,0.3,0.446,4,222.7,2.78,0
23.9304,88.2374,2007-07-21,535.5,0.72,179.1,0.0,1.0,0.0,4.4,7.2,12.7,14.2,21.3,53.5,102.2,0.437,0.439,1,646.4,4.3,1
25.0,92.0,2022-06-03,16.0,1.63,359.3,2e-06,1.0,0.2245,0.48,1.64,4.02,0.5,15.63,38.89,101.75,0.441,0.29,3,410.4,1.41,0
24.9829,93.5063,2013-09-01,535.5,0.72,179.1,0.0,1.0,0.0,0.0,0.0,0.0,0.0,1.0,4.8,81.7,0.421,0.427,1,432.2,4.5,1
28.0,88.5,2009-07-06,5337.0,3.33,9.7,-5e-06,2.0,0.0,0.3,1.92,1.12,6.17,17.02,39.41,97.36,0.503,0.44,5,19.0,3.79,0
27.6047,88.6463,2013-09-08,535.5,0.72,179.1,0.0,1.0,0.0,0.3,1.3,2.1,3.3,4.0,64.0,231.7,0.401,0.402,1,686.5,4.5,1
26.5,93.5,2017-08-13,600.0,0.38,358.5,-2e-06,0.0,0.0204,0.44,1.67,3.11,4.62,0.9,64.52,66.86,0.413,0.331,3,479.0,5.01,0
24.0,92.5,2011-06-20,731.0,0.73,195.7,-2e-06,0.0,0.0816,0.59,0.07,0.08,8.93,5.41,24.25,39.89,0.305,0.45,4,65.7,0.41,0
24.0,92.0,2019-07-26,70.0,0.41,257.8,1e-06,6.0,0.0204,0.86,2.0,0.09,0.76,5.96,5.13,25.32,0.46,0.399,5,359.2,4.99,0
26.0,92.5,2012-12-21,182.0,1.06,170.7,1e-06,1.0,0.0,0.89,2.15,1.96,9.47,1.03,11.99,49.1,0.435,0.48,3,343.4,4.62,0
29.5,89.5,2017-06-15,5223.0,3.63,173.2,-8e-06,4.0,0.0,0.77,0.26,0.43,8.33,3.42,31.31,132.4,0.491,0.461,5,327.5,6.45,0
23.0,90.0,2021-09-13,4.0,0.01,5.1,-0.0,1.0,0.0,0.84,0.23,4.85,2.06,1.97,23.83,97.82,0.299,0.326,0,116.6,2.43,0
23.0,94.5,2010-08-31,240.0,0.1,290.0,0.0,2.0,0.0,0.31,2.31,0.85,0.85,21.36,68.32,60.85,0.501,0.483,5,25.2,6.13,0
26.5,88.5,2017-11-25,90.0,0.75,2.5,1e-06,1.0,0.0204,0.12,1.0,4.46,8.32,19.88,56.23,96.13,0.498,0.359,1,226.8,0.27,0
29.0,88.0,2015-03-29,5088.0,2.69,300.2,-8e-06,2.0,0.0,0.56,1.45,4.36,0.55,3.38,46.45,22.28,0.474,0.434,4,156.2,5.98,0
25.6269,94.1139,2013-07-15,535.5,0.72,179.1,0.0,1.0,0.0,0.3,1.8,4.4,11.3,14.6,47.4,82.9,0.505,0.505,4,237.0,4.3,1
27.0998,93.6287,2008-06-14,535.5,0.72,179.1,0.0,1.0,0.0,1.2,2.7,5.1,7.5,16.9,44.6,86.3,0.503,0.503,3,127.4,4.3,1
25.5,94.5,2019-08-27,1300.0,0.61,1.5,1e-06,0.0,0.102,0.73,0.96,3.56,11.07,13.24,56.11,110.46,0.439,0.295,3,140.1,4.26,0
22.5,89.5,2017-12-29,6.0,0.0,39.8,-0.0,1.0,0.0,0.06,1.21,1.49,9.55,7.43,39.7,18.6,0.337,0.411,2,372.4,1.58,0
27.0875,88.6556,2015-06-30,535.5,0.72,179.1,0.0,1.0,0.0,0.4,5.7,9.8,19.1,30.0,140.7,208.1,0.416,0.423,1,181.1,5.1,1
29.0,94.0,2018-11-19,4628.0,2.93,37.1,-5e-06,2.0,0.0,0.42,0.73,2.02,5.96,21.92,57.47,120.19,0.324,0.343,5,245.5,2.41,0
26.0,92.5,2021-07-03,182.0,1.06,170.7,1e-06,1.0,0.0,0.73,2.1,2.26,0.66,7.37,54.51,82.43,0.461,0.387,3,147.0,5.61,0
23.0,95.5,2016-05-17,126.0,0.13,49.0,0.0,6.0,0.0,0.51,1.17,4.72,1.05,2.38,39.69,21.68,0.439,0.395,1,107.5,5.92,0
25.5,88.0,2012-05-29,33.0,0.31,86.5,1e-06,6.0,0.0,0.7,0.28,0.98,8.62,13.89,20.42,90.19,0.343,0.339,5,22.8,0.52,0
27.5,92.5,2013-05-09,2205.0,5.52,21.8,3e-06,0.0,0.0204,0.31,0.62,4.56,10.31,16.71,38.05,69.76,0.339,0.429,4,364.7,0.35,0
24.0135808,92.67420963,2017-04-25,535.5,0.72,179.1,0.0,1.0,0.0,0.2,0.8,0.8,0.8,2.0,93.7,121.6,0.392,0.387,1,254.6,4.3,1
24.0,88.0,2020-06-17,25.0,0.31,91.0,1e-06,6.0,0.0,0.8,1.75,3.12,8.94,13.61,30.97,133.32,0.326,0.447,3,293.5,6.49,0
25.092576,91.763689,2017-03-06,535.5,0.72,179.1,0.0,1.0,0.0,0.2,0.3,0.3,0.5,11.5,18.1,18.1,0.41,0.368,2,282.1,5.1,1
29.0,90.0,2020-11-27,5512.0,0.41,229.6,-5e-06,2.0,0.0,0.85,2.42,4.75,10.36,22.33,62.15,37.73,0.504,0.405,4,115.6,2.92,0
25.0,92.0,2017-06-10,16.0,1.63,359.3,2e-06,1.0,0.2245,0.88,0.58,2.14,9.23,7.84,55.83,131.19,0.296,0.48,3,91.1,0.5,0
28.0,92.5,2021-07-30,5668.0,3.0,24.7,-1e-05,2.0,0.0,0.55,1.47,3.2,9.84,15.15,5.28,31.38,0.471,0.428,0,292.1,0.76,0
28.5,95.5,2019-11-12,2009.0,3.49,329.3,1e-06,0.0,0.0,0.31,1.43,2.87,5.15,7.31,15.15,106.9,0.415,0.34,3,31.4,4.84,0
26.0,88.5,2010-08-18,55.0,0.06,358.8,-0.0,5.0,0.0,0.01,1.62,2.97,1.13,12.2,36.52,34.54,0.368,0.304,1,191.1,1.03,0
25.31006064,94.48265093,2010-08-15,535.5,0.72,179.1,0.0,1.0,0.0,0.2,0.6,1.8,10.3,16.9,45.0,110.5,0.45,0.451,0,500.0,0.0,1
23.0,96.5,2016-06-01,1584.0,1.04,211.0,-5e-06,0.0,0.0,0.15,1.19,1.36,2.1,16.71,55.71,90.29,0.454,0.327,5,449.6,5.38,0
28.5,91.5,2014-09-19,5297.0,0.6,111.1,-2e-06,4.0,0.0,0.62,0.71,3.48,9.03,16.93,3.81,90.21,0.48,0.341,2,133.5,1.59,0
26.0,89.5,2010-08-21,33.0,0.03,17.4,0.0,1.0,0.0,0.64,1.29,3.02,6.93,1.04,28.14,132.87,0.319,0.352,1,333.2,5.95,0
23.8917,90.9733,2007-09-10,535.5,0.72,179.1,0.0,1.0,0.0,0.0,0.1,0.1,2.6,22.3,87.3,135.6,0.43,0.429,1,202.5,4.2,1
23.7365,92.7146,2010-08-06,535.5,0.72,179.1,0.0,1.0,0.0,0.0,0.0,0.0,19.7,29.3,64.0,127.1,0.418,0.425,3,503.4,4.6,1
24.0,90.5,2013-09-24,5.0,0.01,0.0,0.0,1.0,0.0,0.52,2.19,0.29,2.99,18.59,5.98,77.0,0.395,0.392,4,124.5,4.44,0
28.0,90.5,2019-05-07,5377.0,3.27,358.1,-8e-06,2.0,0.0,0.76,0.73,1.84,6.49,11.53,29.77,109.05,0.317,0.41,0,398.3,3.46,0
29.0,94.5,2019-01-19,2114.0,3.75,33.5,4e-06,0.0,0.0,0.08,1.3,1.67,11.08,16.91,3.64,69.24,0.302,0.408,0,398.0,6.26,0
28.5,93.5,2017-03-26,3146.0,4.65,15.1,0.0,2.0,0.0,0.36,1.69,1.32,1.28,16.69,36.06,67.13,0.412,0.346,2,355.0,1.39,0
25.03561729,94.0144205,2011-06-28,535.5,0.72,179.1,0.0,1.0,0.0,0.0,0.3,0.7,3.9,8.0,19.2,40.8,0.431,0.433,3,146.8,4.7,1
26.0977,94.7499,2013-06-07,535.5,0.72,179.1,0.0,1.0,0.0,0.4,1.3,2.2,4.4,6.3,11.8,26.1,0.441,0.426,2,572.0,4.1,1
25.5,97.5,2023-05-01,182.0,0.3,64.5,2e-06,5.0,0.0,0.8,0.83,1.02,3.13,7.25,32.16,32.64,0.326,0.348,0,479.6,3.64,0
22.44394492,91.97239273,2017-06-13,535.5,0.72,179.1,0.0,1.0,0.0,0.6,1.5,4.5,24.9,88.8,188.3,207.4,0.428,0.423,1,448.4,4.6,1
27.0,89.0,2023-08-19,1156.0,4.51,347.5,4e-06,0.0,0.0,0.51,1.46,5.26,5.92,5.51,20.38,72.65,0.438,0.414,0,339.2,2.75,0
23.0137,91.7174,2014-08-14,535.5,0.72,179.1,0.0,1.0,0.0,0.6,1.4,1.8,4.5,11.2,37.8,83.3,0.47,0.465,0,500.0,0.0,1
26.5,96.0,2022-01-05,526.0,0.51,38.4,1e-06,0.0,0.0,0.59,2.53,2.17,7.19,14.04,11.78,96.97,0.504,0.419,5,210.3,0.15,0
26.0,92.5,2021-09-06,182.0,1.06,170.7,1e-06,1.0,0.0,0.09,0.06,2.64,3.5,14.04,68.11,42.48,0.331,0.33,1,421.2,5.25,0
27.1758,88.5294,2016-01-14,535.5,0.72,179.1,0.0,1.0,0.0,0.0,0.0,0.0,0.0,0.0,1.5,11.4,0.305,0.308,0,500.0,0.0,1
24.1077,94.0396,2015-08-01,535.5,0.72,179.1,0.0,1.0,0.0,0.2,1.4,4.0,53.3,146.5,462.0,618.5,0.458,0.456,1,460.5,4.4,1
26.2083,94.5438,2013-08-04,535.5,0.72,179.1,0.0,1.0,0.0,0.0,0.0,0.0,3.1,3.8,27.3,67.3,0.499,0.497,1,253.2,5.0,1
23.5,97.5,2011-12-20,1167.0,0.76,351.0,-2e-06,0.0,0.0,0.22,1.58,1.94,8.85,10.5,33.09,108.53,0.444,0.324,4,379.7,0.44,0
27.7167,88.5577,2012-06-03,535.5,0.72,179.1,0.0,1.0,0.0,0.6,1.7,3.2,4.6,12.4,37.3,98.2,0.421,0.424,2,286.2,4.5,1
26.9722,88.4481,2010-08-19,535.5,0.72,179.1,0.0,1.0,0.0,2.9,7.2,11.1,15.5,35.0,129.9,250.6,0.434,0.436,0,500.0,0.0,1
24.5,96.0,2009-08-18,337.0,0.18,25.2,-1e-06,1.0,0.0,0.77,1.52,0.78,0.14,8.27,36.7,129.02,0.403,0.392,1,486.5,4.19,0
25.0,95.5,2020-08-06,182.0,0.14,240.0,0.0,1.0,0.0,0.28,2.32,1.67,11.24,17.32,12.63,126.82,0.433,0.462,0,102.6,0.35,0
27.0,90.5,2016-04-10,816.0,1.92,4.3,3e-06,2.0,0.0408,0.11,1.78,2.88,3.63,21.88,16.81,23.41,0.331,0.303,2,79.2,2.7,0
27.0,96.5,2022-05-23,1495.0,0.36,313.9,-3e-06,0.0,0.0,0.35,0.19,2.58,8.37,13.31,17.38,95.51,0.456,0.369,2,255.7,0.01,0
25.77171292,93.93507183,2017-04-07,535.5,0.72,179.1,0.0,1.0,0.0,1.0,2.0,2.6,2.6,2.8,42.2,149.4,0.484,0.487,0,500.0,0.0,1
27.0,96.0,2011-04-03,1342.0,0.65,235.3,-3e-06,0.0,0.0,0.74,1.82,2.67,3.98,13.66,57.23,112.06,0.39,0.295,0,324.3,1.19,0
23.5,91.0,2019-03-06,9.0,0.02,272.6,0.0,1.0,0.0,0.57,2.02,0.99,7.37,5.04,15.5,125.21,0.447,0.464,3,387.5,4.29,0
22.3913,91.8177,2015-07-19,535.5,0.72,179.1,0.0,1.0,0.0,2.5,7.5,10.8,14.2,51.8,123.6,133.7,0.282,0.283,1,656.4,4.5,1
22.5333,89.4,2007-10-15,535.5,0.72,179.1,0.0,1.0,0.0,1.0,1.9,2.2,5.6,13.3,16.7,168.8,0.493,0.482,1,429.4,4.5,1
25.5,91.5,2012-12-27,1648.0,0.59,274.1,-6e-06,0.0,0.2245,0.45,0.79,3.24,1.34,1.9,49.13,143.77,0.3,0.491,0,442.4,0.28,0
22.77997113,92.03513581,2017-07-02,535.5,0.72,179.1,0.0,1.0,0.0,0.5,3.8,5.3,10.4,14.5,31.6,43.4,0.427,0.426,3,297.7,4.9,1
28.0,88.0,2016-09-17,5818.0,3.28,286.6,-1.3e-05,2.0,0.0,0.39,1.32,3.1,7.74,20.91,59.93,109.17,0.393,0.481,5,358.6,6.24,0
27.0,94.0,2019-03-25,82.0,1.84,11.7,3e-06,6.0,0.0612,0.8,1.81,4.91,7.04,10.31,31.01,122.6,0.375,0.338,3,306.2,3.76,0
26.8826,88.2806,2015-07-07,535.5,0.72,179.1,0.0,1.0,0.0,0.0,0.0,0.0,1.0,2.0,66.0,138.0,0.4,0.405,3,300.8,4.5,1
27.172,88.5292,2016-10-15,535.5,0.72,179.1,0.0,1.0,0.0,0.0,0.0,0.0,0.0,4.0,156.8,241.8,0.392,0.399,3,679.9,4.7,1
24.8669,92.3576,2014-05-09,535.5,0.72,179.1,0.0,1.0,0.0,4.4,12.9,22.7,29.8,53.9,160.1,224.1,0.482,0.481,0,500.0,0.0,1
28.5,92.5,2011-02-05,4821.0,1.69,183.4,-0.0,2.0,0.0,0.58,1.1,1.91,4.1,4.1,16.87,138.94,0.397,0.338,1,85.9,1.92,0
27.4888,93.0153,2011-08-15,535.5,0.72,179.1,0.0,1.0,0.0,3.6,10.9,16.3,19.5,28.6,60.4,133.4,0.431,0.431,1,538.1,4.4,1
22.5,89.5,2017-12-26,6.0,0.0,39.8,-0.0,1.0,0.0,0.05,1.46,1.91,3.26,8.77,32.78,87.99,0.468,0.424,4,68.2,6.34,0
29.0,92.5,2013-02-22,4045.0,1.18,62.0,4e-06,4.0,0.0,0.81,1.81,1.34,5.28,21.23,45.47,135.74,0.353,0.382,5,387.2,2.1,0
23.0,89.5,2022-01-23,3.0,0.01,68.2,0.0,6.0,0.0,0.53,2.39,0.4,11.27,4.5,45.96,121.22,0.314,0.473,2,70.0,6.12,0
27.05,90.8,2008-08-29,535.5,0.72,179.1,0.0,1.0,0.0,2.2,5.9,8.9,16.6,40.7,258.1,315.3,0.429,0.43,2,120.5,4.7,1
27.0,93.5,2012-05-07,661.0,1.11,10.5,0.0,0.0,0.5102,0.72,1.33,5.23,4.18,1.13,23.33,39.38,0.416,0.447,4,360.0,4.06,0
24.0,92.5,2019-07-22,731.0,0.73,195.7,-2e-06,0.0,0.0816,0.47,1.15,1.47,11.27,9.89,57.29,141.68,0.393,0.378,2,338.4,5.58,0
28.0,93.0,2019-12-20,3033.0,5.29,39.3,-1e-06,2.0,0.0,0.85,1.14,1.33,4.9,3.61,55.08,124.34,0.452,0.403,1,212.6,5.73,0
26.72,95.029,2013-07-01,535.5,0.72,179.1,0.0,1.0,0.0,1.2,7.0,11.5,14.6,33.0,64.0,128.7,0.513,0.489,0,500.0,0.0,1
27.5,94.5,2009-12-31,111.0,1.28,61.1,3e-06,5.0,0.0,0.26,0.05,3.11,10.91,1.44,58.32,71.01,0.392,0.481,4,123.2,2.05,0
27.0,88.5,2012-04-27,778.0,1.77,17.2,2e-06,1.0,0.4898,0.12,0.21,3.02,0.56,9.06,8.18,81.84,0.457,0.317,1,245.7,1.29,0
26.0,91.0,2018-12-19,46.0,0.67,177.3,1e-06,1.0,0.0204,0.21,1.26,3.9,8.97,7.91,65.7,138.15,0.394,0.432,5,453.5,4.77,0
26.5,97.5,2015-01-18,539.0,0.3,355.3,-0.0,0.0,0.0,0.14,0.57,4.78,0.19,5.33,35.17,45.6,0.494,0.4,1,63.8,4.69,0
23.0,88.5,2014-07-15,11.0,0.01,28.7,0.0,1.0,0.0,0.28,1.77,4.98,9.77,16.96,52.16,57.34,0.374,0.351,2,78.8,2.05,0
25.1555,93.8474,2011-05-31,535.5,0.72,179.1,0.0,1.0,0.0,2.0,5.4,19.6,69.7,130.3,165.2,193.2,0.457,0.458,1,123.6,4.0,1
28.0,95.5,2010-02-03,149.0,1.99,10.6,3e-06,1.0,0.0408,0.1,0.5,5.09,9.83,21.18,48.02,106.13,0.381,0.363,5,412.0,1.45,0
23.5,93.5,2020-04-20,1427.0,1.08,160.9,-2e-06,0.0,0.0,0.89,0.61,4.84,6.51,13.1,54.48,122.38,0.344,0.479,5,265.4,2.69,0
25.5,92.5,2023-05-10,1071.0,0.93,80.8,-3e-06,0.0,0.0408,0.04,1.57,2.23,7.23,18.94,27.79,87.6,0.446,0.492,3,22.6,2.94,0
25.8702,94.7844,2016-07-28,535.5,0.72,179.1,0.0,1.0,0.0,0.0,0.0,0.7,2.3,3.6,13.9,102.2,0.439,0.429,0,500.0,0.0,1
27.5,94.5,2022-11-09,111.0,1.28,61.1,3e-06,5.0,0.0,0.41,1.82,2.6,3.62,3.46,67.76,20.41,0.499,0.35,1,360.4,4.73,0
25.3833,94.1884,2013-08-15,535.5,0.72,179.1,0.0,1.0,0.0,0.5,1.6,1.9,5.2,19.8,49.9,148.1,0.507,0.51,1,208.8,4.3,1
25.4538,93.9827,2015-07-22,535.5,0.72,179.1,0.0,1.0,0.0,1.1,2.0,3.2,10.9,31.4,81.4,179.3,0.468,0.464,1,161.5,4.2,1
29.5,94.5,2019-11-03,4324.0,1.86,154.5,-8e-06,2.0,0.0,0.75,1.08,2.91,6.42,9.36,59.56,91.97,0.426,0.482,3,375.9,4.59,0
23.0,93.5,2018-12-14,2002.0,1.04,142.6,-4e-06,1.0,0.0204,0.15,0.78,0.15,3.67,1.29,26.59,72.73,0.346,0.378,5,398.3,1.1,0
24.8063,93.9482,2011-07-06,535.5,0.72,179.1,0.0,1.0,0.0,0.1,0.2,1.2,3.6,8.7,19.4,50.4,0.436,0.439,0,500.0,0.0,1
23.0,89.0,2023-06-02,12.0,0.01,35.5,-0.0,1.0,0.0,0.39,2.25,0.96,2.94,7.43,33.07,60.8,0.479,0.349,3,133.6,0.53,0
29.5,89.0,2014-10-14,5361.0,4.51,187.2,-9e-06,4.0,0.0,0.18,2.11,3.84,5.14,1.12,21.42,33.14,0.397,0.369,4,346.3,1.64,0
24.5,93.5,2021-08-30,556.0,0.25,271.0,1e-06,0.0,0.4082,0.59,2.51,5.05,10.46,7.4,14.07,91.42,0.414,0.422,5,211.9,1.11,0
29.5,92.5,2022-06-19,5352.0,3.69,179.1,-9e-06,4.0,0.0,0.67,1.76,4.02,9.65,2.05,37.62,36.17,0.459,0.415,5,476.4,1.61,0
27.5,90.0,2020-09-21,1537.0,2.39,29.4,7e-06,0.0,0.0,0.59,0.22,0.76,4.53,13.4,9.3,136.07,0.5,0.303,1,175.9,3.87,0
26.8096,88.526,2007-06-15,535.5,0.72,179.1,0.0,1.0,0.0,3.8,6.4,8.5,12.2,28.5,44.9,304.8,0.434,0.426,1,830.1,4.2,1
24.0,88.5,2014-03-14,18.0,0.01,32.0,0.0,5.0,0.0,0.09,0.28,4.93,5.38,17.24,68.54,121.12,0.448,0.34,1,366.8,2.5,0
28.5,92.5,2009-12-23,4821.0,1.69,183.4,-0.0,2.0,0.0,0.23,0.16,1.06,7.87,6.16,33.76,138.62,0.308,0.432,5,427.5,4.29,0
26.5,95.5,2020-09-05,688.0,0.71,126.3,1e-06,0.0,0.0,0.86,1.59,3.3,2.57,5.46,12.73,141.87,0.486,0.36,4,74.6,4.24,0
23.5,96.5,2016-11-22,188.0,1.55,185.8,2e-06,1.0,0.0204,0.59,1.46,2.43,9.7,3.19,55.32,101.9,0.488,0.304,5,247.0,6.26,0
25.0,91.5,2022-01-18,10.0,1.71,359.8,2e-06,6.0,0.1224,0.36,1.61,2.33,10.51,8.65,23.48,131.88,0.313,0.363,2,489.7,5.22,0
22.5,91.5,2017-01-14,6.0,0.02,285.8,0.0,1.0,0.1429,0.53,2.01,0.37,0.72,9.39,13.3,42.5,0.5,0.457,1,419.5,0.19,0
23.0,95.5,2012-09-11,126.0,0.13,49.0,0.0,6.0,0.0,0.25,1.81,2.62,9.89,11.82,44.7,55.12,0.498,0.406,1,242.2,2.73,0
25.0821,91.7783,2015-11-16,535.5,0.72,179.1,0.0,1.0,0.0,0.0,0.0,0.0,0.0,0.0,0.0,0.0,0.229,0.266,2,297.7,4.4,1
26.88161,95.399897,2016-08-16,535.5,0.72,179.1,0.0,1.0,0.0,0.2,0.6,0.6,3.8,22.4,31.3,69.0,0.474,0.484,1,489.8,4.5,1
23.5,89.5,2017-04-03,8.0,0.01,14.0,0.0,1.0,0.0,0.39,1.04,2.32,10.81,7.7,15.03,106.2,0.372,0.462,2,402.6,4.73,0
26.8836,88.2791,2009-05-26,535.5,0.72,179.1,0.0,1.0,0.0,3.1,8.5,15.9,25.2,36.2,44.5,105.2,0.429,0.393,1,837.8,4.2,1
23.0,90.0,2012-01-26,4.0,0.01,5.1,-0.0,1.0,0.0,0.89,1.9,0.61,4.0,1.81,55.88,110.72,0.363,0.399,2,232.2,4.78,0
29.5,95.5,2021-07-22,1509.0,2.66,172.9,6e-06,0.0,0.0,0.79,2.39,1.01,4.23,21.17,69.49,42.65,0.37,0.331,4,162.1,0.61,0
24.5,95.5,2021-05-09,268.0,0.2,209.7,-0.0,2.0,0.0,0.01,0.49,3.7,1.9,14.68,43.4,102.13,0.309,0.486,4,395.0,3.39,0
25.0,96.5,2020-02-09,211.0,0.19,29.9,0.0,1.0,0.0,0.19,2.04,1.84,3.25,13.53,51.88,29.64,0.4,0.441,3,372.2,5.54,0
25.1175,92.8573,2012-06-03,535.5,0.72,179.1,0.0,1.0,0.0,2.6,5.1,7.7,8.8,19.9,148.1,185.5,0.514,0.5,2,233.0,4.5,1
22.0,89.5,2017-05-28,0.0,0.51,179.9,1e-06,1.0,0.0,0.7,1.32,1.41,7.44,6.98,63.24,134.03,0.436,0.29,3,26.0,0.17,0
29.0,94.0,2022-11-30,4628.0,2.93,37.1,-5e-06,2.0,0.0,0.13,2.47,2.37,10.72,3.8,16.72,42.26,0.303,0.306,5,223.3,6.48,0
26.8597,89.3903,2012-09-15,535.5,0.72,179.1,0.0,1.0,0.0,0.9,2.3,3.0,3.6,45.1,209.5,239.9,0.422,0.422,2,496.4,4.8,1
26.5,90.5,2013-08-31,64.0,0.75,0.6,1e-06,5.0,0.0,0.35,1.28,0.12,0.83,21.76,7.59,105.6,0.373,0.357,3,406.2,1.17,0
23.0,88.0,2018-08-29,19.0,0.32,85.9,1e-06,1.0,0.0,0.54,2.14,2.88,3.63,1.83,46.96,56.83,0.421,0.381,5,227.5,2.91,0
25.5114,90.215,2015-06-16,535.5,0.72,179.1,0.0,1.0,0.0,0.0,0.1,2.0,5.4,13.4,58.3,286.8,0.491,0.497,2,544.7,4.3,1
26.20450454,91.87202793,2017-07-03,535.5,0.72,179.1,0.0,1.0,0.0,0.9,7.0,15.2,18.3,25.0,148.6,211.4,0.508,0.512,3,350.6,4.9,1
24.837,93.9128,2010-10-08,535.5,0.72,179.1,0.0,1.0,0.0,0.9,2.5,5.0,10.1,22.6,43.6,49.2,0.453,0.45,0,500.0,0.0,1
27.02099026,89.90712175,2017-07-08,535.5,0.72,179.1,0.0,1.0,0.0,5.5,16.1,32.1,34.7,39.6,67.7,247.8,0.427,0.434,1,564.1,4.9,1
27.322,88.6087,2010-04-17,535.5,0.72,179.1,0.0,1.0,0.0,0.0,0.0,0.0,0.7,1.9,4.1,32.4,0.268,0.284,0,500.0,0.0,1
27.5,89.0,2017-07-02,4301.0,4.15,341.9,-8e-06,2.0,0.0,0.02,1.57,0.41,1.41,2.51,39.38,26.02,0.429,0.368,2,391.3,0.95,0
27.3425,88.6236,2007-09-10,535.5,0.72,179.1,0.0,1.0,0.0,1.9,14.8,26.1,39.8,78.4,251.8,440.9,0.43,0.434,1,633.5,4.2,1
27.0,90.0,2016-06-09,2022.0,1.82,31.7,-4e-06,1.0,0.0612,0.87,1.12,0.06,2.92,11.59,37.39,91.92,0.415,0.386,3,236.9,4.42,0
22.80452414,91.91261915,2017-06-13,535.5,0.72,179.1,0.0,1.0,0.0,0.8,1.6,4.0,23.9,110.4,204.0,233.7,0.428,0.427,1,425.4,4.6,1
25.72019272,94.03225673,2017-07-08,535.5,0.72,179.1,0.0,1.0,0.0,1.6,3.2,3.3,3.8,19.0,87.5,238.8,0.491,0.5,1,165.6,4.9,1
24.5,90.0,2021-05-26,30.0,0.01,7.6,-0.0,6.0,0.0,0.42,0.06,0.87,5.33,11.77,8.31,75.98,0.46,0.484,3,237.5,1.69,0
28.5,94.0,2012-10-24,2859.0,3.23,21.6,-1e-06,4.0,0.0,0.61,0.66,0.17,9.63,21.95,44.97,89.46,0.367,0.334,4,190.9,1.9,0
26.0,89.5,2019-02-16,33.0,0.03,17.4,0.0,1.0,0.0,0.43,1.91,1.38,7.77,18.75,56.3,43.02,0.382,0.328,3,472.9,5.75,0
27.5,91.0,2010-11-15,3987.0,2.49,358.2,-8e-06,4.0,0.0,0.43,0.26,3.11,6.76,6.81,3.09,72.61,0.485,0.445,3,390.9,1.27,0
27.5,93.0,2020-01-03,777.0,2.77,7.5,6e-06,0.0,0.0408,0.21,1.44,1.98,2.1,13.29,28.04,116.46,0.357,0.342,0,50.2,1.0,0
29.5,88.0,2010-10-21,5558.0,5.38,207.7,-1.6e-05,2.0,0.0,0.47,0.49,2.23,9.38,5.75,22.8,141.5,0.433,0.372,2,369.6,4.89,0
28.0,97.5,2012-05-04,3657.0,4.14,18.1,-8e-06,2.0,0.0,0.73,1.16,3.28,10.57,20.15,55.9,32.98,0.491,0.492,0,181.0,1.17,0
26.5,94.0,2017-05-31,102.0,0.7,186.2,2e-06,6.0,0.0,0.61,0.71,4.77,9.74,13.92,31.5,70.14,0.363,0.384,1,17.0,5.14,0
25.9466,94.6279,2014-09-08,535.5,0.72,179.1,0.0,1.0,0.0,0.4,0.8,2.6,9.0,9.4,12.3,23.2,0.498,0.468,2,128.0,4.7,1
28.0,96.5,2013-05-19,1941.0,4.09,339.3,-1e-06,0.0,0.0408,0.49,2.52,1.68,2.57,20.89,56.18,98.34,0.473,0.377,1,274.7,2.15,0
22.0,88.5,2016-06-25,1.0,0.52,180.2,1e-06,6.0,0.0,0.69,1.66,1.38,8.38,12.52,31.25,18.81,0.31,0.481,1,277.3,5.42,0
28.0,96.5,2009-03-28,1941.0,4.09,339.3,-1e-06,0.0,0.0408,0.6,2.2,4.26,6.94,3.77,37.07,74.72,0.332,0.495,5,437.4,0.95,0
26.8366,88.0839,2015-07-01,535.5,0.72,179.1,0.0,1.0,0.0,0.1,0.2,0.2,4.2,15.7,39.8,97.7,0.415,0.415,3,232.0,5.1,1
28.0,94.5,2018-11-19,682.0,1.4,25.7,2e-06,0.0,0.0408,0.4,0.73,0.86,8.07,10.19,11.86,69.21,0.476,0.435,4,77.2,0.13,0
26.0,95.0,2011-08-17,1113.0,0.42,102.6,2e-06,1.0,0.0,0.72,2.49,4.63,9.19,13.04,49.2,141.29,0.413,0.456,2,481.0,2.98,0
28.5,96.0,2010-10-23,4116.0,3.91,339.5,-8e-06,4.0,0.0408,0.12,0.6,3.66,7.98,1.47,29.9,87.06,0.382,0.334,3,200.8,5.0,0
27.5,93.0,2020-04-05,777.0,2.77,7.5,6e-06,0.0,0.0408,0.34,1.23,1.77,6.05,8.28,55.35,143.17,0.406,0.372,5,49.2,0.05,0
27.5,92.5,2018-01-18,2205.0,5.52,21.8,3e-06,0.0,0.0204,0.3,1.59,1.83,3.69,8.35,56.41,92.57,0.48,0.454,3,384.2,0.24,0
26.148,94.8422,2010-08-14,535.5,0.72,179.1,0.0,1.0,0.0,0.0,0.0,0.2,4.4,10.5,26.7,58.6,0.499,0.506,1,141.0,4.0,1
23.0,95.0,2023-02-23,292.0,0.31,13.9,-0.0,1.0,0.0,0.62,1.26,4.67,4.95,4.31,4.85,20.82,0.504,0.341,3,40.9,3.51,0
26.8599,89.3943,2010-07-21,535.5,0.72,179.1,0.0,1.0,0.0,10.7,25.9,31.7,34.9,86.3,248.8,308.2,0.435,0.441,1,663.7,4.6,1
27.5,93.5,2015-12-14,1645.0,0.7,257.5,-4e-06,0.0,0.102,0.48,1.75,1.75,6.44,19.87,66.18,36.05,0.408,0.437,2,432.7,6.31,0
22.0,92.0,2011-10-15,36.0,0.66,222.2,1e-06,5.0,0.1429,0.84,0.41,2.41,11.21,9.71,69.51,134.04,0.48,0.354,2,55.7,2.34,0
26.5,93.0,2011-12-02,87.0,0.48,312.8,1e-06,1.0,0.0408,0.5,1.52,2.97,3.72,2.79,26.26,102.78,0.452,0.477,5,35.2,1.87,0
27.8458,95.2253,2012-09-19,535.5,0.72,179.1,0.0,1.0,0.0,2.8,5.0,6.7,9.9,25.7,81.1,198.5,0.515,0.512,1,651.2,4.6,1
27.98531715,94.21263589,2017-07-04,535.5,0.72,179.1,0.0,1.0,0.0,0.2,1.5,4.1,10.4,20.5,91.5,300.3,0.427,0.427,2,406.1,4.9,1
29.0,89.0,2018-06-12,4805.0,0.58,6.5,-1e-06,2.0,0.0,0.22,2.15,0.29,1.56,21.82,49.86,65.91,0.3,0.498,2,36.5,0.69,0
27.3392,88.6188,2010-08-27,535.5,0.72,179.1,0.0,1.0,0.0,0.9,2.0,5.2,9.7,20.6,63.6,388.2,0.422,0.423,0,500.0,0.0,1
22.5,90.5,2018-10-27,3.0,0.0,180.0,-0.0,5.0,0.0,0.72,2.5,3.99,11.01,17.73,43.51,127.5,0.316,0.411,4,61.7,4.09,0
27.8835,96.9262,2015-08-16,535.5,0.72,179.1,0.0,1.0,0.0,0.4,0.7,1.3,6.2,11.8,26.2,53.6,0.417,0.416,2,416.0,4.5,1
23.5,93.5,2021-01-30,1427.0,1.08,160.9,-2e-06,0.0,0.0,0.18,1.91,3.31,8.22,20.23,59.67,98.46,0.465,0.415,4,114.3,0.24,0
25.5,88.0,2013-04-21,33.0,0.31,86.5,1e-06,6.0,0.0,0.76,0.06,5.12,7.66,13.94,48.29,130.67,0.295,0.382,5,472.1,0.34,0
22.2009,92.2168,2011-08-08,535.5,0.72,179.1,0.0,1.0,0.0,0.8,0.9,0.9,5.7,11.9,40.1,74.2,0.423,0.423,2,154.0,4.3,1
28.5,89.5,2016-05-10,5172.0,0.67,188.3,-3e-06,4.0,0.0,0.08,1.74,0.98,1.59,7.35,19.15,50.97,0.344,0.453,2,158.0,4.7,0
25.5,90.0,2012-03-18,71.0,0.27,273.1,0.0,1.0,0.1429,0.02,1.58,1.9,11.02,20.35,27.68,138.27,0.356,0.296,2,31.9,6.05,0
26.5,92.0,2014-05-15,64.0,0.79,359.8,2e-06,1.0,0.0,0.16,2.44,4.86,3.65,6.66,62.69,44.09,0.391,0.342,4,227.4,1.57,0
25.5772,91.8666,2014-09-23,535.5,0.72,179.1,0.0,1.0,0.0,12.0,31.6,45.5,66.6,130.4,233.9,281.1,0.51,0.52,2,371.0,4.5,1
28.0,88.5,2012-02-11,5337.0,3.33,9.7,-5e-06,2.0,0.0,0.68,1.22,3.25,10.24,0.45,16.97,36.72,0.492,0.421,3,64.5,1.87,0
24.0,93.5,2018-08-13,1021.0,1.01,205.8,-1e-06,1.0,0.0408,0.48,1.56,3.59,1.7,15.14,22.76,122.28,0.368,0.311,3,334.2,6.06,0
29.0,93.0,2018-06-07,3846.0,0.63,305.8,4e-06,4.0,0.0,0.18,0.13,2.26,11.09,13.51,34.53,67.12,0.32,0.328,2,382.5,6.46,0
27.4,92.35,2008-10-29,535.5,0.72,179.1,0.0,1.0,0.0,0.0,0.2,0.3,1.6,12.2,126.7,132.6,0.409,0.412,0,500.0,0.0,1
25.5,88.5,2015-05-18,31.0,0.03,0.0,0.0,1.0,0.0,0.39,0.6,3.26,6.45,6.06,39.67,125.25,0.326,0.409,2,383.6,1.12,0
26.5,92.0,2022-04-10,64.0,0.79,359.8,2e-06,1.0,0.0,0.87,2.59,4.1,8.28,12.4,56.06,36.86,0.49,0.294,4,179.7,5.46,0
22.0,92.5,2019-11-12,677.0,0.79,251.9,-1e-06,1.0,0.0204,0.68,0.11,0.57,8.96,11.65,6.44,32.8,0.348,0.303,5,15.0,0.63,0
27.5,93.0,2020-10-26,777.0,2.77,7.5,6e-06,0.0,0.0408,0.16,2.37,1.84,3.74,13.37,66.11,52.95,0.334,0.415,5,178.2,3.98,0
27.0987,93.816,2015-06-09,535.5,0.72,179.1,0.0,1.0,0.0,0.6,2.8,8.4,19.2,43.3,84.2,148.7,0.507,0.511,0,500.0,0.0,1
26.0,89.0,2012-10-18,49.0,0.04,20.9,-0.0,5.0,0.0,0.82,1.53,4.99,5.83,21.33,29.6,124.86,0.435,0.303,4,82.3,1.73,0
25.6226,96.2946,2016-01-25,535.5,0.72,179.1,0.0,1.0,0.0,0.0,0.0,0.0,0.0,0.0,0.7,1.8,0.337,0.351,1,212.7,4.3,1
27.5,97.5,2019-05-08,719.0,3.47,22.9,6e-06,0.0,0.0,0.31,0.22,4.47,4.85,21.36,30.58,73.75,0.474,0.295,1,293.0,0.83,0
25.72,94.6219,2015-08-02,535.5,0.72,179.1,0.0,1.0,0.0,0.0,0.0,0.0,0.8,9.0,52.7,61.8,0.486,0.488,1,387.2,4.4,1
27.21898773,89.5187916,2010-05-21,535.5,0.72,179.1,0.0,1.0,0.0,0.2,0.4,0.5,1.4,7.5,39.1,45.2,0.392,0.378,0,500.0,0.0,1
25.0,96.0,2010-07-03,310.0,0.11,189.7,-0.0,0.0,0.0,0.4,2.02,4.18,3.12,3.26,59.55,25.13,0.346,0.426,2,184.5,4.03,0
25.5,90.0,2014-09-16,71.0,0.27,273.1,0.0,1.0,0.1429,0.71,0.8,2.68,3.66,0.15,48.64,61.29,0.447,0.423,0,417.7,1.26,0
28.0,97.0,2015-02-19,2477.0,1.38,233.9,0.0,0.0,0.0,0.48,2.31,5.25,6.92,13.89,31.74,139.21,0.463,0.388,5,299.6,1.89,0
29.5,94.5,2012-10-24,4324.0,1.86,154.5,-8e-06,2.0,0.0,0.52,1.44,1.21,4.65,11.84,60.52,45.29,0.394,0.389,0,367.7,4.79,0
27.0,91.0,2011-10-03,1799.0,4.13,353.0,-1e-06,2.0,0.0,0.21,1.1,2.64,8.64,17.38,42.43,114.43,0.463,0.494,2,243.2,3.92,0
26.0,88.0,2020-09-21,47.0,0.3,72.6,1e-06,1.0,0.0,0.82,2.59,3.2,5.77,15.61,47.08,23.3,0.302,0.32,1,479.1,3.91,0
23.5,96.5,2018-03-27,188.0,1.55,185.8,2e-06,1.0,0.0204,0.55,1.15,1.15,10.13,3.19,10.74,111.06,0.368,0.382,1,131.4,4.19,0
28.5,96.0,2009-06-13,4116.0,3.91,339.5,-8e-06,4.0,0.0408,0.86,0.05,2.0,8.82,7.57,26.2,115.67,0.308,0.3,1,187.4,1.29,0
24.5,92.5,2020-04-23,75.0,0.76,199.2,1e-06,1.0,0.1429,0.77,1.23,3.69,2.09,15.28,9.67,124.48,0.501,0.381,4,121.5,0.73,0
